"outlet_domain","articles"
"dailymaverick.co.za","28"
"timeslive.co.za","25"
"floodlist.com","23"
"news24.com","16"
"citizen.co.za","10"
"groundup.org.za","8"
"ewn.co.za","8"
"sanews.gov.za","7"
"sabcnews.com","7"
"iol.co.za","7"
"aljazeera.com","6"
"witness.co.za","6"
"watchers.news","6"
"sowetan.co.za","4"
"capetownetc.com","3"
"mg.co.za","3"
"polity.org.za","2"
"briefly.co.za","2"
"ecr.co.za","2"
"capetimes.co.za","2"
"africanews.com","2"
"enca.com","2"
"thedailybeast.com","1"
"algoafm.co.za","1"
"dailydispatch.co.za","1"
"georgeherald.com","1"
"joburgetc.com","1"
"voanews.com","1"
"foxnews.com","1"
"theconversation.com","1"
"insidepolitic.co.za","1"
"allafrica.com","1"
"jacarandafm.com","1"
"clubofmozambique.com","1"
"theherald.co.za","1"
"gov.za","1"
"za.headtopics.com","1"
"thepresidency.gov.za","1"
"en.wikipedia.org","1"
"newcastillian.com","1"
"pmg.org.za","1"
"thestar.co.za","1"
