"article_id","event_id","event","event_date","provinces","deaths","deaths_text","url","outlet_domain"
"2016-07-cape-kzn-winter-storm#1","2016-07-cape-kzn-winter-storm","Cape Town and KwaZulu-Natal winter storm floods","2016-07-23","Western Cape; KwaZulu-Natal; Gauteng","7","5 confirmed by KZN CoGTA; possibly 7 (2 more reported by SABC)","https://www.aljazeera.com/amp/news/2016/7/26/winter-cold-brings-floods-and-snow-to-south-africa","aljazeera.com"
"2016-07-cape-kzn-winter-storm#2","2016-07-cape-kzn-winter-storm","Cape Town and KwaZulu-Natal winter storm floods","2016-07-23","Western Cape; KwaZulu-Natal; Gauteng","7","5 confirmed by KZN CoGTA; possibly 7 (2 more reported by SABC)","https://www.timeslive.co.za/news/south-africa/2016-07-27-400-displaced-after-freak-tornado-leaves-trail-of-destruction-in-gauteng/","timeslive.co.za"
"2016-07-cape-kzn-winter-storm#3","2016-07-cape-kzn-winter-storm","Cape Town and KwaZulu-Natal winter storm floods","2016-07-23","Western Cape; KwaZulu-Natal; Gauteng","7","5 confirmed by KZN CoGTA; possibly 7 (2 more reported by SABC)","https://floodlist.com/africa/south-africa-floods-cape-town-durban-july-2016","floodlist.com"
"2017-02-ex-dineo-floods#1","2017-02-ex-dineo-floods","Ex-Tropical Cyclone Dineo and persistent rain floods (North West, KZN, Mpumalanga, Limpopo)","2017-02-16","North West; KwaZulu-Natal; Mpumalanga; Limpopo; Gauteng","3","at least 3 (a boy drowned crossing a stream in Loporung; 2 died when their vehicle was swept away in Lemenong)","https://www.news24.com/pics-heavy-rain-flooding-as-ex-dineo-sweeps-over-sa-20170217","news24.com"
"2017-02-ex-dineo-floods#2","2017-02-ex-dineo-floods","Ex-Tropical Cyclone Dineo and persistent rain floods (North West, KZN, Mpumalanga, Limpopo)","2017-02-16","North West; KwaZulu-Natal; Mpumalanga; Limpopo; Gauteng","3","at least 3 (a boy drowned crossing a stream in Loporung; 2 died when their vehicle was swept away in Lemenong)","https://floodlist.com/africa/south-africa-floods-february-2017","floodlist.com"
"2017-02-ex-dineo-floods#3","2017-02-ex-dineo-floods","Ex-Tropical Cyclone Dineo and persistent rain floods (North West, KZN, Mpumalanga, Limpopo)","2017-02-16","North West; KwaZulu-Natal; Mpumalanga; Limpopo; Gauteng","3","at least 3 (a boy drowned crossing a stream in Loporung; 2 died when their vehicle was swept away in Lemenong)","https://watchers.news/2017/02/24/dineo-south-africa-flooding-february-2017/","watchers.news"
"2017-05-kzn-floods#1","2017-05-kzn-floods","KwaZulu-Natal floods (Durban, Richards Bay, South Coast)","2017-05-14","KwaZulu-Natal","1","1 feared dead (40-year-old teacher, Nquthu)","https://floodlist.com/africa/south-africa-floods-kwazulu-natal-may-2017","floodlist.com"
"2017-05-kzn-floods#2","2017-05-kzn-floods","KwaZulu-Natal floods (Durban, Richards Bay, South Coast)","2017-05-14","KwaZulu-Natal","1","1 feared dead (40-year-old teacher, Nquthu)","https://www.timeslive.co.za/news/south-africa/2017-05-15-search-on-for-missing-teacher-as-kzn-floods-worsen/","timeslive.co.za"
"2017-10-durban-supercell-storm#1","2017-10-durban-supercell-storm","Durban / KZN supercell storm and record-rain floods","2017-10-09","KwaZulu-Natal; Gauteng","8","8 (FloodList, KZN government) to at least 9 (TimesLIVE)","https://www.timeslive.co.za/news/south-africa/2017-10-11-kzn-storm-tragedy-displays-of-bravery-and-acts-of-compassion-when-floods-hit/","timeslive.co.za"
"2017-10-durban-supercell-storm#2","2017-10-durban-supercell-storm","Durban / KZN supercell storm and record-rain floods","2017-10-09","KwaZulu-Natal; Gauteng","8","8 (FloodList, KZN government) to at least 9 (TimesLIVE)","https://www.news24.com/southafrica/news/live-weather-update-on-storms-over-gauteng-and-durban-20171012","news24.com"
"2017-10-durban-supercell-storm#3","2017-10-durban-supercell-storm","Durban / KZN supercell storm and record-rain floods","2017-10-09","KwaZulu-Natal; Gauteng","8","8 (FloodList, KZN government) to at least 9 (TimesLIVE)","https://www.news24.com/southafrica/news/live-massive-storm-hits-durban-causes-flooding-chaos-20171010","news24.com"
"2017-10-durban-supercell-storm#4","2017-10-durban-supercell-storm","Durban / KZN supercell storm and record-rain floods","2017-10-09","KwaZulu-Natal; Gauteng","8","8 (FloodList, KZN government) to at least 9 (TimesLIVE)","https://www.gov.za/news/media-statements/kwazulu-natal-impact-mega-storm-11-oct-2017","gov.za"
"2017-10-durban-supercell-storm#5","2017-10-durban-supercell-storm","Durban / KZN supercell storm and record-rain floods","2017-10-09","KwaZulu-Natal; Gauteng","8","8 (FloodList, KZN government) to at least 9 (TimesLIVE)","https://www.aljazeera.com/news/2017/10/12/picking-up-the-pieces-after-horrific-durban-storm","aljazeera.com"
"2019-03-durban-inanda#1","2019-03-durban-inanda","Durban (Inanda/Verulam/KwaMashu) flash floods","2019-03-11","KwaZulu-Natal","3","at least 3","https://floodlist.com/africa/south-africa-floods-kwazulu-natal-march-2019","floodlist.com"
"2019-03-durban-inanda#2","2019-03-durban-inanda","Durban (Inanda/Verulam/KwaMashu) flash floods","2019-03-11","KwaZulu-Natal","3","at least 3","https://za.headtopics.com/another-body-recovered-following-durban-flooding-4694264","za.headtopics.com"
"2019-04-easter-floods-kzn-ec#1","2019-04-easter-floods-kzn-ec","Durban / KZN & Eastern Cape Easter floods (cut-off low / upper trough)","2019-04-18","KwaZulu-Natal; Eastern Cape; Free State","87","85-87 (87 across KZN, EC and Free State per NDMC/Cogta; 71 in KZN); earlier counts 21, 32, 51, 60+, 70; Daily Maverick cites 64 in eThekwini","https://www.aljazeera.com/news/2019/4/24/more-than-60-dead-in-south-africa-floods","aljazeera.com"
"2019-04-easter-floods-kzn-ec#2","2019-04-easter-floods-kzn-ec","Durban / KZN & Eastern Cape Easter floods (cut-off low / upper trough)","2019-04-18","KwaZulu-Natal; Eastern Cape; Free State","87","85-87 (87 across KZN, EC and Free State per NDMC/Cogta; 71 in KZN); earlier counts 21, 32, 51, 60+, 70; Daily Maverick cites 64 in eThekwini","https://groundup.org.za/article/protest-after-informal-settlement-flooded-durban/","groundup.org.za"
"2019-04-easter-floods-kzn-ec#3","2019-04-easter-floods-kzn-ec","Durban / KZN & Eastern Cape Easter floods (cut-off low / upper trough)","2019-04-18","KwaZulu-Natal; Eastern Cape; Free State","87","85-87 (87 across KZN, EC and Free State per NDMC/Cogta; 71 in KZN); earlier counts 21, 32, 51, 60+, 70; Daily Maverick cites 64 in eThekwini","https://www.theherald.co.za/news/2019-04-24-heavy-rains-deadly-toll/","theherald.co.za"
"2019-04-easter-floods-kzn-ec#4","2019-04-easter-floods-kzn-ec","Durban / KZN & Eastern Cape Easter floods (cut-off low / upper trough)","2019-04-18","KwaZulu-Natal; Eastern Cape; Free State","87","85-87 (87 across KZN, EC and Free State per NDMC/Cogta; 71 in KZN); earlier counts 21, 32, 51, 60+, 70; Daily Maverick cites 64 in eThekwini","https://www.sanews.gov.za/south-africa/heavy-rains-kzn-claim-21-lives","sanews.gov.za"
"2019-04-easter-floods-kzn-ec#5","2019-04-easter-floods-kzn-ec","Durban / KZN & Eastern Cape Easter floods (cut-off low / upper trough)","2019-04-18","KwaZulu-Natal; Eastern Cape; Free State","87","85-87 (87 across KZN, EC and Free State per NDMC/Cogta; 71 in KZN); earlier counts 21, 32, 51, 60+, 70; Daily Maverick cites 64 in eThekwini","https://www.sanews.gov.za/south-africa/provincial-disaster-declared-flood-stricken-kzn","sanews.gov.za"
"2019-04-easter-floods-kzn-ec#6","2019-04-easter-floods-kzn-ec","Durban / KZN & Eastern Cape Easter floods (cut-off low / upper trough)","2019-04-18","KwaZulu-Natal; Eastern Cape; Free State","87","85-87 (87 across KZN, EC and Free State per NDMC/Cogta; 71 in KZN); earlier counts 21, 32, 51, 60+, 70; Daily Maverick cites 64 in eThekwini","https://www.polity.org.za/article/kzn-floods-in-durban-2019-04-23","polity.org.za"
"2019-04-easter-floods-kzn-ec#7","2019-04-easter-floods-kzn-ec","Durban / KZN & Eastern Cape Easter floods (cut-off low / upper trough)","2019-04-18","KwaZulu-Natal; Eastern Cape; Free State","87","85-87 (87 across KZN, EC and Free State per NDMC/Cogta; 71 in KZN); earlier counts 21, 32, 51, 60+, 70; Daily Maverick cites 64 in eThekwini","https://www.dailymaverick.co.za/article/2019-05-24-durban-floods-an-open-letter-to-president-cyril-ramaphosa/","dailymaverick.co.za"
"2019-11-durban-mpolweni-storms#1","2019-11-durban-mpolweni-storms","Durban storms and floods / Mpolweni tornado","2019-11-11","KwaZulu-Natal","4","4 (2 in Inanda wall collapse; 2 in Mpolweni tornado)","https://floodlist.com/africa/south-africa-floods-durban-november-2019","floodlist.com"
"2019-11-durban-mpolweni-storms#2","2019-11-durban-mpolweni-storms","Durban storms and floods / Mpolweni tornado","2019-11-11","KwaZulu-Natal","4","4 (2 in Inanda wall collapse; 2 in Mpolweni tornado)","https://www.dailymaverick.co.za/article/2019-11-13-scores-injured-houses-destroyed-in-pietermaritzburg-tornado/","dailymaverick.co.za"
"2019-11-durban-mpolweni-storms#3","2019-11-durban-mpolweni-storms","Durban storms and floods / Mpolweni tornado","2019-11-11","KwaZulu-Natal","4","4 (2 in Inanda wall collapse; 2 in Mpolweni tornado)","https://www.timeslive.co.za/news/south-africa/2019-11-13-two-dead-scores-injured-after-tornado-strikes-kzn/","timeslive.co.za"
"2019-11-durban-mpolweni-storms#4","2019-11-durban-mpolweni-storms","Durban storms and floods / Mpolweni tornado","2019-11-11","KwaZulu-Natal","4","4 (2 in Inanda wall collapse; 2 in Mpolweni tornado)","https://witness.co.za/news/2019/11/14/picking-up-the-pieces-after-lethal-tornado-20191114/","witness.co.za"
"2020-02-kzn-nonoti#1","2020-02-kzn-nonoti","KZN flash floods (Nonoti drowning)","2020-02-22","KwaZulu-Natal","1","1 (28-year-old woman swept away after vehicle washed off low-lying bridge)","https://floodlist.com/africa/south-africa-lash-floods-kwazulunatal-february-2020","floodlist.com"
"2020-02-kzn-nonoti#2","2020-02-kzn-nonoti","KZN flash floods (Nonoti drowning)","2020-02-22","KwaZulu-Natal","1","1 (28-year-old woman swept away after vehicle washed off low-lying bridge)","https://www.timeslive.co.za/news/south-africa/2020-02-24-in-pictures-storms-wreak-havoc-across-kzn/","timeslive.co.za"
"2020-02-kzn-nonoti#3","2020-02-kzn-nonoti","KZN flash floods (Nonoti drowning)","2020-02-22","KwaZulu-Natal","1","1 (28-year-old woman swept away after vehicle washed off low-lying bridge)","https://www.news24.com/News24/watch-1-woman-killed-after-floods-wash-away-cars-on-kzns-north-coast-20200223","news24.com"
"2020-02-kzn-nonoti#4","2020-02-kzn-nonoti","KZN flash floods (Nonoti drowning)","2020-02-22","KwaZulu-Natal","1","1 (28-year-old woman swept away after vehicle washed off low-lying bridge)","https://watchers.news/2020/02/25/destructive-storms-hit-kwazulu-natal-south-africa/","watchers.news"
"2020-11-umlazi-hammanskraal#1","2020-11-umlazi-hammanskraal","Umlazi and Tshwane/Hammanskraal flash floods","2020-11-20","KwaZulu-Natal; Gauteng; Free State","4","4 (1 swept away crossing river in Umlazi; 3 young people died in a storm-water trench in Hammanskraal)","https://floodlist.com/africa/south-africa-floods-kwazulunatal-gauteng-november-2020","floodlist.com"
"2020-11-umlazi-hammanskraal#2","2020-11-umlazi-hammanskraal","Umlazi and Tshwane/Hammanskraal flash floods","2020-11-20","KwaZulu-Natal; Gauteng; Free State","4","4 (1 swept away crossing river in Umlazi; 3 young people died in a storm-water trench in Hammanskraal)","https://capetimes.co.za/pretoria-news/news/2020-11-23-tragedy-strikes-in-hammanskraal-as-3-young-boys-drown-in-waterlogged-trench-after-downpours/","capetimes.co.za"
"2020-11-umlazi-hammanskraal#3","2020-11-umlazi-hammanskraal","Umlazi and Tshwane/Hammanskraal flash floods","2020-11-20","KwaZulu-Natal; Gauteng; Free State","4","4 (1 swept away crossing river in Umlazi; 3 young people died in a storm-water trench in Hammanskraal)","https://www.jacarandafm.com/news/news/bodies-3-boys-found-hammanskraal-stormwater-trench/","jacarandafm.com"
"2021-01-eloise-limpopo-mpumalanga#1","2021-01-eloise-limpopo-mpumalanga","Tropical Storm Eloise floods","2021-01-22","Limpopo; Mpumalanga; KwaZulu-Natal; North West; Northern Cape","10","at least 10 in South Africa, 7 missing (Wikipedia); Mpumalanga govt confirmed 10 deaths on 4 Feb for 25-31 Jan rains","https://www.sowetan.co.za/news/south-africa/2021-01-25-people-put-on-high-alert-as-cyclone-eloise-lands/","sowetan.co.za"
"2021-01-eloise-limpopo-mpumalanga#2","2021-01-eloise-limpopo-mpumalanga","Tropical Storm Eloise floods","2021-01-22","Limpopo; Mpumalanga; KwaZulu-Natal; North West; Northern Cape","10","at least 10 in South Africa, 7 missing (Wikipedia); Mpumalanga govt confirmed 10 deaths on 4 Feb for 25-31 Jan rains","https://www.sowetan.co.za/news/south-africa/2021-01-26-tshakhuma-reels-after-eloise-hits-village/","sowetan.co.za"
"2021-01-eloise-limpopo-mpumalanga#3","2021-01-eloise-limpopo-mpumalanga","Tropical Storm Eloise floods","2021-01-22","Limpopo; Mpumalanga; KwaZulu-Natal; North West; Northern Cape","10","at least 10 in South Africa, 7 missing (Wikipedia); Mpumalanga govt confirmed 10 deaths on 4 Feb for 25-31 Jan rains","https://www.timeslive.co.za/news/south-africa/2021-01-25-we-could-have-died-says-limpopo-man-after-storm-eloise-ravages-village/","timeslive.co.za"
"2021-01-eloise-limpopo-mpumalanga#4","2021-01-eloise-limpopo-mpumalanga","Tropical Storm Eloise floods","2021-01-22","Limpopo; Mpumalanga; KwaZulu-Natal; North West; Northern Cape","10","at least 10 in South Africa, 7 missing (Wikipedia); Mpumalanga govt confirmed 10 deaths on 4 Feb for 25-31 Jan rains","https://www.citizen.co.za/news/south-africa/2431226/cyclone-eloise-death-toll-in-sa-rises-to-four/","citizen.co.za"
"2021-01-eloise-limpopo-mpumalanga#5","2021-01-eloise-limpopo-mpumalanga","Tropical Storm Eloise floods","2021-01-22","Limpopo; Mpumalanga; KwaZulu-Natal; North West; Northern Cape","10","at least 10 in South Africa, 7 missing (Wikipedia); Mpumalanga govt confirmed 10 deaths on 4 Feb for 25-31 Jan rains","https://www.citizen.co.za/lowvelder/news-headlines/local-news/2021/02/04/death-toll-continues-to-rise-as-a-result-of-flooding-in-mpumalanga/","citizen.co.za"
"2021-01-eloise-limpopo-mpumalanga#6","2021-01-eloise-limpopo-mpumalanga","Tropical Storm Eloise floods","2021-01-22","Limpopo; Mpumalanga; KwaZulu-Natal; North West; Northern Cape","10","at least 10 in South Africa, 7 missing (Wikipedia); Mpumalanga govt confirmed 10 deaths on 4 Feb for 25-31 Jan rains","https://floodlist.com/africa/storm-eloise-floods-mozambique-zimbabwe-southafrica-january-2021","floodlist.com"
"2021-01-eloise-limpopo-mpumalanga#7","2021-01-eloise-limpopo-mpumalanga","Tropical Storm Eloise floods","2021-01-22","Limpopo; Mpumalanga; KwaZulu-Natal; North West; Northern Cape","10","at least 10 in South Africa, 7 missing (Wikipedia); Mpumalanga govt confirmed 10 deaths on 4 Feb for 25-31 Jan rains","https://floodlist.com/africa/south-africa-floods-january-february-2021","floodlist.com"
"2021-01-eloise-limpopo-mpumalanga#8","2021-01-eloise-limpopo-mpumalanga","Tropical Storm Eloise floods","2021-01-22","Limpopo; Mpumalanga; KwaZulu-Natal; North West; Northern Cape","10","at least 10 in South Africa, 7 missing (Wikipedia); Mpumalanga govt confirmed 10 deaths on 4 Feb for 25-31 Jan rains","https://www.citizen.co.za/mpumalanga-news/man-is-feared-to-have-drowned-after-torrential-rain-in-kanyamazane/","citizen.co.za"
"2021-02-mpumalanga-kzn-limpopo-floods#1","2021-02-mpumalanga-kzn-limpopo-floods","Continued February rains: Mpumalanga, KZN (Ladysmith) and Limpopo floods","2021-02-04","Mpumalanga; KwaZulu-Natal; Limpopo; Gauteng",,"Mpumalanga 8 dead + 5 missing (~7-8 Feb); KZN 8 dead (reported 11 Feb); Limpopo at least 10 dead + 7 missing (13 Feb, Vhembe, Waterberg, Sekhukhune, Capricorn districts); FloodList total 'over 30' for Jan-Feb including Eloise and Northern Cape; parliament briefing 54 dead for whole period","https://clubofmozambique.com/news/south-africa-search-operations-in-mpumalanga-under-way-after-8-people-drowned-5-missing-183746/","clubofmozambique.com"
"2021-02-mpumalanga-kzn-limpopo-floods#2","2021-02-mpumalanga-kzn-limpopo-floods","Continued February rains: Mpumalanga, KZN (Ladysmith) and Limpopo floods","2021-02-04","Mpumalanga; KwaZulu-Natal; Limpopo; Gauteng",,"Mpumalanga 8 dead + 5 missing (~7-8 Feb); KZN 8 dead (reported 11 Feb); Limpopo at least 10 dead + 7 missing (13 Feb, Vhembe, Waterberg, Sekhukhune, Capricorn districts); FloodList total 'over 30' for Jan-Feb including Eloise and Northern Cape; parliament briefing 54 dead for whole period","https://www.citizen.co.za/news/south-africa/limpopo-floods-more-than-10-drown-seven-missing/","citizen.co.za"
"2021-02-mpumalanga-kzn-limpopo-floods#3","2021-02-mpumalanga-kzn-limpopo-floods","Continued February rains: Mpumalanga, KZN (Ladysmith) and Limpopo floods","2021-02-04","Mpumalanga; KwaZulu-Natal; Limpopo; Gauteng",,"Mpumalanga 8 dead + 5 missing (~7-8 Feb); KZN 8 dead (reported 11 Feb); Limpopo at least 10 dead + 7 missing (13 Feb, Vhembe, Waterberg, Sekhukhune, Capricorn districts); FloodList total 'over 30' for Jan-Feb including Eloise and Northern Cape; parliament briefing 54 dead for whole period","https://floodlist.com/africa/south-africa-floods-january-february-2021","floodlist.com"
"2021-02-mpumalanga-kzn-limpopo-floods#4","2021-02-mpumalanga-kzn-limpopo-floods","Continued February rains: Mpumalanga, KZN (Ladysmith) and Limpopo floods","2021-02-04","Mpumalanga; KwaZulu-Natal; Limpopo; Gauteng",,"Mpumalanga 8 dead + 5 missing (~7-8 Feb); KZN 8 dead (reported 11 Feb); Limpopo at least 10 dead + 7 missing (13 Feb, Vhembe, Waterberg, Sekhukhune, Capricorn districts); FloodList total 'over 30' for Jan-Feb including Eloise and Northern Cape; parliament briefing 54 dead for whole period","https://pmg.org.za/committee-meeting/32747/","pmg.org.za"
"2022-01-kzn-ladysmith-vaal#1","2022-01-kzn-ladysmith-vaal","Ladysmith/Msinga floods and Vaal River dam-release flooding","2022-01-15","KwaZulu-Natal; North West","1","1 (Ezakheni); 14-year-old Sihle Ziqubu believed drowned in Klip River; 25 weather deaths in KZN since early December (cumulative)","https://www.dailymaverick.co.za/article/2022-01-19-search-continues-for-teen-boy-as-rain-battered-ladysmith-counts-cost-of-floods/","dailymaverick.co.za"
"2022-01-kzn-ladysmith-vaal#2","2022-01-kzn-ladysmith-vaal","Ladysmith/Msinga floods and Vaal River dam-release flooding","2022-01-15","KwaZulu-Natal; North West","1","1 (Ezakheni); 14-year-old Sihle Ziqubu believed drowned in Klip River; 25 weather deaths in KZN since early December (cumulative)","https://www.polity.org.za/article/da-calls-for-an-independent-investigation-following-ladysmith-flooding-2022-01-18","polity.org.za"
"2022-01-kzn-ladysmith-vaal#3","2022-01-kzn-ladysmith-vaal","Ladysmith/Msinga floods and Vaal River dam-release flooding","2022-01-15","KwaZulu-Natal; North West","1","1 (Ezakheni); 14-year-old Sihle Ziqubu believed drowned in Klip River; 25 weather deaths in KZN since early December (cumulative)","https://floodlist.com/africa/south-africa-floods-kzn-north-west-province-january-2022","floodlist.com"
"2022-01-kzn-ladysmith-vaal#4","2022-01-kzn-ladysmith-vaal","Ladysmith/Msinga floods and Vaal River dam-release flooding","2022-01-15","KwaZulu-Natal; North West","1","1 (Ezakheni); 14-year-old Sihle Ziqubu believed drowned in Klip River; 25 weather deaths in KZN since early December (cumulative)","https://thestar.co.za/mercury/news/2022-01-18-ladysmith-cbd-under-water-residents-say-they-were-left-with-nothing-and-describe-damage-after-floods/","thestar.co.za"
"2022-01-kzn-ladysmith-vaal#5","2022-01-kzn-ladysmith-vaal","Ladysmith/Msinga floods and Vaal River dam-release flooding","2022-01-15","KwaZulu-Natal; North West","1","1 (Ezakheni); 14-year-old Sihle Ziqubu believed drowned in Klip River; 25 weather deaths in KZN since early December (cumulative)","https://newcastillian.com/2022/01/17/ladysmith-residents-evacuated-as-flooding-worsens/","newcastillian.com"
"2022-04-kzn-megaflood#1","2022-04-kzn-megaflood","April 2022 KwaZulu-Natal floods (eThekwini mega-flood)","2022-04-08","KwaZulu-Natal; Eastern Cape","435","435-459 (435/436 official Wikipedia; 443 widely reported; 448 ECHO; 459 KZN Cogta later)","https://www.dailymaverick.co.za/article/2022-04-12-tragedy-in-kzn-as-floods-cause-devastation-mostly-for-the-poor-in-informal-settlements/","dailymaverick.co.za"
"2022-04-kzn-megaflood#2","2022-04-kzn-megaflood","April 2022 KwaZulu-Natal floods (eThekwini mega-flood)","2022-04-08","KwaZulu-Natal; Eastern Cape","435","435-459 (435/436 official Wikipedia; 443 widely reported; 448 ECHO; 459 KZN Cogta later)","https://www.dailymaverick.co.za/article/2022-04-12-could-the-kzn-flooding-disaster-have-been-mitigated-by-a-better-early-warning-system/","dailymaverick.co.za"
"2022-04-kzn-megaflood#3","2022-04-kzn-megaflood","April 2022 KwaZulu-Natal floods (eThekwini mega-flood)","2022-04-08","KwaZulu-Natal; Eastern Cape","435","435-459 (435/436 official Wikipedia; 443 widely reported; 448 ECHO; 459 KZN Cogta later)","https://www.dailymaverick.co.za/article/2022-04-14-devastated-kzn-communities-search-for-family-members-swept-away-by-floodwaters/","dailymaverick.co.za"
"2022-04-kzn-megaflood#4","2022-04-kzn-megaflood","April 2022 KwaZulu-Natal floods (eThekwini mega-flood)","2022-04-08","KwaZulu-Natal; Eastern Cape","435","435-459 (435/436 official Wikipedia; 443 widely reported; 448 ECHO; 459 KZN Cogta later)","https://www.news24.com/southafrica/news/kzn-floods-even-if-we-had-systems-in-place-we-are-merely-human-beings-says-premier-zikalala-20220421","news24.com"
"2022-04-kzn-megaflood#5","2022-04-kzn-megaflood","April 2022 KwaZulu-Natal floods (eThekwini mega-flood)","2022-04-08","KwaZulu-Natal; Eastern Cape","435","435-459 (435/436 official Wikipedia; 443 widely reported; 448 ECHO; 459 KZN Cogta later)","https://www.dailymaverick.co.za/article/2022-06-07-kzn-floods-early-warning-not-enough-climate-hazard-literacy-key-experts/","dailymaverick.co.za"
"2022-04-kzn-megaflood#6","2022-04-kzn-megaflood","April 2022 KwaZulu-Natal floods (eThekwini mega-flood)","2022-04-08","KwaZulu-Natal; Eastern Cape","435","435-459 (435/436 official Wikipedia; 443 widely reported; 448 ECHO; 459 KZN Cogta later)","https://mg.co.za/news/south-africa/2022-04-13-ramaphosa-promises-aid-to-families-devastated-by-kwazulu-natal-floods/","mg.co.za"
"2022-05-kzn-repeat#1","2022-05-kzn-repeat","May 2022 KwaZulu-Natal floods (repeat event)","2022-05-20","KwaZulu-Natal",,"at least 2 (per secondary summary of media reports; not confirmed in provincial statement)","https://floodlist.com/africa/south-africa-floodi-kwazulu-natal-may-2022","floodlist.com"
"2022-05-kzn-repeat#2","2022-05-kzn-repeat","May 2022 KwaZulu-Natal floods (repeat event)","2022-05-20","KwaZulu-Natal",,"at least 2 (per secondary summary of media reports; not confirmed in provincial statement)","https://www.timeslive.co.za/news/south-africa/2022-05-23-from-weather-warnings-to-infrastructure-damage-a-brief-timeline-of-the-latest-floods-in-kzn/","timeslive.co.za"
"2022-05-kzn-repeat#3","2022-05-kzn-repeat","May 2022 KwaZulu-Natal floods (repeat event)","2022-05-20","KwaZulu-Natal",,"at least 2 (per secondary summary of media reports; not confirmed in provincial statement)","https://www.dailymaverick.co.za/article/2022-05-22-umdloti-flats-collapse-at-first-it-sounded-like-thunder-but-then/","dailymaverick.co.za"
"2022-05-kzn-repeat#4","2022-05-kzn-repeat","May 2022 KwaZulu-Natal floods (repeat event)","2022-05-20","KwaZulu-Natal",,"at least 2 (per secondary summary of media reports; not confirmed in provincial statement)","https://capetimes.co.za/dailynews/news/kwazulu-natal/2022-05-24-mop-up-operations-under-way-after-second-wave-of-floods-in-kzn/","capetimes.co.za"
"2022-05-kzn-repeat#5","2022-05-kzn-repeat","May 2022 KwaZulu-Natal floods (repeat event)","2022-05-20","KwaZulu-Natal",,"at least 2 (per secondary summary of media reports; not confirmed in provincial statement)","https://briefly.co.za/south-africa/127606-kzn-floods-residents-evacuated-families-relocating-deaths-6-weeks/","briefly.co.za"
"2022-09-jagersfontein-tailings#1","2022-09-jagersfontein-tailings","Jagersfontein mine tailings dam collapse flood","2022-09-11","Free State","3","3 dead, 4 missing (FloodList, 12 Sep)","https://floodlist.com/africa/south-africa-mining-dam-jagersfontein-september-2022","floodlist.com"
"2022-09-jagersfontein-tailings#2","2022-09-jagersfontein-tailings","Jagersfontein mine tailings dam collapse flood","2022-09-11","Free State","3","3 dead, 4 missing (FloodList, 12 Sep)","https://www.news24.com/southafrica/news/we-wont-abandon-you-ramaphosa-stunned-by-jagersfontein-damage-promises-to-provide-support-20220913","news24.com"
"2022-09-jagersfontein-tailings#3","2022-09-jagersfontein-tailings","Jagersfontein mine tailings dam collapse flood","2022-09-11","Free State","3","3 dead, 4 missing (FloodList, 12 Sep)","https://www.enca.com/news/ramaphosa-visit-jagersfontein-after-dam-wall-collapse","enca.com"
"2023-02-national-disaster-floods#1","2023-02-national-disaster-floods","February 2023 La Nina floods - national state of disaster (7 provinces)","2023-02-02","Mpumalanga; Eastern Cape; Gauteng; KwaZulu-Natal; Limpopo; Northern Cape; North West",,"at least 12 in first half of February (ECHO); DM 14 Feb: Mpumalanga 3, Limpopo 2, KZN 3; Wikipedia: at least 12 plus 2 in KSD and 1 in Komani","https://www.dailymaverick.co.za/article/2023-02-14-flood-disaster-provinces-record-mounting-death-destruction/","dailymaverick.co.za"
"2023-02-national-disaster-floods#2","2023-02-national-disaster-floods","February 2023 La Nina floods - national state of disaster (7 provinces)","2023-02-02","Mpumalanga; Eastern Cape; Gauteng; KwaZulu-Natal; Limpopo; Northern Cape; North West",,"at least 12 in first half of February (ECHO); DM 14 Feb: Mpumalanga 3, Limpopo 2, KZN 3; Wikipedia: at least 12 plus 2 in KSD and 1 in Komani","https://www.thepresidency.gov.za/government-declares-national-state-disaster-enable-intensive-response-widespread-floods","thepresidency.gov.za"
"2023-02-national-disaster-floods#3","2023-02-national-disaster-floods","February 2023 La Nina floods - national state of disaster (7 provinces)","2023-02-02","Mpumalanga; Eastern Cape; Gauteng; KwaZulu-Natal; Limpopo; Northern Cape; North West",,"at least 12 in first half of February (ECHO); DM 14 Feb: Mpumalanga 3, Limpopo 2, KZN 3; Wikipedia: at least 12 plus 2 in KSD and 1 in Komani","https://floodlist.com/africa/south-africa-floods-update-feberuary-2023","floodlist.com"
"2023-02-national-disaster-floods#4","2023-02-national-disaster-floods","February 2023 La Nina floods - national state of disaster (7 provinces)","2023-02-02","Mpumalanga; Eastern Cape; Gauteng; KwaZulu-Natal; Limpopo; Northern Cape; North West",,"at least 12 in first half of February (ECHO); DM 14 Feb: Mpumalanga 3, Limpopo 2, KZN 3; Wikipedia: at least 12 plus 2 in KSD and 1 in Komani","https://en.wikipedia.org/wiki/2023_South_Africa_floods","en.wikipedia.org"
"2023-06-kzn-ethekwini-landspout#1","2023-06-kzn-ethekwini-landspout","KZN floods and landspout (eThekwini, Ugu)","2023-06-27","KwaZulu-Natal","7","4 confirmed early 29 Jun; 7 (News24 30 Jun, Al Jazeera)","https://www.news24.com/southafrica/news/kzn-flooding-death-toll-rises-to-7-20230630","news24.com"
"2023-06-kzn-ethekwini-landspout#2","2023-06-kzn-ethekwini-landspout","KZN floods and landspout (eThekwini, Ugu)","2023-06-27","KwaZulu-Natal","7","4 confirmed early 29 Jun; 7 (News24 30 Jun, Al Jazeera)","https://www.news24.com/southafrica/news/kzn-tornado-death-toll-rises-to-four-one-person-missing-many-others-homeless-20230629","news24.com"
"2023-06-kzn-ethekwini-landspout#3","2023-06-kzn-ethekwini-landspout","KZN floods and landspout (eThekwini, Ugu)","2023-06-27","KwaZulu-Natal","7","4 confirmed early 29 Jun; 7 (News24 30 Jun, Al Jazeera)","https://www.aljazeera.com/news/2023/6/29/four-dead-one-missing-after-heavy-rain-tornado-in-south-africa","aljazeera.com"
"2023-06-kzn-ethekwini-landspout#4","2023-06-kzn-ethekwini-landspout","KZN floods and landspout (eThekwini, Ugu)","2023-06-27","KwaZulu-Natal","7","4 confirmed early 29 Jun; 7 (News24 30 Jun, Al Jazeera)","https://floodlist.com/africa/south-africa-floods-kwazulu-natal-june-2023","floodlist.com"
"2023-06-kzn-ethekwini-landspout#5","2023-06-kzn-ethekwini-landspout","KZN floods and landspout (eThekwini, Ugu)","2023-06-27","KwaZulu-Natal","7","4 confirmed early 29 Jun; 7 (News24 30 Jun, Al Jazeera)","https://www.dailymaverick.co.za/article/2023-06-28-durban-tornado-terror-one-moment-i-was-inside-a-house-the-next-moment-i-was-outside/","dailymaverick.co.za"
"2023-10-kzn-mtubatuba-storm#1","2023-10-kzn-mtubatuba-storm","KZN severe storms and floods (Mtubatuba, Kokstad, Umzimkhulu)","2023-10-21","KwaZulu-Natal","5","4-5 (4 per News24/TimesLIVE/SABC; 5 incl. a one-year-old per ECHO/ECR)","https://www.timeslive.co.za/news/south-africa/2023-10-22-four-dead-more-than-100-houses-destroyed-in-kzn-rains-and-floods/","timeslive.co.za"
"2023-10-kzn-mtubatuba-storm#2","2023-10-kzn-mtubatuba-storm","KZN severe storms and floods (Mtubatuba, Kokstad, Umzimkhulu)","2023-10-21","KwaZulu-Natal","5","4-5 (4 per News24/TimesLIVE/SABC; 5 incl. a one-year-old per ECHO/ECR)","https://www.news24.com/southafrica/news/pics-4-people-killed-70-houses-destroyed-and-infrastructure-pummelled-in-kzn-hailstorm-20231022","news24.com"
"2023-10-kzn-mtubatuba-storm#3","2023-10-kzn-mtubatuba-storm","KZN severe storms and floods (Mtubatuba, Kokstad, Umzimkhulu)","2023-10-21","KwaZulu-Natal","5","4-5 (4 per News24/TimesLIVE/SABC; 5 incl. a one-year-old per ECHO/ECR)","https://www.ecr.co.za/news/news/kzn-storm-claims-five-lives-mec-visits-victims/","ecr.co.za"
"2023-12-dundee-storm#1","2023-12-dundee-storm","Dundee / Sithembile thunderstorm and flooding","2023-12-18","KwaZulu-Natal","1","1 (adult male struck by lightning)","https://www.sanews.gov.za/south-africa/disaster-teams-respond-dundee-flood-victims","sanews.gov.za"
"2023-12-ladysmith-christmas-eve#1","2023-12-ladysmith-christmas-eve","Ladysmith Christmas Eve flash floods (Bell's Spruit / Klip River)","2023-12-24","KwaZulu-Natal","21","5-6 initially; 13 (28 Dec); 21 bodies recovered by 29 Dec; later reported as 25 (SABC) / 26 in uThukela festive period","https://www.news24.com/southafrica/news/five-dead-at-least-11-others-missing-after-ladysmith-flash-flood-on-christmas-eve-20231225","news24.com"
"2023-12-ladysmith-christmas-eve#2","2023-12-ladysmith-christmas-eve","Ladysmith Christmas Eve flash floods (Bell's Spruit / Klip River)","2023-12-24","KwaZulu-Natal","21","5-6 initially; 13 (28 Dec); 21 bodies recovered by 29 Dec; later reported as 25 (SABC) / 26 in uThukela festive period","https://witness.co.za/news/2023/12/27/tragedy-in-ladysmith/","witness.co.za"
"2023-12-ladysmith-christmas-eve#3","2023-12-ladysmith-christmas-eve","Ladysmith Christmas Eve flash floods (Bell's Spruit / Klip River)","2023-12-24","KwaZulu-Natal","21","5-6 initially; 13 (28 Dec); 21 bodies recovered by 29 Dec; later reported as 25 (SABC) / 26 in uThukela festive period","https://www.timeslive.co.za/news/south-africa/2023-12-29-ladysmith-floods-death-toll-rises-to-13/","timeslive.co.za"
"2023-12-ladysmith-christmas-eve#4","2023-12-ladysmith-christmas-eve","Ladysmith Christmas Eve flash floods (Bell's Spruit / Klip River)","2023-12-24","KwaZulu-Natal","21","5-6 initially; 13 (28 Dec); 21 bodies recovered by 29 Dec; later reported as 25 (SABC) / 26 in uThukela festive period","https://www.africanews.com/2023/12/31/south-africa-flash-floods-kill-21-people-in-coastal-province-of-kwazulu-natal/","africanews.com"
"2023-12-ladysmith-christmas-eve#5","2023-12-ladysmith-christmas-eve","Ladysmith Christmas Eve flash floods (Bell's Spruit / Klip River)","2023-12-24","KwaZulu-Natal","21","5-6 initially; 13 (28 Dec); 21 bodies recovered by 29 Dec; later reported as 25 (SABC) / 26 in uThukela festive period","https://www.sabcnews.com/sabcnews/910874-2/","sabcnews.com"
"2024-01-kzn-freestate-floods#1","2024-01-kzn-freestate-floods","January 2024 KwaZulu-Natal and Free State floods","2024-01-07","KwaZulu-Natal; Free State",,"41 fatalities per government reports (includes 21 from Ladysmith, many from the 24 Dec 2023 flash flood); 26 in uThukela district per TimesLive","https://www.timeslive.co.za/news/south-africa/2024-01-22-flood-hit-kzn-municipalities-classified-as-disaster-areas/","timeslive.co.za"
"2024-01-kzn-freestate-floods#2","2024-01-kzn-freestate-floods","January 2024 KwaZulu-Natal and Free State floods","2024-01-07","KwaZulu-Natal; Free State",,"41 fatalities per government reports (includes 21 from Ladysmith, many from the 24 Dec 2023 flash flood); 26 in uThukela district per TimesLive","https://witness.co.za/news/kzn/2024/01/22/flooding-woes-persist-in-ladysmith/","witness.co.za"
"2024-01-kzn-freestate-floods#3","2024-01-kzn-freestate-floods","January 2024 KwaZulu-Natal and Free State floods","2024-01-07","KwaZulu-Natal; Free State",,"41 fatalities per government reports (includes 21 from Ladysmith, many from the 24 Dec 2023 flash flood); 26 in uThukela district per TimesLive","https://www.sanews.gov.za/south-africa/several-parts-kzn-classified-disaster-areas-following-floods","sanews.gov.za"
"2024-01-kzn-freestate-floods#4","2024-01-kzn-freestate-floods","January 2024 KwaZulu-Natal and Free State floods","2024-01-07","KwaZulu-Natal; Free State",,"41 fatalities per government reports (includes 21 from Ladysmith, many from the 24 Dec 2023 flash flood); 26 in uThukela district per TimesLive","https://iol.co.za/news/south-africa/kwazulu-natal/2024-01-22-kwazulu-natal-floods-leave-hundreds-dead-and-billions-in-damages/","iol.co.za"
"2024-04-kzn-south-coast-floods#1","2024-04-kzn-south-coast-floods","April 2024 KZN South Coast / eThekwini floods","2024-04-16","KwaZulu-Natal","5","5 fatalities confirmed","https://www.dailymaverick.co.za/article/2024-04-16-death-toll-climbs-to-five-after-margate-pounded-by-devastating-storm-force-winds-floods/","dailymaverick.co.za"
"2024-04-kzn-south-coast-floods#2","2024-04-kzn-south-coast-floods","April 2024 KZN South Coast / eThekwini floods","2024-04-16","KwaZulu-Natal","5","5 fatalities confirmed","https://www.citizen.co.za/news/south-africa/pics-kzn-premier-confirms-five-fatalities-margate-flood/","citizen.co.za"
"2024-04-kzn-south-coast-floods#3","2024-04-kzn-south-coast-floods","April 2024 KZN South Coast / eThekwini floods","2024-04-16","KwaZulu-Natal","5","5 fatalities confirmed","https://witness.co.za/news/2024/04/16/pics-five-dead-as-devastating-rains-wreak-havoc-in-margate-kzn/","witness.co.za"
"2024-04-kzn-south-coast-floods#4","2024-04-kzn-south-coast-floods","April 2024 KZN South Coast / eThekwini floods","2024-04-16","KwaZulu-Natal","5","5 fatalities confirmed","https://www.timeslive.co.za/news/south-africa/2024-04-15-margate-storm-leaves-five-people-dead-and-infrastructure-damaged/","timeslive.co.za"
"2024-06-kzn-tornadoes-storm#1","2024-06-kzn-tornadoes-storm","June 2024 KZN storms and tornadoes (Tongaat EF3, Newcastle-Utrecht)","2024-06-03","KwaZulu-Natal","12","12 in KwaZulu-Natal","https://groundup.org.za/article/storm-in-tongaat/","groundup.org.za"
"2024-06-kzn-tornadoes-storm#2","2024-06-kzn-tornadoes-storm","June 2024 KZN storms and tornadoes (Tongaat EF3, Newcastle-Utrecht)","2024-06-03","KwaZulu-Natal","12","12 in KwaZulu-Natal","https://www.timeslive.co.za/news/south-africa/2024-06-03-help-for-1200-tongaat-residents-hit-by-tornado/","timeslive.co.za"
"2024-06-kzn-tornadoes-storm#3","2024-06-kzn-tornadoes-storm","June 2024 KZN storms and tornadoes (Tongaat EF3, Newcastle-Utrecht)","2024-06-03","KwaZulu-Natal","12","12 in KwaZulu-Natal","https://www.timeslive.co.za/news/south-africa/2024-06-04-tongaat-tornado-death-toll-rises-to-7/","timeslive.co.za"
"2024-06-kzn-tornadoes-storm#4","2024-06-kzn-tornadoes-storm","June 2024 KZN storms and tornadoes (Tongaat EF3, Newcastle-Utrecht)","2024-06-03","KwaZulu-Natal","12","12 in KwaZulu-Natal","https://www.ewn.co.za/2024/06/07/othongathi-residents-still-reeling-from-tornados-impact","ewn.co.za"
"2024-10-eastern-cape-nmb-floods#1","2024-10-eastern-cape-nmb-floods","October 2024 Nelson Mandela Bay floods / national disaster (22-29 Oct storms)","2024-10-21","Eastern Cape; KwaZulu-Natal; Free State; Limpopo; North West; Gauteng; Mpumalanga","3","3 confirmed in NMB (Daily Maverick, mayor Gary van Niekerk); 'at least 10 including 4 children' per The Watchers/eNCA-linked reports","https://www.dailymaverick.co.za/article/2024-10-23-nelson-mandela-bay-counts-flooding-costs-three-dead-3000-displaced-electricity-and-sewage-systems-down/","dailymaverick.co.za"
"2024-10-eastern-cape-nmb-floods#2","2024-10-eastern-cape-nmb-floods","October 2024 Nelson Mandela Bay floods / national disaster (22-29 Oct storms)","2024-10-21","Eastern Cape; KwaZulu-Natal; Free State; Limpopo; North West; Gauteng; Mpumalanga","3","3 confirmed in NMB (Daily Maverick, mayor Gary van Niekerk); 'at least 10 including 4 children' per The Watchers/eNCA-linked reports","https://www.enca.com/news/eastern-cape-floods-three-dead-and-thousands-displaced","enca.com"
"2024-10-eastern-cape-nmb-floods#3","2024-10-eastern-cape-nmb-floods","October 2024 Nelson Mandela Bay floods / national disaster (22-29 Oct storms)","2024-10-21","Eastern Cape; KwaZulu-Natal; Free State; Limpopo; North West; Gauteng; Mpumalanga","3","3 confirmed in NMB (Daily Maverick, mayor Gary van Niekerk); 'at least 10 including 4 children' per The Watchers/eNCA-linked reports","https://groundup.org.za/article/families-evacuated-from-their-flooded-homes-in-kariega-and-gqeberha/","groundup.org.za"
"2024-10-eastern-cape-nmb-floods#4","2024-10-eastern-cape-nmb-floods","October 2024 Nelson Mandela Bay floods / national disaster (22-29 Oct storms)","2024-10-21","Eastern Cape; KwaZulu-Natal; Free State; Limpopo; North West; Gauteng; Mpumalanga","3","3 confirmed in NMB (Daily Maverick, mayor Gary van Niekerk); 'at least 10 including 4 children' per The Watchers/eNCA-linked reports","https://watchers.news/2024/10/23/eastern-cape-floods-claim-at-least-10-lives-displace-over-3-000-south-africa/","watchers.news"
"2025-02-ethekwini-storm-wall-collapses#1","2025-02-ethekwini-storm-wall-collapses","February 2025 eThekwini storm: landslide and wall collapses (KwaMakhutha, Folweni, Demat, Ensimbini)","2025-02-19","KwaZulu-Natal","9","4 (eThekwini/SAnews initial); 6 (Daily Maverick, IOL 20 Feb); at least 9 (The Watchers, 22 Feb)","https://www.dailymaverick.co.za/article/2025-02-20-heavy-rain-batters-kzn-killing-3-in-landslide-amid-flooding/","dailymaverick.co.za"
"2025-02-ethekwini-storm-wall-collapses#2","2025-02-ethekwini-storm-wall-collapses","February 2025 eThekwini storm: landslide and wall collapses (KwaMakhutha, Folweni, Demat, Ensimbini)","2025-02-19","KwaZulu-Natal","9","4 (eThekwini/SAnews initial); 6 (Daily Maverick, IOL 20 Feb); at least 9 (The Watchers, 22 Feb)","https://www.sanews.gov.za/south-africa/ethekwini-heavy-rains-claim-four-lives","sanews.gov.za"
"2025-02-ethekwini-storm-wall-collapses#3","2025-02-ethekwini-storm-wall-collapses","February 2025 eThekwini storm: landslide and wall collapses (KwaMakhutha, Folweni, Demat, Ensimbini)","2025-02-19","KwaZulu-Natal","9","4 (eThekwini/SAnews initial); 6 (Daily Maverick, IOL 20 Feb); at least 9 (The Watchers, 22 Feb)","https://www.citizen.co.za/south-coast-sun/news-headlines/local-news/2025/02/20/video-flood-victims-bodies-recovered-in-adams-mission-and-kwamakhutha/","citizen.co.za"
"2025-02-ethekwini-storm-wall-collapses#4","2025-02-ethekwini-storm-wall-collapses","February 2025 eThekwini storm: landslide and wall collapses (KwaMakhutha, Folweni, Demat, Ensimbini)","2025-02-19","KwaZulu-Natal","9","4 (eThekwini/SAnews initial); 6 (Daily Maverick, IOL 20 Feb); at least 9 (The Watchers, 22 Feb)","https://watchers.news/2025/02/22/at-least-nine-dead-after-severe-flooding-and-landslides-hit-kwazulu-natal-kzn-south-africa/","watchers.news"
"2025-02-lamontville-floods#1","2025-02-lamontville-floods","Late February 2025 Lamontville / eThekwini flash floods (and multi-province flooding)","2025-02-25","KwaZulu-Natal; Gauteng; Free State; North West; Limpopo; Northern Cape","12","7 dead, 1 missing (KZN CoGTA from 24 Feb); 12 in eThekwini (News24, 27 Feb); 15 in eThekwini by mid-March","https://www.news24.com/southafrica/news/ethekwini-floods-municipality-under-fire-as-death-toll-rises-to-12-one-person-still-missing-20250227","news24.com"
"2025-02-lamontville-floods#2","2025-02-lamontville-floods","Late February 2025 Lamontville / eThekwini flash floods (and multi-province flooding)","2025-02-25","KwaZulu-Natal; Gauteng; Free State; North West; Limpopo; Northern Cape","12","7 dead, 1 missing (KZN CoGTA from 24 Feb); 12 in eThekwini (News24, 27 Feb); 15 in eThekwini by mid-March","https://www.news24.com/southafrica/news/five-bodies-recovered-amid-flooding-caused-by-heavy-rainfall-in-kwazulu-natal-20250226","news24.com"
"2025-02-lamontville-floods#3","2025-02-lamontville-floods","Late February 2025 Lamontville / eThekwini flash floods (and multi-province flooding)","2025-02-25","KwaZulu-Natal; Gauteng; Free State; North West; Limpopo; Northern Cape","12","7 dead, 1 missing (KZN CoGTA from 24 Feb); 12 in eThekwini (News24, 27 Feb); 15 in eThekwini by mid-March","https://witness.co.za/news/2025/02/26/kzn-floods-five-bodies-recovered-in-lamontville/","witness.co.za"
"2025-02-lamontville-floods#4","2025-02-lamontville-floods","Late February 2025 Lamontville / eThekwini flash floods (and multi-province flooding)","2025-02-25","KwaZulu-Natal; Gauteng; Free State; North West; Limpopo; Northern Cape","12","7 dead, 1 missing (KZN CoGTA from 24 Feb); 12 in eThekwini (News24, 27 Feb); 15 in eThekwini by mid-March","https://www.ewn.co.za/2025/02/27/lamontville-flood-victims-to-be-moved-to-community-shelters","ewn.co.za"
"2025-02-lamontville-floods#5","2025-02-lamontville-floods","Late February 2025 Lamontville / eThekwini flash floods (and multi-province flooding)","2025-02-25","KwaZulu-Natal; Gauteng; Free State; North West; Limpopo; Northern Cape","12","7 dead, 1 missing (KZN CoGTA from 24 Feb); 12 in eThekwini (News24, 27 Feb); 15 in eThekwini by mid-March","https://groundup.org.za/article/over-20-people-died-and-hundreds-relocated-following-recent-kzn-floods/","groundup.org.za"
"2025-03-kzn-further-floods#1","2025-03-kzn-further-floods","Early March 2025 KZN flash floods (eThekwini/Pinetown)","2025-03-01","KwaZulu-Natal",,"'more than 20 people in the last two months' (cumulative, Rev. Thulasizwe Buthelezi); ~40 deaths nationally by March per IOL (cumulative)","https://allafrica.com/stories/202503030054.html","allafrica.com"
"2025-03-kzn-further-floods#2","2025-03-kzn-further-floods","Early March 2025 KZN flash floods (eThekwini/Pinetown)","2025-03-01","KwaZulu-Natal",,"'more than 20 people in the last two months' (cumulative, Rev. Thulasizwe Buthelezi); ~40 deaths nationally by March per IOL (cumulative)","https://witness.co.za/news/2025/03/17/ethekwini-flood-damage-exceeds-r15-billion/","witness.co.za"
"2025-03-kzn-further-floods#3","2025-03-kzn-further-floods","Early March 2025 KZN flash floods (eThekwini/Pinetown)","2025-03-01","KwaZulu-Natal",,"'more than 20 people in the last two months' (cumulative, Rev. Thulasizwe Buthelezi); ~40 deaths nationally by March per IOL (cumulative)","https://www.ewn.co.za/2025/03/14/in-pics-destructive-kzn-flooding-destroys-infrastructure-vehicles","ewn.co.za"
"2025-03-kzn-further-floods#4","2025-03-kzn-further-floods","Early March 2025 KZN flash floods (eThekwini/Pinetown)","2025-03-01","KwaZulu-Natal",,"'more than 20 people in the last two months' (cumulative, Rev. Thulasizwe Buthelezi); ~40 deaths nationally by March per IOL (cumulative)","https://www.timeslive.co.za/news/south-africa/2025-03-14-pharmacist-and-mother-of-twins-dies-tragically-in-heavy-rainfall/","timeslive.co.za"
"2025-11-umshwathi-new-hanover-floods#1","2025-11-umshwathi-new-hanover-floods","November 2025 New Hanover / uMshwathi floods","2025-11-23","KwaZulu-Natal","3","1 confirmed plus 2 missing initially; 3 dead after the 2 missing were recovered on 3 December (IOL)","https://www.dailymaverick.co.za/article/2025-11-24-floods-bring-death-and-devastation-to-community-of-new-hanover-in-kzn/","dailymaverick.co.za"
"2025-11-umshwathi-new-hanover-floods#2","2025-11-umshwathi-new-hanover-floods","November 2025 New Hanover / uMshwathi floods","2025-11-23","KwaZulu-Natal","3","1 confirmed plus 2 missing initially; 3 dead after the 2 missing were recovered on 3 December (IOL)","https://www.ecr.co.za/news/news/new-hanover-flood-damage-made-worse-flouting-bylaws/","ecr.co.za"
"2025-11-umshwathi-new-hanover-floods#3","2025-11-umshwathi-new-hanover-floods","November 2025 New Hanover / uMshwathi floods","2025-11-23","KwaZulu-Natal","3","1 confirmed plus 2 missing initially; 3 dead after the 2 missing were recovered on 3 December (IOL)","https://www.ewn.co.za/2025/11/25/kzn-municipalities-urged-to-enforce-by-laws-to-prevent-disaster-deaths","ewn.co.za"
"2025-11-umshwathi-new-hanover-floods#4","2025-11-umshwathi-new-hanover-floods","November 2025 New Hanover / uMshwathi floods","2025-11-23","KwaZulu-Natal","3","1 confirmed plus 2 missing initially; 3 dead after the 2 missing were recovered on 3 December (IOL)","https://www.ewn.co.za/2025/12/03/bodies-of-two-kzn-flood-victims-recovered-in-new-hanover-all-residents-now-accounted-for","ewn.co.za"
"2025-12-festive-storms-kzn-ec-gauteng#1","2025-12-festive-storms-kzn-ec-gauteng","December 2025 severe thunderstorms and floods (Ugu/eThekwini, Eastern Cape, Tshwane)","2025-12-21","KwaZulu-Natal; Eastern Cape; Gauteng; Limpopo; Mpumalanga","5","5 (4 KZN incl. 3 in vehicle swept away near Amanzimtoti; 1 drowned in Olievenhoutbosch)","https://www.dailymaverick.co.za/article/2025-12-22-severe-weather-claims-two-lives-as-relief-operations-across-sa-kick-into-gear/","dailymaverick.co.za"
"2025-12-festive-storms-kzn-ec-gauteng#2","2025-12-festive-storms-kzn-ec-gauteng","December 2025 severe thunderstorms and floods (Ugu/eThekwini, Eastern Cape, Tshwane)","2025-12-21","KwaZulu-Natal; Eastern Cape; Gauteng; Limpopo; Mpumalanga","5","5 (4 KZN incl. 3 in vehicle swept away near Amanzimtoti; 1 drowned in Olievenhoutbosch)","https://iol.co.za/news/weather/2025-12-24-devastating-floods-in-kwazulu-natal-and-eastern-cape-a-year-of-loss-and-recovery/","iol.co.za"
"2025-12-festive-storms-kzn-ec-gauteng#3","2025-12-festive-storms-kzn-ec-gauteng","December 2025 severe thunderstorms and floods (Ugu/eThekwini, Eastern Cape, Tshwane)","2025-12-21","KwaZulu-Natal; Eastern Cape; Gauteng; Limpopo; Mpumalanga","5","5 (4 KZN incl. 3 in vehicle swept away near Amanzimtoti; 1 drowned in Olievenhoutbosch)","https://www.news24.com/southafrica/news/2-dead-1-still-missing-after-vehicle-swept-away-by-floodwaters-in-amanzimtoti-durban-20251222-0835","news24.com"
"2025-12-festive-storms-kzn-ec-gauteng#4","2025-12-festive-storms-kzn-ec-gauteng","December 2025 severe thunderstorms and floods (Ugu/eThekwini, Eastern Cape, Tshwane)","2025-12-21","KwaZulu-Natal; Eastern Cape; Gauteng; Limpopo; Mpumalanga","5","5 (4 KZN incl. 3 in vehicle swept away near Amanzimtoti; 1 drowned in Olievenhoutbosch)","https://www.ewn.co.za/2025/12/22/two-bodies-recovered-in-amanzimtoti-following-kzn-floods","ewn.co.za"
"2026-01-limpopo-mpumalanga-floods#1","2026-01-limpopo-mpumalanga-floods","January 2026 Limpopo and Mpumalanga floods (Red Level 10, Kruger evacuations)","2026-01-12","Limpopo; Mpumalanga; KwaZulu-Natal; Eastern Cape; North West","37","At least 30 (AP/Al Jazeera, 16-17 Jan); 37 (20 Mpumalanga, 17 Limpopo; SABC 19 Jan); Limpopo alone rose to 22 (26 Jan) then 25 with 3 missing (late Jan)","https://iol.co.za/news/south-africa/2026-01-16-death-toll-rises-to-nine-almost-2000-homes-destroyed-as-limpopo-floods-wreak-havoc/","iol.co.za"
"2026-01-limpopo-mpumalanga-floods#2","2026-01-limpopo-mpumalanga-floods","January 2026 Limpopo and Mpumalanga floods (Red Level 10, Kruger evacuations)","2026-01-12","Limpopo; Mpumalanga; KwaZulu-Natal; Eastern Cape; North West","37","At least 30 (AP/Al Jazeera, 16-17 Jan); 37 (20 Mpumalanga, 17 Limpopo; SABC 19 Jan); Limpopo alone rose to 22 (26 Jan) then 25 with 3 missing (late Jan)","https://www.sabcnews.com/sabcnews/floods-claim-37-lives-across-mpumalanga-limpopo/","sabcnews.com"
"2026-01-limpopo-mpumalanga-floods#3","2026-01-limpopo-mpumalanga-floods","January 2026 Limpopo and Mpumalanga floods (Red Level 10, Kruger evacuations)","2026-01-12","Limpopo; Mpumalanga; KwaZulu-Natal; Eastern Cape; North West","37","At least 30 (AP/Al Jazeera, 16-17 Jan); 37 (20 Mpumalanga, 17 Limpopo; SABC 19 Jan); Limpopo alone rose to 22 (26 Jan) then 25 with 3 missing (late Jan)","https://www.timeslive.co.za/news/south-africa/2026-01-19-limpopo-flood-death-toll-reaches-18-search-continues-for-five-missing/","timeslive.co.za"
"2026-01-limpopo-mpumalanga-floods#4","2026-01-limpopo-mpumalanga-floods","January 2026 Limpopo and Mpumalanga floods (Red Level 10, Kruger evacuations)","2026-01-12","Limpopo; Mpumalanga; KwaZulu-Natal; Eastern Cape; North West","37","At least 30 (AP/Al Jazeera, 16-17 Jan); 37 (20 Mpumalanga, 17 Limpopo; SABC 19 Jan); Limpopo alone rose to 22 (26 Jan) then 25 with 3 missing (late Jan)","https://www.aljazeera.com/news/2026/1/17/floods-kill-more-than-100-across-southern-africa-as-rains-intensify","aljazeera.com"
"2026-01-limpopo-mpumalanga-floods#5","2026-01-limpopo-mpumalanga-floods","January 2026 Limpopo and Mpumalanga floods (Red Level 10, Kruger evacuations)","2026-01-12","Limpopo; Mpumalanga; KwaZulu-Natal; Eastern Cape; North West","37","At least 30 (AP/Al Jazeera, 16-17 Jan); 37 (20 Mpumalanga, 17 Limpopo; SABC 19 Jan); Limpopo alone rose to 22 (26 Jan) then 25 with 3 missing (late Jan)","https://www.ewn.co.za/2026/01/15/level-10-warning-issued-extreme-flood-risk-for-limpopo-and-mpumalanga","ewn.co.za"
"2026-01-limpopo-mpumalanga-floods#6","2026-01-limpopo-mpumalanga-floods","January 2026 Limpopo and Mpumalanga floods (Red Level 10, Kruger evacuations)","2026-01-12","Limpopo; Mpumalanga; KwaZulu-Natal; Eastern Cape; North West","37","At least 30 (AP/Al Jazeera, 16-17 Jan); 37 (20 Mpumalanga, 17 Limpopo; SABC 19 Jan); Limpopo alone rose to 22 (26 Jan) then 25 with 3 missing (late Jan)","https://theconversation.com/south-africas-floods-turned-deadly-because-limpopo-wasnt-prepared-how-to-prevent-a-repeat-274287","theconversation.com"
"2026-01-limpopo-mpumalanga-floods#7","2026-01-limpopo-mpumalanga-floods","January 2026 Limpopo and Mpumalanga floods (Red Level 10, Kruger evacuations)","2026-01-12","Limpopo; Mpumalanga; KwaZulu-Natal; Eastern Cape; North West","37","At least 30 (AP/Al Jazeera, 16-17 Jan); 37 (20 Mpumalanga, 17 Limpopo; SABC 19 Jan); Limpopo alone rose to 22 (26 Jan) then 25 with 3 missing (late Jan)","https://iol.co.za/news/south-africa/2026-01-26-limpopo-floods-death-toll-rises-to-22-as-seven-remain-missing/","iol.co.za"
"2026-05-cutofflow-cold-fronts-national-disaster#1","2026-05-cutofflow-cold-fronts-national-disaster","May 2026 cut-off low and cold fronts: Garden Route/Gamtoos floods and Cape Town storm (national disaster)","2026-05-04","Western Cape; Eastern Cape; Northern Cape; North West; Free State; Mpumalanga","10","At least 4 (The Watchers: 1 in Knysna 5-7 May, 3 on 11 May); 6 (WC Health, per search summary); 10 in Western Cape (IOL 13-14 May; Washington Post 'at least 10')","https://groundup.org.za/article/storm-wreaks-havoc-across-the-cape-three-deaths-reported-as-emergency-teams-respond-to-hundreds-of-calls/","groundup.org.za"
"2026-05-cutofflow-cold-fronts-national-disaster#2","2026-05-cutofflow-cold-fronts-national-disaster","May 2026 cut-off low and cold fronts: Garden Route/Gamtoos floods and Cape Town storm (national disaster)","2026-05-04","Western Cape; Eastern Cape; Northern Cape; North West; Free State; Mpumalanga","10","At least 4 (The Watchers: 1 in Knysna 5-7 May, 3 on 11 May); 6 (WC Health, per search summary); 10 in Western Cape (IOL 13-14 May; Washington Post 'at least 10')","https://mg.co.za/the-green-guardian/2026-05-12-cape-town-storm-floods-26-informal-settlements-and-damages-more-than-10-000-structures/","mg.co.za"
"2026-05-cutofflow-cold-fronts-national-disaster#3","2026-05-cutofflow-cold-fronts-national-disaster","May 2026 cut-off low and cold fronts: Garden Route/Gamtoos floods and Cape Town storm (national disaster)","2026-05-04","Western Cape; Eastern Cape; Northern Cape; North West; Free State; Mpumalanga","10","At least 4 (The Watchers: 1 in Knysna 5-7 May, 3 on 11 May); 6 (WC Health, per search summary); 10 in Western Cape (IOL 13-14 May; Washington Post 'at least 10')","https://iol.co.za/news/environment/2026-05-14-western-cape-flood-disaster-10-dead-nearly-90000-displaced/","iol.co.za"
"2026-05-cutofflow-cold-fronts-national-disaster#4","2026-05-cutofflow-cold-fronts-national-disaster","May 2026 cut-off low and cold fronts: Garden Route/Gamtoos floods and Cape Town storm (national disaster)","2026-05-04","Western Cape; Eastern Cape; Northern Cape; North West; Free State; Mpumalanga","10","At least 4 (The Watchers: 1 in Knysna 5-7 May, 3 on 11 May); 6 (WC Health, per search summary); 10 in Western Cape (IOL 13-14 May; Washington Post 'at least 10')","https://www.dailymaverick.co.za/article/2026-05-11-cold-fronts-lash-western-cape-one-dead-communities-flooded-and-schools-shut/","dailymaverick.co.za"
"2026-05-cutofflow-cold-fronts-national-disaster#5","2026-05-cutofflow-cold-fronts-national-disaster","May 2026 cut-off low and cold fronts: Garden Route/Gamtoos floods and Cape Town storm (national disaster)","2026-05-04","Western Cape; Eastern Cape; Northern Cape; North West; Free State; Mpumalanga","10","At least 4 (The Watchers: 1 in Knysna 5-7 May, 3 on 11 May); 6 (WC Health, per search summary); 10 in Western Cape (IOL 13-14 May; Washington Post 'at least 10')","https://www.news24.com/southafrica/news/govt-declares-national-disaster-as-severe-storms-floods-and-snow-batter-several-provinces-20260510-0648","news24.com"
"2026-05-cutofflow-cold-fronts-national-disaster#6","2026-05-cutofflow-cold-fronts-national-disaster","May 2026 cut-off low and cold fronts: Garden Route/Gamtoos floods and Cape Town storm (national disaster)","2026-05-04","Western Cape; Eastern Cape; Northern Cape; North West; Free State; Mpumalanga","10","At least 4 (The Watchers: 1 in Knysna 5-7 May, 3 on 11 May); 6 (WC Health, per search summary); 10 in Western Cape (IOL 13-14 May; Washington Post 'at least 10')","https://www.ewn.co.za/2026/05/12/ramaphosa-assures-all-levels-of-govt-responding-to-devastating-storms","ewn.co.za"
"2026-05-cutofflow-cold-fronts-national-disaster#7","2026-05-cutofflow-cold-fronts-national-disaster","May 2026 cut-off low and cold fronts: Garden Route/Gamtoos floods and Cape Town storm (national disaster)","2026-05-04","Western Cape; Eastern Cape; Northern Cape; North West; Free State; Mpumalanga","10","At least 4 (The Watchers: 1 in Knysna 5-7 May, 3 on 11 May); 6 (WC Health, per search summary); 10 in Western Cape (IOL 13-14 May; Washington Post 'at least 10')","https://www.dailymaverick.co.za/article/2026-07-27-western-cape-scrambles-to-implement-climate-responsive-strategies-after-calamitous-floods/","dailymaverick.co.za"
"2026-09-kzn-heavy-rain#1","2026-09-kzn-heavy-rain","September 2026 KZN heavy rain, mudslides and settlement flooding","2026-09-18","KwaZulu-Natal","4","4 killed in two road crashes attributed partly to rain and flooding; no flood-drowning deaths confirmed","https://iol.co.za/news/south-africa/2026-09-19-kzn-heavy-rain-tests-whether-flood-warnings-reach-vulnerable-communities/","iol.co.za"
"2026-09-kzn-heavy-rain#2","2026-09-kzn-heavy-rain","September 2026 KZN heavy rain, mudslides and settlement flooding","2026-09-18","KwaZulu-Natal","4","4 killed in two road crashes attributed partly to rain and flooding; no flood-drowning deaths confirmed","https://insidepolitic.co.za/gallery-four-killed-on-kzn-roads-as-heavy-rain-floods-settlements-and-swells-rivers/","insidepolitic.co.za"
"2026-09-kzn-heavy-rain#3","2026-09-kzn-heavy-rain","September 2026 KZN heavy rain, mudslides and settlement flooding","2026-09-18","KwaZulu-Natal","4","4 killed in two road crashes attributed partly to rain and flooding; no flood-drowning deaths confirmed","https://briefly.co.za/south-africa/253657-kwazulu-natal-heavy-rain-death-destruction-mudslides-destroy-homes-crashes-kill-4/","briefly.co.za"
"2026-09-kzn-heavy-rain#4","2026-09-kzn-heavy-rain","September 2026 KZN heavy rain, mudslides and settlement flooding","2026-09-18","KwaZulu-Natal","4","4 killed in two road crashes attributed partly to rain and flooding; no flood-drowning deaths confirmed","https://www.joburgetc.com/news/four-die-kzn-crashes-heavy-rain/","joburgetc.com"
"2016-11-johannesburg-flash-floods#1","2016-11-johannesburg-flash-floods","Johannesburg / Gauteng flash floods (OR Tambo, Alexandra, N3)","2016-11-09","Gauteng","6","4-6 (SAnews on 10 Nov: four confirmed dead; FloodList/Wikipedia/Africanews: 6)","https://www.africanews.com/2016/11/10/south-africa-flash-floods-kill-six-people-in-johannesburg/","africanews.com"
"2016-11-johannesburg-flash-floods#2","2016-11-johannesburg-flash-floods","Johannesburg / Gauteng flash floods (OR Tambo, Alexandra, N3)","2016-11-09","Gauteng","6","4-6 (SAnews on 10 Nov: four confirmed dead; FloodList/Wikipedia/Africanews: 6)","https://www.sanews.gov.za/south-africa/joburg-flash-floods-aftermath","sanews.gov.za"
"2016-11-johannesburg-flash-floods#3","2016-11-johannesburg-flash-floods","Johannesburg / Gauteng flash floods (OR Tambo, Alexandra, N3)","2016-11-09","Gauteng","6","4-6 (SAnews on 10 Nov: four confirmed dead; FloodList/Wikipedia/Africanews: 6)","https://floodlist.com/africa/south-africa-gauteng-floods-november-2016","floodlist.com"
"2017-01-limpopo-mpumalanga-flash-floods#1","2017-01-limpopo-mpumalanga-flash-floods","Limpopo and Mpumalanga flash floods","2017-01-05","Limpopo; Mpumalanga; Gauteng","7","as many as 7 (5 near Beitbridge, Limpopo; 2 in Kwaggafontein, Mpumalanga, including a rescue worker)","https://floodlist.com/africa/south-africa-floods-limpopo-mpumalanga-january-2017","floodlist.com"
"2017-01-limpopo-mpumalanga-flash-floods#2","2017-01-limpopo-mpumalanga-flash-floods","Limpopo and Mpumalanga flash floods","2017-01-05","Limpopo; Mpumalanga; Gauteng","7","as many as 7 (5 near Beitbridge, Limpopo; 2 in Kwaggafontein, Mpumalanga, including a rescue worker)","https://watchers.news/2017/01/10/flood-limpopo-south-africa-january-2017/","watchers.news"
"2017-01-limpopo-mpumalanga-flash-floods#3","2017-01-limpopo-mpumalanga-flash-floods","Limpopo and Mpumalanga flash floods","2017-01-05","Limpopo; Mpumalanga; Gauteng","7","as many as 7 (5 near Beitbridge, Limpopo; 2 in Kwaggafontein, Mpumalanga, including a rescue worker)","https://www.citizen.co.za/lowvelder/news-headlines/local-news/2017/01/07/mpumalanga-flood-alert-courageous-firefighter-swept-away-during-flood/","citizen.co.za"
"2017-06-cape-storm#1","2017-06-cape-storm","Cape storm (worst winter storm in 30 years) with Cape Town flooding","2017-06-06","Western Cape; Eastern Cape; Northern Cape","8","at least 8 storm-related (plus 7 in the Knysna fires the storm winds fanned; 15 total per Wikipedia); Al Jazeera: 'at least nine' in some reports","https://www.aljazeera.com/amp/news/2017/6/8/storm-kills-several-displaces-thousands-in-cape-town","aljazeera.com"
"2017-06-cape-storm#2","2017-06-cape-storm","Cape storm (worst winter storm in 30 years) with Cape Town flooding","2017-06-06","Western Cape; Eastern Cape; Northern Cape","8","at least 8 storm-related (plus 7 in the Knysna fires the storm winds fanned; 15 total per Wikipedia); Al Jazeera: 'at least nine' in some reports","https://mg.co.za/article/2017-06-13-climate-change-evident-in-cape-storm-and-knysna-fires/","mg.co.za"
"2017-06-cape-storm#3","2017-06-cape-storm","Cape storm (worst winter storm in 30 years) with Cape Town flooding","2017-06-06","Western Cape; Eastern Cape; Northern Cape","8","at least 8 storm-related (plus 7 in the Knysna fires the storm winds fanned; 15 total per Wikipedia); Al Jazeera: 'at least nine' in some reports","https://www.foxnews.com/world/at-least-8-dead-as-storm-hammers-cape-town-coastline.print","foxnews.com"
"2017-06-cape-storm#4","2017-06-cape-storm","Cape storm (worst winter storm in 30 years) with Cape Town flooding","2017-06-06","Western Cape; Eastern Cape; Northern Cape","8","at least 8 storm-related (plus 7 in the Knysna fires the storm winds fanned; 15 total per Wikipedia); Al Jazeera: 'at least nine' in some reports","https://watchers.news/2017/06/06/cape-town-storm-south-africa/","watchers.news"
"2018-10-pretoria-flash-floods#1","2018-10-pretoria-flash-floods","Pretoria / Gauteng flash floods","2018-10-13","Gauteng; North West",,"2 possible drownings under investigation (two people reportedly seen in the Apies River at Capital Park); not confirmed","https://www.timeslive.co.za/news/south-africa/2018-10-14-two-drownings-under-investigation-as-flash-floods-hit-pretoria/","timeslive.co.za"
"2018-10-pretoria-flash-floods#2","2018-10-pretoria-flash-floods","Pretoria / Gauteng flash floods","2018-10-13","Gauteng; North West",,"2 possible drownings under investigation (two people reportedly seen in the Apies River at Capital Park); not confirmed","https://www.timeslive.co.za/news/south-africa/2018-10-14-flash-floods-on-gauteng-roads-as-rains-persist/","timeslive.co.za"
"2019-12-tshwane-mamelodi#1","2019-12-tshwane-mamelodi","Tshwane / Mamelodi / Centurion floods","2019-12-09","Gauteng; North West","1","1 (vehicle swept off low-lying bridge near Hartbeespoort Dam, North West)","https://floodlist.com/africa/south-africa-floods-gauteng-december-2019","floodlist.com"
"2019-12-tshwane-mamelodi#2","2019-12-tshwane-mamelodi","Tshwane / Mamelodi / Centurion floods","2019-12-09","Gauteng; North West","1","1 (vehicle swept off low-lying bridge near Hartbeespoort Dam, North West)","https://www.timeslive.co.za/news/south-africa/2019-12-10-hundreds-rescued-from-mamelodi-flooding-plus-watch-the-phanda-push-pay-hustler/","timeslive.co.za"
"2019-12-tshwane-mamelodi#3","2019-12-tshwane-mamelodi","Tshwane / Mamelodi / Centurion floods","2019-12-09","Gauteng; North West","1","1 (vehicle swept off low-lying bridge near Hartbeespoort Dam, North West)","https://www.news24.com/mamelodi-flood-victim-dies-20191223","news24.com"
"2020-02-johannesburg-floods#1","2020-02-johannesburg-floods","Johannesburg / Soweto / Alexandra flash floods","2020-02-07","Gauteng","2","2 confirmed (SABC) plus 1 missing presumed dead; TimesLIVE headline: 'Pupil among 3 killed'","https://www.sabcnews.com/sabcnews/gauteng-floods-claim-two-lives-leave-hundreds-stranded/","sabcnews.com"
"2020-02-johannesburg-floods#2","2020-02-johannesburg-floods","Johannesburg / Soweto / Alexandra flash floods","2020-02-07","Gauteng","2","2 confirmed (SABC) plus 1 missing presumed dead; TimesLIVE headline: 'Pupil among 3 killed'","https://floodlist.com/africa/south-africa-floods-johannesburg-gauteng-february-2020","floodlist.com"
"2020-02-johannesburg-floods#3","2020-02-johannesburg-floods","Johannesburg / Soweto / Alexandra flash floods","2020-02-07","Gauteng","2","2 confirmed (SABC) plus 1 missing presumed dead; TimesLIVE headline: 'Pupil among 3 killed'","https://www.timeslive.co.za/news/south-africa/2020-02-10-pupil-among-3-killed-in-gauteng-deluge-and-theres-more-rain-to-come/","timeslive.co.za"
"2020-10-mopani-hail-floods#1","2020-10-mopani-hail-floods","Mopani hailstorm and floods","2020-10-10","Limpopo","1","1 child killed; 1 child injured","https://www.timeslive.co.za/news/south-africa/2020-10-12-child-killed-homes-destroyed-as-floods-wreak-havoc-in-limpopo/","timeslive.co.za"
"2021-01-northern-cape-floods#1","2021-01-northern-cape-floods","Northern Cape floods (Eloise remnants)","2021-01-27","Northern Cape","3","3 (John Taolo Gaetsewe district)","https://www.sabcnews.com/sabcnews/northern-cape-aims-to-declare-flood-ravaged-john-taolo-gaetsewe-district-a-disaster-area/","sabcnews.com"
"2021-01-northern-cape-floods#2","2021-01-northern-cape-floods","Northern Cape floods (Eloise remnants)","2021-01-27","Northern Cape","3","3 (John Taolo Gaetsewe district)","https://floodlist.com/africa/south-africa-floods-january-february-2021","floodlist.com"
"2021-01-northern-cape-floods#3","2021-01-northern-cape-floods","Northern Cape floods (Eloise remnants)","2021-01-27","Northern Cape","3","3 (John Taolo Gaetsewe district)","https://www.timeslive.co.za/news/south-africa/2021-01-29-in-pictures-red-waters-flow-into-northern-cape-town-as-flood-hits/","timeslive.co.za"
"2021-05-western-cape-overberg#1","2021-05-western-cape-overberg","Western Cape storm floods (Struisbaai / Bonnievale)","2021-05-05","Western Cape","2","2 (truck stuck in flood waters at Bonnievale)","https://floodlist.com/africa/south-africa-floods-western-cape-may-2021","floodlist.com"
"2021-05-western-cape-overberg#2","2021-05-western-cape-overberg","Western Cape storm floods (Struisbaai / Bonnievale)","2021-05-05","Western Cape","2","2 (truck stuck in flood waters at Bonnievale)","https://www.capetownetc.com/news/two-people-die-as-storm-hits-bonnievale/","capetownetc.com"
"2022-01-eastern-cape-mdantsane#1","2022-01-eastern-cape-mdantsane","Eastern Cape floods (Mdantsane / Buffalo City)","2022-01-08","Eastern Cape","14","7 (FloodList, early), 14 (Daily Maverick 12 Jan), 20 confirmed (Wikipedia)","https://floodlist.com/africa/south-africa-floods-eastern-cape-january-2022","floodlist.com"
"2022-01-eastern-cape-mdantsane#2","2022-01-eastern-cape-mdantsane","Eastern Cape floods (Mdantsane / Buffalo City)","2022-01-08","Eastern Cape","14","7 (FloodList, early), 14 (Daily Maverick 12 Jan), 20 confirmed (Wikipedia)","https://www.dailymaverick.co.za/article/2022-01-12-eastern-cape-officials-still-counting-losses-after-floods-kill-14-and-displace-hundreds/","dailymaverick.co.za"
"2022-01-eastern-cape-mdantsane#3","2022-01-eastern-cape-mdantsane","Eastern Cape floods (Mdantsane / Buffalo City)","2022-01-08","Eastern Cape","14","7 (FloodList, early), 14 (Daily Maverick 12 Jan), 20 confirmed (Wikipedia)","https://www.sowetan.co.za/news/south-africa/2022-01-13-eastern-cape-counting-the-cost-after-floods/","sowetan.co.za"
"2022-02-tembisa-ivory-park#1","2022-02-tembisa-ivory-park","Tembisa / Ivory Park flash flood (Kaalspruit)","2022-02-18","Gauteng","1","1 dead, 3 missing","https://floodlist.com/africa/floods-tembisa-gauteng-south-africa-february-2022","floodlist.com"
"2022-02-tembisa-ivory-park#2","2022-02-tembisa-ivory-park","Tembisa / Ivory Park flash flood (Kaalspruit)","2022-02-18","Gauteng","1","1 dead, 3 missing","https://www.citizen.co.za/news/south-africa/local-news/pics-videos-more-than-180-displaced-after-ivory-park-flash-floods/","citizen.co.za"
"2022-02-tembisa-ivory-park#3","2022-02-tembisa-ivory-park","Tembisa / Ivory Park flash flood (Kaalspruit)","2022-02-18","Gauteng","1","1 dead, 3 missing","https://www.sowetan.co.za/news/south-africa/2022-02-21-flooding-uproots-scores-of-ivory-park-residents/","sowetan.co.za"
"2022-12-jukskei-baptism#1","2022-12-jukskei-baptism","Jukskei River flash flood during baptism (Alexandra/Bramley Park)","2022-12-03","Gauteng","14","9 (FloodList 4 Dec) rising to 14 bodies recovered; 3 still missing incl. a baby","https://www.citizen.co.za/news/jukskei-river-flash-flood-missing-4-december-2022/","citizen.co.za"
"2022-12-jukskei-baptism#2","2022-12-jukskei-baptism","Jukskei River flash flood during baptism (Alexandra/Bramley Park)","2022-12-03","Gauteng","14","9 (FloodList 4 Dec) rising to 14 bodies recovered; 3 still missing incl. a baby","https://www.thedailybeast.com/river-baptism-ceremony-ends-in-disaster-after-flash-flood-kills-14-in-south-africa/","thedailybeast.com"
"2022-12-jukskei-baptism#3","2022-12-jukskei-baptism","Jukskei River flash flood during baptism (Alexandra/Bramley Park)","2022-12-03","Gauteng","14","9 (FloodList 4 Dec) rising to 14 bodies recovered; 3 still missing incl. a baby","https://www.dailymaverick.co.za/article/2022-12-06-bad-weather-stalls-search-for-alexandra-churchgoers-believed-drowned-in-flash-flood/","dailymaverick.co.za"
"2023-03-port-st-johns-ingquza#1","2023-03-port-st-johns-ingquza","Eastern Cape flash floods (Port St Johns, Ingquza Hill, KSD)","2023-03-23","Eastern Cape","3","at least 3 (2 Lusikisiki, 1 Coffee Bay); 1 missing (FloodList); DM reported 3 missing in Rhole village","https://www.dailymaverick.co.za/article/2023-03-24-it-was-scary-say-residents-as-the-eastern-cape-is-lashed-by-yet-more-rain/","dailymaverick.co.za"
"2023-03-port-st-johns-ingquza#2","2023-03-port-st-johns-ingquza","Eastern Cape flash floods (Port St Johns, Ingquza Hill, KSD)","2023-03-23","Eastern Cape","3","at least 3 (2 Lusikisiki, 1 Coffee Bay); 1 missing (FloodList); DM reported 3 missing in Rhole village","https://www.dailymaverick.co.za/article/2023-03-30-port-st-johns-flood-crisis-leaves-more-than-1000-displaced-and-waterworks-bridges-destroyed/","dailymaverick.co.za"
"2023-03-port-st-johns-ingquza#3","2023-03-port-st-johns-ingquza","Eastern Cape flash floods (Port St Johns, Ingquza Hill, KSD)","2023-03-23","Eastern Cape","3","at least 3 (2 Lusikisiki, 1 Coffee Bay); 1 missing (FloodList); DM reported 3 missing in Rhole village","https://www.timeslive.co.za/amp/news/south-africa/2023-03-25-three-dead-hundreds-being-sheltered-after-eastern-cape-floods/","timeslive.co.za"
"2023-09-cape-coast-storm-surge#1","2023-09-cape-coast-storm-surge","Coastal storm / spring-tide waves on Eastern and Western Cape coasts","2023-09-16","Eastern Cape; Western Cape","2","2 (93-year-old woman swept by wave at Wilderness; man found at Aston Bay)","https://www.dailymaverick.co.za/article/2023-09-17-two-dead-after-high-winds-and-wild-seas-wreak-havoc-on-eastern-and-western-cape-coasts/","dailymaverick.co.za"
"2023-09-western-cape-cutoff-low#1","2023-09-western-cape-cutoff-low","September 2023 Western Cape (and Eastern Cape) cut-off low floods","2023-09-23","Western Cape; Eastern Cape","11","at least 11 (8 electrocuted incl. 4 children in informal settlements, 3 washed away)","https://groundup.org.za/article/hundreds-flee-flooded-homes-as-storms-batter-western-cape/","groundup.org.za"
"2023-09-western-cape-cutoff-low#2","2023-09-western-cape-cutoff-low","September 2023 Western Cape (and Eastern Cape) cut-off low floods","2023-09-23","Western Cape; Eastern Cape","11","at least 11 (8 electrocuted incl. 4 children in informal settlements, 3 washed away)","https://www.timeslive.co.za/news/south-africa/2023-11-07-national-state-of-disaster-declared-for-western-and-eastern-cape-after-september-floods/","timeslive.co.za"
"2023-09-western-cape-cutoff-low#3","2023-09-western-cape-cutoff-low","September 2023 Western Cape (and Eastern Cape) cut-off low floods","2023-09-23","Western Cape; Eastern Cape","11","at least 11 (8 electrocuted incl. 4 children in informal settlements, 3 washed away)","https://www.voanews.com/a/people-electrocuted-in-south-africa-as-floods-cause-deaths-damage-across-western-cape/7284333.html","voanews.com"
"2023-10-or-tambo-floods#1","2023-10-or-tambo-floods","OR Tambo District floods, Eastern Cape","2023-10-17","Eastern Cape","3","at least 3 (1 Maqebevu, 2 Rainy village); 2 feared missing","https://www.dailymaverick.co.za/article/2023-10-17-three-people-die-three-missing-after-eastern-cape-lashed-by-torrential-rain/","dailymaverick.co.za"
"2023-10-or-tambo-floods#2","2023-10-or-tambo-floods","OR Tambo District floods, Eastern Cape","2023-10-17","Eastern Cape","3","at least 3 (1 Maqebevu, 2 Rainy village); 2 feared missing","https://www.citizen.co.za/news/pregnant-woman-teens-dead-eastern-cape-rains/","citizen.co.za"
"2023-10-or-tambo-floods#3","2023-10-or-tambo-floods","OR Tambo District floods, Eastern Cape","2023-10-17","Eastern Cape","3","at least 3 (1 Maqebevu, 2 Rainy village); 2 feared missing","https://www.sabcnews.com/sabcnews/search-continues-for-teenager-swept-away-by-eastern-cape-heavy-rains/","sabcnews.com"
"2024-06-eastern-cape-floods#1","2024-06-eastern-cape-floods","June 2024 Nelson Mandela Bay & Buffalo City floods (cut-off low)","2024-06-01","Eastern Cape","11","10 in Nelson Mandela Bay (Daily Maverick 9 Jun); 11 in Eastern Cape (Wikipedia); SAnews reported 7 in Eastern Cape on 3 Jun","https://www.dailymaverick.co.za/article/2024-06-09-death-toll-10-after-nelson-mandela-bay-flood/","dailymaverick.co.za"
"2024-06-eastern-cape-floods#2","2024-06-eastern-cape-floods","June 2024 Nelson Mandela Bay & Buffalo City floods (cut-off low)","2024-06-01","Eastern Cape","11","10 in Nelson Mandela Bay (Daily Maverick 9 Jun); 11 in Eastern Cape (Wikipedia); SAnews reported 7 in Eastern Cape on 3 Jun","https://www.algoafm.co.za/local/nmb-flood-toll-climbs-and-more-rain-is-coming","algoafm.co.za"
"2024-06-eastern-cape-floods#3","2024-06-eastern-cape-floods","June 2024 Nelson Mandela Bay & Buffalo City floods (cut-off low)","2024-06-01","Eastern Cape","11","10 in Nelson Mandela Bay (Daily Maverick 9 Jun); 11 in Eastern Cape (Wikipedia); SAnews reported 7 in Eastern Cape on 3 Jun","https://www.sanews.gov.za/south-africa/buffalo-city-search-and-rescue-operations-continue","sanews.gov.za"
"2024-07-western-cape-storms#1","2024-07-western-cape-storms","July 2024 Western Cape winter storms and floods (successive cold fronts)","2024-07-07","Western Cape",,"No flood-related fatalities reported (GroundUp, 9 Jul 2024)","https://groundup.org.za/article/thousands-of-homes-flooded-as-violent-storm-batters-western-cape/","groundup.org.za"
"2024-07-western-cape-storms#2","2024-07-western-cape-storms","July 2024 Western Cape winter storms and floods (successive cold fronts)","2024-07-07","Western Cape",,"No flood-related fatalities reported (GroundUp, 9 Jul 2024)","https://groundup.org.za/article/western-cape-storms-worst-still-to-come/","groundup.org.za"
"2024-12-centurion-flash-floods#1","2024-12-centurion-flash-floods","December 2024 Centurion (Tshwane) flash floods","2024-12-22","Gauteng","2","Motorcyclist and motorist died (headline)","https://www.dailymaverick.co.za/article/2024-12-22-motorcyclist-motorist-die-centurion-floods-more-storms/","dailymaverick.co.za"
"2024-12-centurion-flash-floods#2","2024-12-centurion-flash-floods","December 2024 Centurion (Tshwane) flash floods","2024-12-22","Gauteng","2","Motorcyclist and motorist died (headline)","https://www.timeslive.co.za/news/south-africa/2024-12-21-two-people-die-as-others-rescued-from-vehicles-trapped-in-floodwaters-in-tshwane/","timeslive.co.za"
"2024-12-centurion-flash-floods#3","2024-12-centurion-flash-floods","December 2024 Centurion (Tshwane) flash floods","2024-12-22","Gauteng","2","Motorcyclist and motorist died (headline)","https://www.sabcnews.com/sabcnews/997995-2/","sabcnews.com"
"2025-06-eastern-cape-mthatha-floods#1","2025-06-eastern-cape-mthatha-floods","June 2025 Eastern Cape floods (Mthatha, cut-off low)","2025-06-09","Eastern Cape","103","102 bodies recovered (EC government, 30 June); 103 (4 July), incl. 32 pupils and 39-40 children","https://www.timeslive.co.za/news/south-africa/2025-06-11-eight-bodies-recovered-from-school-bus-swept-away-by-mthatha-floods/","timeslive.co.za"
"2025-06-eastern-cape-mthatha-floods#2","2025-06-eastern-cape-mthatha-floods","June 2025 Eastern Cape floods (Mthatha, cut-off low)","2025-06-09","Eastern Cape","103","102 bodies recovered (EC government, 30 June); 103 (4 July), incl. 32 pupils and 39-40 children","https://www.sabcnews.com/sabcnews/ramaphosa-arrives-in-flood-stricken-mthatha/","sabcnews.com"
"2025-06-eastern-cape-mthatha-floods#3","2025-06-eastern-cape-mthatha-floods","June 2025 Eastern Cape floods (Mthatha, cut-off low)","2025-06-09","Eastern Cape","103","102 bodies recovered (EC government, 30 June); 103 (4 July), incl. 32 pupils and 39-40 children","https://www.dailymaverick.co.za/article/2025-06-18-deadly-mthatha-flood-underscores-worsening-factors-increasing-risks-for-sa/","dailymaverick.co.za"
"2025-06-eastern-cape-mthatha-floods#4","2025-06-eastern-cape-mthatha-floods","June 2025 Eastern Cape floods (Mthatha, cut-off low)","2025-06-09","Eastern Cape","103","102 bodies recovered (EC government, 30 June); 103 (4 July), incl. 32 pupils and 39-40 children","https://www.dailymaverick.co.za/article/2025-06-19-eaastern-cape-floods-why-sas-disaster-management-and-legislation-failed/","dailymaverick.co.za"
"2025-06-eastern-cape-mthatha-floods#5","2025-06-eastern-cape-mthatha-floods","June 2025 Eastern Cape floods (Mthatha, cut-off low)","2025-06-09","Eastern Cape","103","102 bodies recovered (EC government, 30 June); 103 (4 July), incl. 32 pupils and 39-40 children","https://www.dailydispatch.co.za/news/2026-06-23-saws-draws-global-praise-for-life-saving-mthatha-flood-warnings/","dailydispatch.co.za"
"2026-06-garden-route-karoo-kouga-floods#1","2026-06-garden-route-karoo-kouga-floods","June 2026 Garden Route, Central Karoo and Kouga floods","2026-06-03","Western Cape; Eastern Cape","1","1 person died trying to cross a flooded river","https://www.dailymaverick.co.za/article/2026-06-03-garden-route-braces-for-more-flooding-as-second-major-storm-hits-in-a-month/","dailymaverick.co.za"
"2026-06-garden-route-karoo-kouga-floods#2","2026-06-garden-route-karoo-kouga-floods","June 2026 Garden Route, Central Karoo and Kouga floods","2026-06-03","Western Cape; Eastern Cape","1","1 person died trying to cross a flooded river","https://www.georgeherald.com/News/Article/Local-News/garden-route-flood-danger-remains-despite-improving-weather-as-1-death-confirmed-202606051223","georgeherald.com"
"2026-06-garden-route-karoo-kouga-floods#3","2026-06-garden-route-karoo-kouga-floods","June 2026 Garden Route, Central Karoo and Kouga floods","2026-06-03","Western Cape; Eastern Cape","1","1 person died trying to cross a flooded river","https://www.news24.com/southafrica/weather/eastern-cape-floods-force-evacuations-and-widespread-road-closures-20260604-0580","news24.com"
"2026-06-garden-route-karoo-kouga-floods#4","2026-06-garden-route-karoo-kouga-floods","June 2026 Garden Route, Central Karoo and Kouga floods","2026-06-03","Western Cape; Eastern Cape","1","1 person died trying to cross a flooded river","https://iol.co.za/news/environment/2026-06-05-emergency-services-on-high-alert-as-flooding-hits-garden-route-and-central-karoo/","iol.co.za"
"2026-06-garden-route-karoo-kouga-floods#5","2026-06-garden-route-karoo-kouga-floods","June 2026 Garden Route, Central Karoo and Kouga floods","2026-06-03","Western Cape; Eastern Cape","1","1 person died trying to cross a flooded river","https://www.capetownetc.com/news/one-death-in-garden-route-flooding-as-western-cape-issues-warning/","capetownetc.com"
"2026-06-garden-route-karoo-kouga-floods#6","2026-06-garden-route-karoo-kouga-floods","June 2026 Garden Route, Central Karoo and Kouga floods","2026-06-03","Western Cape; Eastern Cape","1","1 person died trying to cross a flooded river","https://www.capetownetc.com/news/saws-issues-orange-level-8-warning-as-storm-approaches-western-cape/","capetownetc.com"
