"event_id","event","event_date","provinces","deaths","warning_issued","alert_level","articles_read","P1_toll_rising","P1_evidence","P1_url","P2_informal_settlement","P2_type","P2_evidence","P2_url","P3_president_visit","P3_who","P3b_other_visit","P3b_who","P3_evidence","P3_url","P4_officials_quoted","P4_residents_quoted","P4_others_quoted","P4_officials_dominate","P5_climate_change","P5_evidence","P5_url","P6_warning_mentioned","P6_evidence","P6_url","coder_note"
"2016-07-cape-kzn-winter-storm","Cape Town and KwaZulu-Natal winter storm floods","2016-07-23","Western Cape; KwaZulu-Natal; Gauteng","7","True",,"3","True","In KwaZulu-Natal heavy rains caused at least four deaths and the death toll is expected to rise as violent weather wreaks havoc.","https://www.timeslive.co.za/news/south-africa/2016-07-27-400-displaced-after-freak-tornado-leaves-trail-of-destruction-in-gauteng/","True","causal","Our biggest concern is those living in informal settlements across the city, who are the most vulnerable.","https://floodlist.com/africa/south-africa-floods-cape-town-durban-july-2016","False","none","False","none","","","5","0","0","True","False","","","True","Heavy rain and flooding is expected in places in the south-western parts of the Northern Cape today (Wednesday).","https://floodlist.com/africa/south-africa-floods-cape-town-durban-july-2016","Coverage mostly Cape Town/Gauteng; KZN deaths thinly covered. WebSearch did not surface additional news articles for KZN July 2016."
"2017-02-ex-dineo-floods","Ex-Tropical Cyclone Dineo and persistent rain floods (North West, KZN, Mpumalanga, Limpopo)","2017-02-16","North West; KwaZulu-Natal; Mpumalanga; Limpopo; Gauteng","3","True",,"3","False","","","False","none","","","False","none","False","none","","","2","0","0","True","False","","","True","The South African Weather Services warns, however, that the Lowveld and escarpment in Limpopo and Mpumalanga are likely to be most affected by the ex-tropical cyclone Dineo in the coming days going into the weekend.","https://www.news24.com/pics-heavy-rain-flooding-as-ex-dineo-sweeps-over-sa-20170217","Deaths in North West (Loporung/Lemenong). News24 article is a pre-impact piece with no SA death toll. WebSearch found no further news articles."
"2017-05-kzn-floods","KwaZulu-Natal floods (Durban, Richards Bay, South Coast)","2017-05-14","KwaZulu-Natal","1","unknown",,"2","False","","","False","none","","","False","none","False","none","","","1","0","0","True","False","","","True","Rain continues over KZN, Gauteng, Mpumalanga tonight. Heavy rain warning with flooding in north-eastern KZN to continue.","https://floodlist.com/africa/south-africa-floods-kwazulu-natal-may-2017","Very small event (1 death); thin coverage."
"2017-10-durban-supercell-storm","Durban / KZN supercell storm and record-rain floods","2017-10-09","KwaZulu-Natal; Gauteng","8","True",,"5","True","#KZNstorm Authorities have confirmed that death toll due to massive storms in the province now stands at 5.","https://www.news24.com/southafrica/news/live-massive-storm-hits-durban-causes-flooding-chaos-20171010","True","causal","As shack-dwellers, we have it really hard, whenever storms hit the city it's us who get affected the most","https://www.aljazeera.com/news/2017/10/12/picking-up-the-pieces-after-horrific-durban-storm","False","Premier","True","Premier","","","5","4","0","False","False","","","True","URGENT WARNING TO ALL RESIDENTS AND ROAD USERS: The City of uMhlathuze urgently urges all residents, businesses, visitors and road users to stay alert of heavy rains accompanied by strong damaging winds coming towards the northern parts of KwaZulu-Natal","https://www.news24.com/southafrica/news/live-massive-storm-hits-durban-causes-flooding-chaos-20171010","The Mercury (PressReader) returned 403."
"2019-03-durban-inanda","Durban (Inanda/Verulam/KwaMashu) flash floods","2019-03-11","KwaZulu-Natal","3","unknown",,"2","False","","","False","none","","","False","MEC","True","MEC (and Mayor)","","","1","0","0","True","False","","","False","","","Thin coverage; IOL returned 403 and durban.gov.za failed. Headtopics is an aggregator reproducing a news report."
"2019-04-easter-floods-kzn-ec","Durban / KZN & Eastern Cape Easter floods (cut-off low / upper trough)","2019-04-18","KwaZulu-Natal; Eastern Cape; Free State","87","disputed",,"7","False","At least 33 people have died in flooding and mudslides triggered by torrential rains that have battered KwaZulu-Natal and the Eastern Cape since Monday – and the death toll is expected to rise.","https://www.theherald.co.za/news/2019-04-24-heavy-rains-deadly-toll/","True","causal","Meanwhile, ANC provincial chair Oscar Mabuyane and cooperative governance and traditional affairs MEC Fikile Xasa described Green Farm as a disaster waiting to happen, saying the whole town needed to be re-engineered.","https://www.theherald.co.za/news/2019-04-24-heavy-rains-deadly-toll/","True","President","False","none","President Cyril Ramaphosa visited the affected region on Wednesday. 'This situation calls on all of us to pull together as a country to reach out to affected communities,' he said in a statement.","https://www.aljazeera.com/news/2019/4/24/more-than-60-dead-in-south-africa-floods","8","2","0","True","True","This is partly what climate change is about, it just hits when we least expect it.","https://www.dailymaverick.co.za/article/2019-05-24-durban-floods-an-open-letter-to-president-cyril-ramaphosa/","True","We are also issuing warnings for the Northern parts of KZN including King Cetshwayo District Municipality.","https://www.polity.org.za/article/kzn-floods-in-durban-2019-04-23","Also fetched GroundUp 'we have been moved...' but it is a June 2022 article about the 2022 floods - excluded from coding and from articles_read. The Daily Maverick 2022 retrospective in the source list was not fetched."
"2019-11-durban-mpolweni-storms","Durban storms and floods / Mpolweni tornado","2019-11-11","KwaZulu-Natal","4","unknown",,"4","False","","","False","location_only","","","False","Premier","True","Premier (with MEC and District Mayor)","","","3","3","1","False","False","","","True","The province's disaster management teams have been placed on alert since the weekend as the customary November storms are expected to cause severe damage.","https://www.dailymaverick.co.za/article/2019-11-13-scores-injured-houses-destroyed-in-pietermaritzburg-tornado/","News24 video article returned 403."
"2020-02-kzn-nonoti","KZN flash floods (Nonoti drowning)","2020-02-22","KwaZulu-Natal","1","unknown",,"4","False","","","False","none","","","False","none","False","none","","","2","0","0","True","False","","","False","","","IOL returned 403. Witness LNN 'woman and vehicle swept away' page turned out to be dated April 2022 (different event) - excluded."
"2020-11-umlazi-hammanskraal","Umlazi and Tshwane/Hammanskraal flash floods","2020-11-20","KwaZulu-Natal; Gauteng; Free State","4","unknown",,"3","False","","","False","none","","","False","none","True","Mayor","","","2","1","0","False","False","","","False","","","News24 and IOL (403) and EWN (404) fetches failed. The Conversation source listed is a 2024 generic explainer, not coverage of this event; not used. No coverage specific to the Umlazi death found beyond FloodList."
"2021-01-eloise-limpopo-mpumalanga","Tropical Storm Eloise floods","2021-01-22","Limpopo; Mpumalanga; KwaZulu-Natal; North West; Northern Cape","10","True","Yellow Level 4 and Orange Level 9, plus Red warnings for disruptive rain (Lowveld of Limpopo and Mpumalanga), to 25 Jan","8","True","Cyclone Eloise: Death toll in SA rises to four","https://www.citizen.co.za/news/south-africa/2431226/cyclone-eloise-death-toll-in-sa-rises-to-four/","True","causal","Many of the affected houses were built barely five metres away from the stream","https://www.citizen.co.za/mpumalanga-news/man-is-feared-to-have-drowned-after-torrential-rain-in-kanyamazane/","False","none","False","","","","4","6","2","False","False","","","True","The SA Weather Service on Sunday issued a red level-10 warning for eastern parts of Limpopo and Mpumalanga for Sunday into Monday.","https://www.timeslive.co.za/news/south-africa/2021-01-25-we-could-have-died-says-limpopo-man-after-storm-eloise-ravages-village/","Wikipedia and PMG sources not fetched (news coverage sufficient). Event overlaps with Feb 2021 floods; tolls in later articles mix Eloise and subsequent rains."
"2021-02-mpumalanga-kzn-limpopo-floods","Continued February rains: Mpumalanga, KZN (Ladysmith) and Limpopo floods","2021-02-04","Mpumalanga; KwaZulu-Natal; Limpopo; Gauteng",,"True","Level 2 warning for disruptive rain (Gauteng, Limpopo, North West, KZN) ~8 Feb","4","False","The Cooperative Governance Department said at least eight people were swept away by floods including a mother and her baby, but there are growing fears this number could soon rise.","https://clubofmozambique.com/news/south-africa-search-operations-in-mpumalanga-under-way-after-8-people-drowned-5-missing-183746/","True","causal","Storms are exacerbated because of poor infrastructure and people staying in flood prone areas.","https://pmg.org.za/committee-meeting/32747/","False","none","False","","","","2","0","0","True","True","Climate change has a huge effect on the disasters currently experienced, particularly storms, and this calls for organs of state to develop better disaster contingency plans that take into account climate change.","https://pmg.org.za/committee-meeting/32747/","True","the South African Weather Service has issued a level two warning for disruptive rains over Gauteng, Limpopo, the North West and KwaZulu-Natal.","https://clubofmozambique.com/news/south-africa-search-operations-in-mpumalanga-under-way-after-8-people-drowned-5-missing-183746/","News24 (403) failed. Many search hits for Limpopo/Mpumalanga floods were Jan 2026 events and were discarded (SABC/Channel Africa pages fetched but found to be 2026, not counted). KZN component (8 dead) had no retrievable news coverage. PMG-only findings flagged in notes for P1/P2/P5."
"2022-01-kzn-ladysmith-vaal","Ladysmith/Msinga floods and Vaal River dam-release flooding","2022-01-15","KwaZulu-Natal; North West","1","True",,"5","False","","","True","causal","He has also advised communities not to build along riverbanks.","https://newcastillian.com/2022/01/17/ladysmith-residents-evacuated-as-flooding-worsens/","False","none","False","","","","2","3","2","False","False","","","False","","","ReliefWeb ECHO flash not fetched. Vaal component (dam releases) only in FloodList."
"2022-04-kzn-megaflood","April 2022 KwaZulu-Natal floods (eThekwini mega-flood)","2022-04-08","KwaZulu-Natal; Eastern Cape","435","disputed","Yellow Level 2 (issued 9 Apr for 10 Apr) escalated to Orange Level 8 (issued 11 Apr for 11-12 Apr); Wikipedia describes Level 5 upgraded to 8 then 9","6","True","The death toll could be much higher as emergency response teams continue to assess the damage and reach other regions in the province.","https://www.dailymaverick.co.za/article/2022-04-12-tragedy-in-kzn-as-floods-cause-devastation-mostly-for-the-poor-in-informal-settlements/","True","causal","We also make an impassioned appeal to the people of KwaZulu-Natal to avoid building their homes near river banks on areas unsafe for human settlements.","https://www.news24.com/southafrica/news/kzn-floods-even-if-we-had-systems-in-place-we-are-merely-human-beings-says-premier-zikalala-20220421","True","President","True","Premier","Ramaphosa's tour of devastated areas, in the company of KwaZulu-Natal Premier Sihle Zikalala, first took him to Clermont, where he met the grief-stricken Sokhela family, whose four children were killed after a Methodist church building collapsed onto their house.","https://mg.co.za/news/south-africa/2022-04-13-ramaphosa-promises-aid-to-families-devastated-by-kwazulu-natal-floods/","8","2","6","True","True","While no direct attribution to climate change has been established, the disaster in KwaZulu-Natal is notable in that it follows the recent publication of the Working Group 2 report of the Intergovernmental Panel on Climate Change (IPCC).","https://www.dailymaverick.co.za/article/2022-04-12-could-the-kzn-flooding-disaster-have-been-mitigated-by-a-better-early-warning-system/","True","The SA Weather Service, however, had issued a 'Yellow level 2 warning' for rain in KwaZulu-Natal two days before that.","https://www.dailymaverick.co.za/article/2022-04-12-could-the-kzn-flooding-disaster-have-been-mitigated-by-a-better-early-warning-system/","Wikipedia/FloodList not needed. P4 ratio sits exactly at 0.8 threshold; sensitive to whether Abahlali statement is counted."
"2022-05-kzn-repeat","May 2022 KwaZulu-Natal floods (repeat event)","2022-05-20","KwaZulu-Natal",,"True","SAWS Level 10 (per KZN provincial statement); secondary summary reports Level 5 upgraded to Level 8 then 9","5","False","","","False","location_only","","","False","Premier","True","Premier","","","4","1","0","True","False","","","True","A level 10 alert was issued by SA Weather System early Saturday.","https://www.dailymaverick.co.za/article/2022-05-22-umdloti-flats-collapse-at-first-it-sounded-like-thunder-but-then/","gov.za statement (connection refused) and Save the Children (403) failed. GroundUp hit was a March 2025 article (different event), fetched but discarded and not counted."
"2022-09-jagersfontein-tailings","Jagersfontein mine tailings dam collapse flood","2022-09-11","Free State","3","unknown",,"3","False","","","False","none","","","True","President","True","Premier","We're not here only for you to see us, but so I can see what happened and the work done by the premier, MEC, municipality, and other organisations that have been helping, and to ensure that we will fix what happened to support you. We won't abandon you","https://www.news24.com/southafrica/news/we-wont-abandon-you-ramaphosa-stunned-by-jagersfontein-damage-promises-to-provide-support-20220913","2","0","0","True","False","","","False","","","Non-weather mining tailings dam collapse; framing centred on mine/dam failure. Search snippets indicate later tolls of 5 but not from articles read in full."
"2023-02-national-disaster-floods","February 2023 La Nina floods - national state of disaster (7 provinces)","2023-02-02","Mpumalanga; Eastern Cape; Gauteng; KwaZulu-Natal; Limpopo; Northern Cape; North West",,"True",,"4","True","At least 2 people have died and 5 are still missing.","https://floodlist.com/africa/south-africa-floods-update-feberuary-2023","False","location_only","","","False","none","False","none","","","3","0","0","True","False","","","True","Cooperative Governance and Traditional Affairs Minister Nkosazana Dlamini Zuma and Tourism Minister Lindiwe Sisulu both issued statements last week urging people to be cautious and take heed of warnings and updates from the weather service.","https://www.dailymaverick.co.za/article/2023-02-14-flood-disaster-provinces-record-mounting-death-destruction/","Multi-province, multi-week event; coverage fragmented by province and dominated by spokespeople."
"2023-06-kzn-ethekwini-landspout","KZN floods and landspout (eThekwini, Ugu)","2023-06-27","KwaZulu-Natal","7","unknown",,"5","True","The death toll following heavy rains and strong winds in KwaZulu-Natal has risen to seven, while another seven people are still missing.","https://www.news24.com/southafrica/news/kzn-flooding-death-toll-rises-to-7-20230630","True","causal","She warned people not to build near rivers and other unsafe areas prone to flooding.","https://www.dailymaverick.co.za/article/2023-06-28-durban-tornado-terror-one-moment-i-was-inside-a-house-the-next-moment-i-was-outside/","False","Premier","True","Premier, Minister (Human Settlements), MEC, Mayor","","","3","2","1","False","True","As the KwaZulu-Natal province, we are experiencing firsthand the true effects of climate change during the winter season.","https://www.news24.com/southafrica/news/kzn-tornado-death-toll-rises-to-four-one-person-missing-many-others-homeless-20230629","False","","","SAWS classified event as a landspout in Inanda/Phoenix. Informal settlements (Bhambayi, Dube Village) heavily affected."
"2023-10-kzn-mtubatuba-storm","KZN severe storms and floods (Mtubatuba, Kokstad, Umzimkhulu)","2023-10-21","KwaZulu-Natal","5","unknown",,"3","True","Five people, including a one-year-old baby, were killed in the northern KZN town as heavy rains and a hailstorm battered the uMkhanyakude District.","https://www.ecr.co.za/news/news/kzn-storm-claims-five-lives-mec-visits-victims/","False","location_only","","","False","MEC","True","MEC","","","3","0","0","True","False","","","False","","","Hailstorm/rain event; coverage framed as damage tallies by district."
"2023-12-dundee-storm","Dundee / Sithembile thunderstorm and flooding","2023-12-18","KwaZulu-Natal","1","True",,"1","False","","","False","none","","","False","none","False","none","","","1","0","0","True","True","Sithole-Moloi has raised the department's concerns about the recurring devastating rains in the province, saying it is an alarming indication of the impact of global warming.","https://www.sanews.gov.za/south-africa/disaster-teams-respond-dundee-flood-victims","True","the department has been issuing weather warnings and recently launched","https://www.sanews.gov.za/south-africa/disaster-teams-respond-dundee-flood-victims","Very low-coverage event (1 death by lightning); only government news agency coverage read."
"2023-12-ladysmith-christmas-eve","Ladysmith Christmas Eve flash floods (Bell's Spruit / Klip River)","2023-12-24","KwaZulu-Natal","21","True","Yellow Level 2 (thunderstorms) per The Witness","5","True","The death toll has risen to 13 after six more bodies were recovered after the Christmas Eve flash floods in Ladysmith, KwaZulu-Natal.","https://www.timeslive.co.za/news/south-africa/2023-12-29-ladysmith-floods-death-toll-rises-to-13/","True","causal","Ladysmith has historically been susceptible to flooding due to its location in a floodplain along the catchment area.","https://witness.co.za/news/2023/12/27/tragedy-in-ladysmith/","False","MEC","True","MEC","","","4","1","1","True","False","","","False","","","Flash flood on Bell Spruit swept away cars at night; toll climbed over a week. Later folded into Jan 2024 KZN disaster declarations."
"2024-01-kzn-freestate-floods","January 2024 KwaZulu-Natal and Free State floods","2024-01-07","KwaZulu-Natal; Free State",,"unknown",,"4","False","","","False","location_only","","","False","Minister","True","Minister (CoGTA), Deputy Minister, MEC","","","4","1","1","True","True","The department believes that the impact of natural disasters is made worse by the ongoing impact of climate change, which has brought unprecedented weather patterns.","https://www.sanews.gov.za/south-africa/several-parts-kzn-classified-disaster-areas-following-floods","False","","","Event overlaps with Ladysmith Christmas Eve flood (26 uThukela festive-season deaths include it). Coverage centred on disaster classification and municipal infrastructure failure. ReliefWeb (listed) not fetched due to 403s on ReliefWeb elsewhere."
"2024-04-kzn-south-coast-floods","April 2024 KZN South Coast / eThekwini floods","2024-04-16","KwaZulu-Natal","5","True","Orange Level 5 (issued 14 April 2024 for the South Coast)","4","True","The death toll following a storm, heavy rains and flooding in and around Margate has risen to five.","https://www.dailymaverick.co.za/article/2024-04-16-death-toll-climbs-to-five-after-margate-pounded-by-devastating-storm-force-winds-floods/","False","none","","","False","MEC","True","MEC, District and Local Mayors","","","2","0","0","True","False","","","True","The department earlier warned of level 5 disruptive rain which could result in localised flooding.","https://www.timeslive.co.za/news/south-africa/2024-04-15-margate-storm-leaves-five-people-dead-and-infrastructure-damaged/","Only listed source (ReliefWeb) returned 403; news coverage found via WebSearch."
"2024-06-kzn-tornadoes-storm","June 2024 KZN storms and tornadoes (Tongaat EF3, Newcastle-Utrecht)","2024-06-03","KwaZulu-Natal","12","disputed","Yellow Level 6 (issued 1 June for cut-off low); a level 1 warning earlier on 3 June per search summary","4","True","The confirmed death toll after a tornado hit the KwaZulu-Natal north coast on Monday, destroying hundreds of homes and leaving at least 1,200 people displaced, has risen to seven.","https://www.timeslive.co.za/news/south-africa/2024-06-04-tongaat-tornado-death-toll-rises-to-7/","False","location_only","Local ward councillor Dolly Munien said many more people were injured by the storm, which also left hundreds of people homeless as shacks were blown away and roofs ripped off.","https://groundup.org.za/article/storm-in-tongaat/","False","Premier","True","Premier; Mayor","","","3","2","0","False","False","","","True","On Friday, the South African Weather Service issued a warning of cut-off low pressure system moving across the country, affecting the Western Cape on Sunday and moving across the Eastern Cape to KwaZulu-Natal.","https://groundup.org.za/article/storm-in-tongaat/","WebFetch outputs are extraction summaries with quoted sentences; quoted sentences treated as verbatim. Daily Maverick listed source was about NMB floods, not fetched."
"2024-10-eastern-cape-nmb-floods","October 2024 Nelson Mandela Bay floods / national disaster (22-29 Oct storms)","2024-10-21","Eastern Cape; KwaZulu-Natal; Free State; Limpopo; North West; Gauteng; Mpumalanga","3","True","Level 6 rain warning (per search summary)","4","False","","","True","causal","In the Vastrap informal settlement, 51-year-old Bukelwa Ndima was killed after coming into contact with a suspected 'illegal' electricity connection.","https://www.dailymaverick.co.za/article/2024-10-23-nelson-mandela-bay-counts-flooding-costs-three-dead-3000-displaced-electricity-and-sewage-systems-down/","False","Premier","True","Premier; MEC","","","4","2","1","False","False","","","False","","","Watchers is an aggregator; used because only DM had substantial news content (eNCA was a brief). Engineering News/Insurance Journal national-disaster pieces not fetched."
"2025-02-ethekwini-storm-wall-collapses","February 2025 eThekwini storm: landslide and wall collapses (KwaMakhutha, Folweni, Demat, Ensimbini)","2025-02-19","KwaZulu-Natal","9","True","Level 5 (disruptive rainfall, KZN coastal areas)","4","True","At least nine people died following devastating floods and landslides","https://watchers.news/2025/02/22/at-least-nine-dead-after-severe-flooding-and-landslides-hit-kwazulu-natal-kzn-south-africa/","True","causal","Informal settlements and peri-urban areas, which are densifying, often lack adequate planning, engineering and drainage systems, which leads to heightened risks.","https://www.dailymaverick.co.za/article/2025-02-20-heavy-rain-batters-kzn-killing-3-in-landslide-amid-flooding/","False","none","False","","","","4","0","1","True","True","paying careful attention to planning and development that is responsive to climate change.","https://www.dailymaverick.co.za/article/2025-02-20-heavy-rain-batters-kzn-killing-3-in-landslide-amid-flooding/","True","The South African Weather Service (Saws) issued an alert on Sunday, 16 February, advising people, especially in low-lying areas and flat plains, to take all necessary precautions in anticipation of disruptive rain.","https://www.dailymaverick.co.za/article/2025-02-20-heavy-rain-batters-kzn-killing-3-in-landslide-amid-flooding/","South Coast Sun article short; no direct quotes. SAnews is a government news service (city statement)."
"2025-02-lamontville-floods","Late February 2025 Lamontville / eThekwini flash floods (and multi-province flooding)","2025-02-25","KwaZulu-Natal; Gauteng; Free State; North West; Limpopo; Northern Cape","12","unknown",,"5","True","The death toll for flash floods in eThekwini, which was caused by heavy rainfall that broke out in KwaZulu-Natal, has risen to six.","https://www.news24.com/southafrica/news/five-bodies-recovered-amid-flooding-caused-by-heavy-rainfall-in-kwazulu-natal-20250226","True","causal","The mayor added that eThekwini has about 590 informal settlements 'which keep growing'. People in these settlements often build on high-risk areas such as wetlands which made providing services there difficult, he said.","https://groundup.org.za/article/over-20-people-died-and-hundreds-relocated-following-recent-kzn-floods/","False","Minister","True","Minister; Mayor; MEC","","","5","0","0","True","True","Xaba said the municipality is struggling to cope with the unprecedented rainfall in recent years which has crippled key infrastructure like roads and bridges. Climate change has been a factor in the recent extreme weather conditions, he added.","https://groundup.org.za/article/over-20-people-died-and-hundreds-relocated-following-recent-kzn-floods/","False","","","IOL links 403. GroundUp 5 Mar article is cumulative (Feb floods incl. Lamontville) and is also relevant to 2025-03 event."
"2025-03-kzn-further-floods","Early March 2025 KZN flash floods (eThekwini/Pinetown)","2025-03-01","KwaZulu-Natal",,"True","Level 5","4","True","The death toll from last week's devastating floods in Durban has risen to three, with one person still missing and presumed dead.","https://witness.co.za/news/2025/03/17/ethekwini-flood-damage-exceeds-r15-billion/","True","causal","He warned against constructing homes in flood-prone areas, saying this increased the risk of fatalities and displacements.","https://witness.co.za/news/2025/03/17/ethekwini-flood-damage-exceeds-r15-billion/","False","Premier","True","Premier; Mayor","","","6","0","0","True","False","","","True","KwaZulu-Natal residents have been urged to take caution following a level 6 warning for heavy rains in the province.","https://www.ewn.co.za/2025/03/14/in-pics-destructive-kzn-flooding-destroys-infrastructure-vehicles","Event scope interpreted as the further KZN floods of March 2025 (early March and the 13-14 March Pinetown floods), since no separate mid-March event exists in the dataset. Both listed IOL URLs returned 403."
"2025-11-umshwathi-new-hanover-floods","November 2025 New Hanover / uMshwathi floods","2025-11-23","KwaZulu-Natal","3","unknown",,"4","False","The bodies of two residents have been recovered in New Hanover, KwaZulu-Natal (KZN), after they were swept away during last week's devastating floods.","https://www.ewn.co.za/2025/12/03/bodies-of-two-kzn-flood-victims-recovered-in-new-hanover-all-residents-now-accounted-for","True","causal","It is very unfortunate that even the victims that we are talking about today are simply because people have built in areas which they are not supposed to build on.","https://www.ewn.co.za/2025/11/25/kzn-municipalities-urged-to-enforce-by-laws-to-prevent-disaster-deaths","False","MEC","True","MEC","","","3","1","1","False","False","","","False","","","ECR article date not visible (likely 25-26 Nov 2025). IOL 24 Dec retrospective not fetched (IOL links 403 elsewhere)."
"2025-12-festive-storms-kzn-ec-gauteng","December 2025 severe thunderstorms and floods (Ugu/eThekwini, Eastern Cape, Tshwane)","2025-12-21","KwaZulu-Natal; Eastern Cape; Gauteng; Limpopo; Mpumalanga","5","True","Yellow Level 4 (severe thunderstorms)","4","True","By Tuesday morning, the number of people who died as a result of the severe storms in KwaZulu-Natal had risen to four","https://www.dailymaverick.co.za/article/2025-12-22-severe-weather-claims-two-lives-as-relief-operations-across-sa-kick-into-gear/","False","location_only","Our teams assisted the community of Diepsloot, which was hit hardest. There were many informal structures completely, completely flooded.","https://www.dailymaverick.co.za/article/2025-12-22-severe-weather-claims-two-lives-as-relief-operations-across-sa-kick-into-gear/","False","none","False","","","","4","0","1","True","False","","","True","The weather service has also issued a Yellow Level 4 warning for severe thunderstorms, forecasting widespread rainfall that could exacerbate flooding hazards.","https://www.dailymaverick.co.za/article/2025-12-22-severe-weather-claims-two-lives-as-relief-operations-across-sa-kick-into-gear/","Small event (5 deaths). IOL Mercury article 403. News24 paywalled/partial."
"2026-01-limpopo-mpumalanga-floods","January 2026 Limpopo and Mpumalanga floods (Red Level 10, Kruger evacuations)","2026-01-12","Limpopo; Mpumalanga; KwaZulu-Natal; Eastern Cape; North West","37","True","Red Level 10 (disruptive rainfall), escalated from Level 9, issued 15 Jan 2026 14:41 for parts of Limpopo and Mpumalanga","7","True","The death toll from flooding and drowning incidents linked to heavy rains in Limpopo has climbed to 22, with seven people still missing","https://iol.co.za/news/south-africa/2026-01-26-limpopo-floods-death-toll-rises-to-22-as-seven-remain-missing/","True","causal","Poor infrastructure, such as badly maintained drains and bridges, and houses built in flood-prone areas.","https://theconversation.com/south-africas-floods-turned-deadly-because-limpopo-wasnt-prepared-how-to-prevent-a-repeat-274287","True","President","True","Minister","President Cyril Ramaphosa toured affected parts of Limpopo on Thursday, saying the province had received about 400mm (16 inches) of rain in less than a week.","https://www.aljazeera.com/news/2026/1/17/floods-kill-more-than-100-across-southern-africa-as-rains-intensify","8","0","0","True","True","Climate change loss and damage funding must kick in to compensate families affected by floods.","https://theconversation.com/south-africas-floods-turned-deadly-because-limpopo-wasnt-prepared-how-to-prevent-a-repeat-274287","True","The South African Weather Service (saws) has issued a red level 10 warning for disruptive rainfall for areas most at risk.","https://www.ewn.co.za/2026/01/15/level-10-warning-issued-extreme-flood-risk-for-limpopo-and-mpumalanga","Big event (37+ deaths). Presidential visit present so no extra Ramaphosa search needed."
"2026-05-cutofflow-cold-fronts-national-disaster","May 2026 cut-off low and cold fronts: Garden Route/Gamtoos floods and Cape Town storm (national disaster)","2026-05-04","Western Cape; Eastern Cape; Northern Cape; North West; Free State; Mpumalanga","10","True","Orange Level 8 disruptive rainfall (issued 4 May, Garden Route/EC); Level 8 disruptive rain and gale-force winds for 11 May Cape storm","7","True","Authorities have confirmed multiple deaths linked to the severe weather, with reports suggesting the national death toll has risen to at least 10 as flooding and storm damage continue across several provinces.","https://mg.co.za/the-green-guardian/2026-05-12-cape-town-storm-floods-26-informal-settlements-and-damages-more-than-10-000-structures/","True","causal","settlement expansion on to wetlands and riverbeds could lead to catastrophic loss of life from extreme weather.","https://www.dailymaverick.co.za/article/2026-07-27-western-cape-scrambles-to-implement-climate-responsive-strategies-after-calamitous-floods/","False","none","False","","","","9","6","1","False","True","extreme weather events were expected to increase as the global climate continued to warm.","https://www.dailymaverick.co.za/article/2026-07-27-western-cape-scrambles-to-implement-climate-responsive-strategies-after-calamitous-floods/","True","SAWS has issued a Level 8 warning for disruptive rainfall and gale-force winds over Cape Town.","https://www.dailymaverick.co.za/article/2026-05-11-cold-fronts-lash-western-cape-one-dead-communities-flooded-and-schools-shut/","Multi-province national disaster; coverage read is Western Cape-centric. Ramaphosa visit search done (none found)."
"2026-09-kzn-heavy-rain","September 2026 KZN heavy rain, mudslides and settlement flooding","2026-09-18","KwaZulu-Natal","4","True","Orange Level 6 (coast and interior north to Richards Bay); Yellow Level 4 elsewhere","4","False","","","True","causal","The longer-term issue is about housing and planning and why they are living there in the first place.","https://iol.co.za/news/south-africa/2026-09-19-kzn-heavy-rain-tests-whether-flood-warnings-reach-vulnerable-communities/","False","none","False","","","","3","0","2","True","False","","","True","SAWS issued an Orange Level 6 warning for disruptive rainfall along the KwaZulu-Natal coast and adjacent interior up to Richards Bay.","https://iol.co.za/news/south-africa/2026-09-19-kzn-heavy-rain-tests-whether-flood-warnings-reach-vulnerable-communities/","Minor event; 4 road-crash deaths partly attributed to rain; no flood drownings."
"2016-11-johannesburg-flash-floods","Johannesburg / Gauteng flash floods (OR Tambo, Alexandra, N3)","2016-11-09","Gauteng","6","unknown",,"3","True","Four people have been confirmed dead following Wednesday's flash floods, which washed across Johannesburg and Ekurhuleni.","https://www.sanews.gov.za/south-africa/joburg-flash-floods-aftermath","True","causal","Government will ensure that people who are informally settled along the river banks are moved to formal areas to avoid future occurrence of such incidents","https://floodlist.com/africa/south-africa-gauteng-floods-november-2016","False","MEC","True","MEC (Paul Mashatile, representing the Gauteng Premier)","","","3","0","0","True","False","","","True","the South Africa Weather Service has issued a watch for severe thunderstorms in Guateng province","https://www.africanews.com/2016/11/10/south-africa-flash-floods-kill-six-people-in-johannesburg/","Limited news coverage accessible; relied partly on SAnews (gov) and FloodList (aggregator) after News24/City Press returned 403."
"2017-01-limpopo-mpumalanga-flash-floods","Limpopo and Mpumalanga flash floods","2017-01-05","Limpopo; Mpumalanga; Gauteng","7","True",,"3","False","","","False","none","","","False","none","False","","","","3","0","0","True","False","","","True","A warning was issued by the South African Weather Service last night at 11:00 that heavy rain leading to localised and flash flooding is expected in places over Mpumalanga.","https://www.citizen.co.za/lowvelder/news-headlines/local-news/2017/01/07/mpumalanga-flood-alert-courageous-firefighter-swept-away-during-flood/","Only aggregators listed; one local news article (Lowvelder/Citizen) found via WebSearch. Coverage thin."
"2017-06-cape-storm","Cape storm (worst winter storm in 30 years) with Cape Town flooding","2017-06-06","Western Cape; Eastern Cape; Northern Cape","8","True",,"4","False","","","False","location_only","Thousands of people have been left homeless, according to Western Cape officials, with the millions living in shanty towns the hardest hit.","https://www.aljazeera.com/amp/news/2017/6/8/storm-kills-several-displaces-thousands-in-cape-town","False","none","False","","","","4","1","0","True","True","South Africa's climate is changing and with that comes extreme weather.","https://mg.co.za/article/2017-06-13-climate-change-evident-in-cape-storm-and-knysna-fires/","True","Residents should make real preparations for the storm and not take it lightly. They should be prepared to stay inside their homes. Outside, they should tie down their belongings as we are expecting abnormally strong winds.","https://watchers.news/2017/06/06/cape-town-storm-south-africa/","News24, IOL, Bloomberg, Inquirer pages returned 403; EWN 404. Coverage relies on AP (via Fox), Al Jazeera, M&G, and Watchers (aggregator). Deaths: ~8 storm + 7 Knysna fire."
"2018-10-pretoria-flash-floods","Pretoria / Gauteng flash floods","2018-10-13","Gauteng; North West",,"True",,"2","not_determinable","","","False","none","","","False","none","False","none","","","2","0","0","True","False","","","True","The South African Weather Service earlier issued a warning of continuing heavy rains with the possibility of hail in Gauteng and especially Tshwane throughout the day‚ but said it might subside later on Sunday afternoon.","https://www.timeslive.co.za/news/south-africa/2018-10-14-two-drownings-under-investigation-as-flash-floods-hit-pretoria/","Minor event; deaths unconfirmed in coverage read."
"2019-12-tshwane-mamelodi","Tshwane / Mamelodi / Centurion floods","2019-12-09","Gauteng; North West","1","unknown",,"3","False","","","True","causal","Eerste Fabriek is one such settlement that was built along the banks of a river that flows through Mamelodi. The danger of flooding has always been present because the informal settlement was built along a flood plain.","https://www.news24.com/mamelodi-flood-victim-dies-20191223","False","Premier","True","Premier","","","2","0","1","True","False","","","False","","","Citizen (2023) and GroundUp (2022) search hits were about later events and not used."
"2020-02-johannesburg-floods","Johannesburg / Soweto / Alexandra flash floods","2020-02-07","Gauteng","2","True",,"3","False","","","False","location_only","","","False","none","False","none","","","3","1","0","False","False","","","True","Flooding possible in parts of the Free State, Gauteng, North West, northern KZN and western Mpumalanga. Stay safe and keep a safe following distance when driving.","https://floodlist.com/africa/south-africa-floods-johannesburg-gauteng-february-2020",""
"2020-10-mopani-hail-floods","Mopani hailstorm and floods","2020-10-10","Limpopo","1","unknown",,"1","False","","","False","none","","","False","none","False","none","","","2","0","0","True","False","","","False","","","WebSearch found no further usable news coverage (hits were other years or social media); coding based on a single article."
"2021-01-northern-cape-floods","Northern Cape floods (Eloise remnants)","2021-01-27","Northern Cape","3","True","Yellow warning (disruptive rain) issued 27 Jan for western North West and north-eastern Northern Cape, 26-29 Jan","3","False","","","False","none","","","False","Premier","True","Premier","","","3","1","1","False","False","","","False","","","Several search hits (SABC 'Northern Cape floods leave three dead', OFM, SAnews) turned out to be May 2026 Northern Cape floods and were EXCLUDED; the 2026 SABC piece contained climate/low-lying-land framing that must not be attributed to 2021. Provincial gov.za statement and News24/City Press Saul piece failed to load."
"2021-05-western-cape-overberg","Western Cape storm floods (Struisbaai / Bonnievale)","2021-05-05","Western Cape","2","unknown",,"2","False","","","False","none","","","False","none","False","none","","","2","0","0","True","False","","","False","","","Thin coverage; IOL fetch failed."
"2022-01-eastern-cape-mdantsane","Eastern Cape floods (Mdantsane / Buffalo City)","2022-01-08","Eastern Cape","14","disputed",,"3","True","Hundreds of people have been shifted to safety after torrential rains caused floods that killed at least 14 people and damaged houses in the Eastern Cape over the weekend.","https://www.dailymaverick.co.za/article/2022-01-12-eastern-cape-officials-still-counting-losses-after-floods-kill-14-and-displace-hundreds/","False","location_only","","","False","Premier","True","Premier; MECs; national Minister (Social Development)","","","11","0","1","True","False","","","False","","",">=10 deaths. Wikipedia 2022_Eastern_Cape_floods was fetched but excluded from coding as an aggregator since news coverage was available; News24 returned 403; OkayAfrica hit was June 2025 floods (excluded)."
"2022-02-tembisa-ivory-park","Tembisa / Ivory Park flash flood (Kaalspruit)","2022-02-18","Gauteng","1","unknown",,"3","False","","","True","causal","Phalatse said the flood-induced displacements were a clear indication more work to create permanent housing opportunities for 'informally housed residents' needed to be done.","https://www.citizen.co.za/news/south-africa/local-news/pics-videos-more-than-180-displaced-after-ivory-park-flash-floods/","False","none","True","Mayor (Johannesburg Mayor Mpho Phalatse) and MMC David Tembe","","","1","5","0","False","False","","","False","","","News24 listed source returned 403."
"2022-12-jukskei-baptism","Jukskei River flash flood during baptism (Alexandra/Bramley Park)","2022-12-03","Gauteng","14","True",,"3","True","This brings the total number of deceased to 9, while 6 remain missing.","https://www.citizen.co.za/news/jukskei-river-flash-flood-missing-4-december-2022/","False","none","","","False","none","False","none","","","2","0","0","True","False","","","False","","",">=10 deaths. Framing centred on ritual/church rather than settlements."
"2023-03-port-st-johns-ingquza","Eastern Cape flash floods (Port St Johns, Ingquza Hill, KSD)","2023-03-23","Eastern Cape","3","unknown",,"3","False","","","True","causal","""We have to be more prepared for disasters like these… to be more alive to town planning, because a number of people have built in wetland areas… on slopes, so our planning at the municipal level needs to be a lot better than it is.""","https://www.dailymaverick.co.za/article/2023-03-30-port-st-johns-flood-crisis-leaves-more-than-1000-displaced-and-waterworks-bridges-destroyed/","True","President","False","","President Cyril Ramaphosa was flown by helicopter to visit the Eastern Cape coastal town of Port St Johns on Tuesday","https://www.dailymaverick.co.za/article/2023-03-30-port-st-johns-flood-crisis-leaves-more-than-1000-displaced-and-waterworks-bridges-destroyed/","6","4","1","False","True","""Climate change is a reality. Even roads that were well built are destroyed, but the worst part is that the homes and houses of many of our people here have also been destroyed.""","https://www.dailymaverick.co.za/article/2023-03-30-port-st-johns-flood-crisis-leaves-more-than-1000-displaced-and-waterworks-bridges-destroyed/","True","Ngquza Hill local municipality, incorporating Lusikisiki, was on a serious level 6 orange warning.","https://www.timeslive.co.za/amp/news/south-africa/2023-03-25-three-dead-hundreds-being-sheltered-after-eastern-cape-floods/","Coverage via WebFetch model extraction; quotes appear verbatim."
"2023-09-cape-coast-storm-surge","Coastal storm / spring-tide waves on Eastern and Western Cape coasts","2023-09-16","Eastern Cape; Western Cape","2","True",,"1","not_determinable","","","False","location_only","","","False","none","False","","","","4","3","2","False","True","""I don't think this storm was caused by climate change, but as sea volumes rise these storm surges would get more severe and more frequent because of climate change""","https://www.dailymaverick.co.za/article/2023-09-17-two-dead-after-high-winds-and-wild-seas-wreak-havoc-on-eastern-and-western-cape-coasts/","True","On Friday, the South African Weather Service issued an alert for damaging winds that would continue into the weekend","https://www.dailymaverick.co.za/article/2023-09-17-two-dead-after-high-winds-and-wild-seas-wreak-havoc-on-eastern-and-western-cape-coasts/","Only one source listed; WebSearch found News24/Kouga Express article but fetch returned 403. Coastal storm surge/wave deaths rather than riverine flood."
"2023-09-western-cape-cutoff-low","September 2023 Western Cape (and Eastern Cape) cut-off low floods","2023-09-23","Western Cape; Eastern Cape","11","True","Orange Level 9 (disruptive rain, Overberg/Garden Route/southern Cape Winelands, 24 Sep; Eastern Cape 25 Sep); Orange Level 8 eastern EC coast; Orange Level 6 severe thunderstorms/winds","3","True","Eight people including four children were killed by electrocution in two separate events after days of heavy rain caused floods in impoverished informal settlements near the South African city of Cape Town","https://www.voanews.com/a/people-electrocuted-in-south-africa-as-floods-cause-deaths-damage-across-western-cape/7284333.html","True","causal","Many homes in the poor townships on the outskirts of South Africa's second-biggest city have makeshift electricity connections, with people hooking their houses or shacks up to existing power lines themselves. They are illegal and dangerous, but relatively widespread.","https://www.voanews.com/a/people-electrocuted-in-south-africa-as-floods-cause-deaths-damage-across-western-cape/7284333.html","False","none","False","","","","1","2","0","False","False","","","True","The South African Weather Service had issued a level 9 warning of disruptive rain and gale force winds.","https://groundup.org.za/article/hundreds-flee-flooded-homes-as-storms-batter-western-cape/","VOA article is AP wire (found via WebSearch). >=10 deaths so visit search performed."
"2023-10-or-tambo-floods","OR Tambo District floods, Eastern Cape","2023-10-17","Eastern Cape","3","unknown",,"3","False","","","False","none","","","False","none","False","","","","2","1","0","False","False","","","False","","","Both listed sources failed (News24 403, ReliefWeb 403); articles found via WebSearch. Coverage also includes Amathole deaths/missing (Centane) as part of same rain system."
"2024-06-eastern-cape-floods","June 2024 Nelson Mandela Bay & Buffalo City floods (cut-off low)","2024-06-01","Eastern Cape","11","True","Orange Level 6 (disruptive rainfall), Nelson Mandela Bay and Eastern Cape municipalities","3","True","The death toll from the Nelson Mandela Bay floods last week has risen to 10 after the police teams found two more bodies as flood waters subsided.","https://www.dailymaverick.co.za/article/2024-06-09-death-toll-10-after-nelson-mandela-bay-flood/","False","location_only","","","True","President","True","MEC","President Cyril Ramaphosa visited Kariega in the bitter cold on Friday, where he promised that adequate temporary housing would be provided for flood victims within the next 30 days.","https://www.dailymaverick.co.za/article/2024-06-09-death-toll-10-after-nelson-mandela-bay-flood/","6","0","0","True","True","These are the effects of climate change – we should not be having 230mm of rain in two hours.","https://www.dailymaverick.co.za/article/2024-06-09-death-toll-10-after-nelson-mandela-bay-flood/","True","Meanwhile, an Orange level 6 warning for disruptive rain resulting in flooding of settlements, roads and bridges, some communities temporarily cut off as well as danger to life is expected in places over Kouga, Ndlambe, Ngqushwa, Great Kei, Mnquma, Mbashe, King Sabata Dalindyebo, Nyandeni, Port St Johns","https://www.algoafm.co.za/local/nmb-flood-toll-climbs-and-more-rain-is-coming","News24 national disaster article returned only navigation (not counted). GroundUp Tongaat link is KZN, not fetched."
"2024-07-western-cape-storms","July 2024 Western Cape winter storms and floods (successive cold fronts)","2024-07-07","Western Cape",,"True","Orange Level 8 (storm of Thursday 11 July); Level 6 for later fronts; Orange Level 5 disruptive rain 27 July","2","False","","","True","causal","The City of Cape Town said it had been explained to Covid-19 residents that the land was unsuitable for human habitation and urged them to relocate","https://groundup.org.za/article/western-cape-storms-worst-still-to-come/","False","none","False","","","","2","3","2","False","False","","","True","level 8 warning for disruptive rain and possible mudslides","https://groundup.org.za/article/western-cape-storms-worst-still-to-come/","FLAG: event's own data says no flood-related fatalities (confirmed by GroundUp 9 Jul: 'There were no reports of flood-related fatalities'); coded anyway as instructed - probably should not be in a 'deadly events' set. News24 paywalled; capetownetc URL now serves a June 2026 article (different event), not counted here."
"2024-12-centurion-flash-floods","December 2024 Centurion (Tshwane) flash floods","2024-12-22","Gauteng","2","unknown",,"3","False","","","False","none","","","False","none","False","","","","1","0","1","True","False","","","True","Early this week, the South African Weather Services (SAWS) issued a level 4 warning of heavy rainfall that is anticipated to last throughout the weekend.","https://www.sabcnews.com/sabcnews/997995-2/","Listed allAfrica source (DM syndication) returned 403; DM original plus TimesLIVE/SABC found via WebSearch."
"2025-06-eastern-cape-mthatha-floods","June 2025 Eastern Cape floods (Mthatha, cut-off low)","2025-06-09","Eastern Cape","103","True","Orange Level 6 escalated to Orange Level 9 (disruptive rain) for OR Tambo on 10 June","5","True","The authorities expect the death toll, which stands at 79, to rise.","https://www.sabcnews.com/sabcnews/ramaphosa-arrives-in-flood-stricken-mthatha/","True","causal","But a significant challenge is the availability of suitable land, as many of the destroyed homes were built in unsafe areas too close to the Mthatha River, where rebuilding is not an option.","https://www.dailymaverick.co.za/article/2025-06-18-deadly-mthatha-flood-underscores-worsening-factors-increasing-risks-for-sa/","True","President","True","Premier","President Cyril Ramaphosa has arrived in Mthatha. Cooperative Governance and Traditional Affairs (COGTA) Minister Velenkosini Hlabisa and Premier Oscar Mabuyane will accompany Ramaphosa as he visits the affected families.","https://www.sabcnews.com/sabcnews/ramaphosa-arrives-in-flood-stricken-mthatha/","3","0","2","True","True","Flooding has become more common and severe in South Africa as the impacts of climate change are felt.","https://www.timeslive.co.za/news/south-africa/2025-06-11-eight-bodies-recovered-from-school-bus-swept-away-by-mthatha-floods/","True","Thobela said this event was forecasted with sufficient lead time, and early warnings were issued to disaster management teams and the public","https://www.dailymaverick.co.za/article/2025-06-19-eaastern-cape-floods-why-sas-disaster-management-and-legislation-failed/",">=10 deaths; visit found in coverage and confirmed via search. Daily Dispatch piece is a 2026 retrospective on SAWS warnings."
"2026-06-garden-route-karoo-kouga-floods","June 2026 Garden Route, Central Karoo and Kouga floods","2026-06-03","Western Cape; Eastern Cape","1","True","Orange Level 8 (disruptive rainfall)","6","False","","","False","location_only","","","False","none","True","Mayor","","","4","0","0","True","False","","","True","The South African Weather Service (SAWS) has issued high-level weather warnings ahead of a cut-off low-pressure system expected to affect large parts of the province from Wednesday.","https://www.capetownetc.com/news/saws-issues-orange-level-8-warning-as-storm-approaches-western-cape/","Low-fatality event (1 death). The capetownetc SAWS-warning URL (listed under 2024-07-western-cape-storms) now serves this 2 Jun 2026 article, so it is counted here."
