"path","bytes","sha256","description","produced_by","primary_sources"
"data/raw/census_kml/ (folder)","10929394","184 files","cache of downloaded source files; re-fetched by the producing script","methods/scripts/cen.ps1","Census 2011 (adrianfrith.com)"
"data/raw/gsw_tiles/ (folder)","394251","574 files","cache of downloaded source files; re-fetched by the producing script","methods/scripts/build_tra_exposure.ps1","JRC Global Surface Water tiles (storage.googleapis.com/global-surface-water)"
"data/raw/observing_network/ (folder)","13165845","24 files","cache of downloaded source files; re-fetched by the producing script","methods/scripts/fetch_observing_network.ps1","WMO OSCAR, WMO Radar DB"
"data/all_sources.json","574277","d1de751f068b04e5f03bb7787058b3865abb36ddb51e38dc018b2748d3b976a9","Every URL cited across the project","methods/scripts/build_sources.ps1","all data files"
"data/amnesty_2025_extract.json","10235","afc054f672ca0735cc1974fe4df7c5c66adacbbb54f877a053c72b2fbc8336f7","supporting / raw research output (see methods/METHODS.md)","",""
"data/articles/articles.csv","79465","48c108d3d844218c3aa3dfb3e708d1a847e42fd2f66032ef1ec3804d7b9d8f7f","One row per article read (199)","methods/scripts/export_articles.ps1","media_patterns_coded.json"
"data/articles/articles_by_outlet.csv","947","052e8089609cd98277c911c34bd99881fa7debf9b7f8addd2cbdfd7e85fcc868","supporting / raw research output (see methods/METHODS.md)","",""
"data/articles/event_coding.csv","50568","1cd80d6269da8b140b1fe6053b51e551d9560557a2ae27c9ab4cc3303c4f05d6","supporting / raw research output (see methods/METHODS.md)","",""
"data/articles/media_patterns_coded.json","277405","78dbcd7d7d056dea0520e13d99ebfd6a1fbbfe6da693f78c96ce8a9fa5a5f367","supporting / raw research output (see methods/METHODS.md)","",""
"data/articles/pattern_summary.csv","2874","32272c7103c62f135b5ad8d17b16134fda8d9a08ab90b070a0a9e2cb76a8107a","supporting / raw research output (see methods/METHODS.md)","",""
"data/articles/README.md","1836","8861d9df8ca00d8da6e3890e89de33bb10b88305cd7497c27d5d2cf5a0df0ed1","supporting / raw research output (see methods/METHODS.md)","",""
"data/database_crosscheck.json","169475","86dfc0d11f6fc8c1a073ebc63cbf1bde84257f1a95a0d7acf4c6a69a26e3f7e5","supporting / raw research output (see methods/METHODS.md)","",""
"data/database_only_events.json","5337","d112db8d4c098938897c3bc1b20a6af6340d992e305344390117367e7d104d21","supporting / raw research output (see methods/METHODS.md)","",""
"data/death_site_language.json","375628","8ac235e9ed8ced1c7f9f555a386d1f92b649740bac844dda483cea72a8cf0571","Deaths placed at suburb/village sites with Census 2011 first-language shares","methods/scripts/join.ps1, cen.ps1","Census 2011 via census2011.adrianfrith.com; news reports"
"data/death_site_language_flat.json","158529","fc107b1e704256c5a13d65b75481a0cdbcfda17d16fb3d59c0c22f1d9fa39a72","supporting / raw research output (see methods/METHODS.md)","",""
"data/death_sites_geocoded.json","259551","6a92801211fa21772a0c8d64d7eed07c10ba31994c5af32d213721e27f31aaa1","175 death-site rows geocoded with confidence","methods/scripts/geocode_sites.ps1","Census 2011 place centroids; OSM Nominatim"
"data/flood_timeline.json","38990","b6550d9a807d7f3e9f13a1ee0351594661c119a02f18eda075958868264a998f","supporting / raw research output (see methods/METHODS.md)","",""
"data/floods_2016_2026.json","382710","1c6baf18b644c1decc46b7fd5a7c3d5e10089aafdb1145e802b10c33df777a5d","72 SA flood events 2016-2026 (deaths, provinces, warnings)","methods/scripts/merge.ps1 / merge2.ps1","EM-DAT, SAWS, news (see all_sources.json)"
"data/forecasting_infrastructure.json","46162","69b7d4f4da1ca701443468f3c859d254d1be277e2ddd2ba05cafe3afcb01484c","Fact-check of 12 forecasting claims (radar availability etc.)","research agent","SAWS annual reports"
"data/global_comparison.md","11912","06c27432352d426af872e45e4665692a0b81f933c495427823e4d862af9c7757","supporting / raw research output (see methods/METHODS.md)","",""
"data/global_language_cases.json","48374","ecf5389dabd4be3cd6349ad6ff049cfaa776c0763c529876c95b51fed3d6254d","supporting / raw research output (see methods/METHODS.md)","",""
"data/global_lastmile_cases.json","89932","fe5d3b7ec84a82f7ddad234181767f3585fb6e81b26701f5c481588e7c631d59","supporting / raw research output (see methods/METHODS.md)","",""
"data/l2_comprehension_evidence.json","38325","c152d972fd31e1477fc6218756861d7542b7528634e0124079c1799848ab9d26","supporting / raw research output (see methods/METHODS.md)","",""
"data/media_patterns.json","5734","eaec674821f849e9dd8318c1c55989f16ee96b18ca4946764e20b3080f31be44","supporting / raw research output (see methods/METHODS.md)","",""
"data/media_patterns_coded.json","277405","78dbcd7d7d056dea0520e13d99ebfd6a1fbbfe6da693f78c96ce8a9fa5a5f367","Media framing codes P1-P6 for 53 deadly events (199 articles)","research agents","SA news outlets (urls in file)"
"data/model_weights.json","675","1d2c8c2b697258d1636082a0dfbd00b46e4623437e16a6fd8bd65a4e410f2c4b","supporting / raw research output (see methods/METHODS.md)","",""
"data/observing_network.json","528211","d37ba9085d1b85ff2fa62220652210d97afa6889a4c1cd897ed0c3124fb6fc7f","SAWS radars, stations, gauges, satellites","methods/scripts/fetch_observing_network.ps1","WMO OSCAR/Surface, WMO Radar Database"
"data/pattern_conditions.json","2340","02c92797d01cd368587e0338612e466e3c6324a22e572fa3159667c8e02dd288","supporting / raw research output (see methods/METHODS.md)","",""
"data/pattern_conditions.md","14379","7995571374cff7bb5f660a431c335ce98456fe61faac198507373b7e1deb57bc","supporting / raw research output (see methods/METHODS.md)","",""
"data/president_visits.json","10847","365f704527c484adf6eb1062b78adb644628026573c080870e8b0255b278b28a","Presidential flood visits 2016-2026","research agent","thepresidency.gov.za, news"
"data/raw/agent_working_files/base.json","48740","b7e76354d8de0329ad3aa7497eaff1fca02db32104ed4782255324b5ef667597","supporting / raw research output (see methods/METHODS.md)","",""
"data/raw/agent_working_files/ev2.json","3941","184a84a0548a2eaaa2986a5c0ec1f0590795888155653a0520448908fb7965a6","supporting / raw research output (see methods/METHODS.md)","",""
"data/raw/agent_working_files/ev3.json","5408","169ba53846bf4c30a6211badd74f08746a095e57b6d6c98cbe2754aad86616be","supporting / raw research output (see methods/METHODS.md)","",""
"data/raw/agent_working_files/ev4.json","3076","dbf7f4d8ca6b980538e2946c44751975766c115f19ac7e7286c92349a8ffee50","supporting / raw research output (see methods/METHODS.md)","",""
"data/raw/agent_working_files/ev5.json","1913","0fec12eae0af4b10bdacbdd2ea20722ebd480ad33f2df36287f1502142c821a2","supporting / raw research output (see methods/METHODS.md)","",""
"data/raw/agent_working_files/ev6.json","3465","89eb533dcd80c8b7f624665f3122effc95df3b08f9982a08c886ad2739078c6e","supporting / raw research output (see methods/METHODS.md)","",""
"data/raw/agent_working_files/ev7.json","5270","3bfaf82873fa431f11698cb2ce181a74dc492011a935c31de55efa075c9cae99","supporting / raw research output (see methods/METHODS.md)","",""
"data/raw/deadly_events_kzn.json","62313","96bfaaeee5fff8857c384e91dc99d85e3425d045f33b84df1bcf0c6dd421365d","supporting / raw research output (see methods/METHODS.md)","",""
"data/raw/deadly_events_rest.json","34913","09ef81db5922d5e3a35183a84e983bffe2891c89257931a628dd2f86b426b1bc","supporting / raw research output (see methods/METHODS.md)","",""
"data/raw/deadly_kzn_a.json","31937","a190249ecadfcfdaed1199f9d17b6306ac30db4546c06b9ecb013e8a01bb5ee2","supporting / raw research output (see methods/METHODS.md)","",""
"data/raw/deadly_kzn_a2.json","17775","bd7765d42501d0eb4040dc2ef9cd42f099136f5acc6c170f83fb462ac7960f78","supporting / raw research output (see methods/METHODS.md)","",""
"data/raw/deadly_kzn_b.json","30379","b67d048fb277579121bb6dd7ec9b8977cbb071bbc3045e9d85c57bfcd8376198","supporting / raw research output (see methods/METHODS.md)","",""
"data/raw/death_site_language_kzn_a.json","49522","6c617f5fb4d3e524b1cc7d168a3a560bba179d935d2d76c0b6a5c10429c7e09a","supporting / raw research output (see methods/METHODS.md)","",""
"data/raw/death_site_language_kzn_a2.json","37668","b722c12be11fb50f5f0239af81a4b69831c9cfc9f665fa975a70e0e860b07ed8","supporting / raw research output (see methods/METHODS.md)","",""
"data/raw/death_site_language_kzn_b.json","54248","bdbb1ae067fba072ab65782d41b5b63500d2d3504ad8907e83db5bc63e94a5cf","supporting / raw research output (see methods/METHODS.md)","",""
"data/raw/death_site_language_rest.json","53093","5aa35951e952a86693c667604a6ec5562323b9f4e219a18e4bf3bb668dc28a62","supporting / raw research output (see methods/METHODS.md)","",""
"data/raw/durban_random_baseline.csv","12902","cec5c9fac69b2a6e38680de5c6bdac603108c8c3d6bc26b6c2afad4209046c2d","300 seeded random Durban points run through the same tests (seed 20260927)","methods/scripts/build_tra_exposure.ps1","JRC GSW; eThekwini Flood Plain 100yr"
"data/raw/durban_water_raw.png","424162","a3d3d9b9fb21dc8fcde0f6fd4f1760227e9ad756f721a625cd795a93c4669b7a","supporting / raw research output (see methods/METHODS.md)","",""
"data/raw/ethekwini_floodplain_100yr.geojson","315857","3d246dbe53313872e87eae90761c4f56d9c3c0ba05a06b0247c27bd3a31c40f2","eThekwini 1:100 floodplain polygons (simplified)","methods/scripts/build_tra_exposure.ps1","services3.arcgis.com/HO0zfySJshlD6Twu/.../Flood_Plain_100yr/FeatureServer/0"
"data/raw/floods_2016_2018.json","28446","c3e08a7f36b9440d3e7b3af95b75900cb1910fd5c087f0dd2afd6cec638dfac7","supporting / raw research output (see methods/METHODS.md)","",""
"data/raw/floods_2019_2021.json","39302","cbf9f8f94f465e1f89e26089dfacff200703e8451c6f5aa3181e31e7789c4704","supporting / raw research output (see methods/METHODS.md)","",""
"data/raw/floods_2022_2023.json","51633","81889ec393396daa4eaf6712531c41862ba10bdf589aacb042dd6224e544f4b9","supporting / raw research output (see methods/METHODS.md)","",""
"data/raw/floods_2024_2026.json","59110","2e53d660dda0ff67866cfde0981a2ea46c8e78ccb7b78d6ba8b645d21cf305fb","supporting / raw research output (see methods/METHODS.md)","",""
"data/raw/floods_addendum.json","9934","e02cc146e9237d168053a6f793feb3c4e50977e8a287b20e7f27718552f30542","supporting / raw research output (see methods/METHODS.md)","",""
"data/raw/floods_amnesty.json","1553","ce0142e8ca65fe9eb3dcc950b27377d19e00879f6ee68e17cef9cbc1b052195f","supporting / raw research output (see methods/METHODS.md)","",""
"data/raw/gdacs_raw.json","29388","0137a040b0dfff34d2dd1b205e9d0905a250886041eaaa629ae63a79600232dc","supporting / raw research output (see methods/METHODS.md)","",""
"data/raw/geocode_cache.json","265393","fff82483e998d11875c1ad79116522a816ded50eefd1d82a0fbc834c5c9cf808","supporting / raw research output (see methods/METHODS.md)","",""
"data/raw/global_analogues_africa.json","50894","33f0d7dd6b9d526db2fa7ea1a08d8d8a503fb3cf8f551b9cc0109f492927a2e1","supporting / raw research output (see methods/METHODS.md)","",""
"data/raw/global_analogues_rest.json","52931","d3909aad9ed0d07637cd30195a6743c824c31635ad59a89918a86af7d9030df3","supporting / raw research output (see methods/METHODS.md)","",""
"data/raw/global_language_cases.json","48374","ecf5389dabd4be3cd6349ad6ff049cfaa776c0763c529876c95b51fed3d6254d","supporting / raw research output (see methods/METHODS.md)","",""
"data/raw/global_lastmile_cases.json","89932","fe5d3b7ec84a82f7ddad234181767f3585fb6e81b26701f5c481588e7c631d59","supporting / raw research output (see methods/METHODS.md)","",""
"data/raw/l2_comprehension_evidence.json","38325","c152d972fd31e1477fc6218756861d7542b7528634e0124079c1799848ab9d26","supporting / raw research output (see methods/METHODS.md)","",""
"data/raw/media_patterns_coded.json","277405","78dbcd7d7d056dea0520e13d99ebfd6a1fbbfe6da693f78c96ce8a9fa5a5f367","supporting / raw research output (see methods/METHODS.md)","",""
"data/raw/original_lastmile-data/flood_timeline.json","887","6ca99d7f03ce21b52142359c043c1d47d39b59d986cf33a3740b9ea01cdb04a6","supporting / raw research output (see methods/METHODS.md)","",""
"data/raw/original_lastmile-data/media_patterns.json","614","d07051a7a9f2d9a59b250fc60a5b080a40fd929c02386eb9d76f8750389ab93c","supporting / raw research output (see methods/METHODS.md)","",""
"data/raw/original_lastmile-data/model_weights.json","675","1d2c8c2b697258d1636082a0dfbd00b46e4623437e16a6fd8bd65a4e410f2c4b","supporting / raw research output (see methods/METHODS.md)","",""
"data/raw/original_lastmile-data/settlement_language.json","1016","4b4349f689fb1ff302e15d3ed2ee556a34dba99ddfbe1d1051537c736d10c312","supporting / raw research output (see methods/METHODS.md)","",""
"data/raw/original_lastmile-data/stacked_locations.json","3234","593e65011e1ab846aabed0fe90390f2f449d18b425c625229ffd14ac66d00e90","supporting / raw research output (see methods/METHODS.md)","",""
"data/raw/original_lastmile-data/warning_events.json","963","98e9426f08ac8bcc00c890a698f6e28f16f349b1ffc6b352f8544e833dfb4c92","supporting / raw research output (see methods/METHODS.md)","",""
"data/raw/pattern_join.json","89821","844c74902ac932c39d537527c67cafa471b1257cb86e3a7e9615b96b4d33b41e","supporting / raw research output (see methods/METHODS.md)","",""
"data/raw/places_to_lookup.json","120529","1616d960c1db653ad3bf2ca3127eb94a60c77cdfcefecfda3b89531ef11e2a5e","supporting / raw research output (see methods/METHODS.md)","",""
"data/raw/president_visits.json","10847","365f704527c484adf6eb1062b78adb644628026573c080870e8b0255b278b28a","supporting / raw research output (see methods/METHODS.md)","",""
"data/raw/relocation_deep_does.json","84347","b4d2844675ca1300bea40b6131e5e6f406e8c6cf1e83a39e3682228537cbe6cd","5 relocation-into-risk cases, structural variables","research agent","academic + news (urls in file); Bower et al. 2023"
"data/raw/relocation_deep_doesnt.json","101803","e72cb335fb23e59d754ea68b7151146a5aa47b8efd70ee06a276db6ddc5e834c","5 relocation-out-of-risk cases, structural variables","research agent","Okada 2014; Roth & Winnubst 2015; McMichael 2019; Reconstruction Agency; NHC"
"data/raw/relocation_deep_sa_baseline.json","56379","a33666fad5553d1a2a6c459e0931afe04e765c553914883edad5513cc6371f7c","62 sourced findings on why eThekwini sites camps where it does","research agent","Housing Code Vol 4, AGSA, PMG, GroundUp, IOL, M&G"
"data/raw/relocation_into_floodzones_africa.json","40082","8e0642c9f79814a4d31f694a3823f876c6b40f9f0717ae96d1834668e61b0b7e","supporting / raw research output (see methods/METHODS.md)","",""
"data/raw/relocation_into_floodzones_world.json","56626","c252dfc500f3073079c9e4e780443fea79f75aaf995c82d541089063fa3619fa","supporting / raw research output (see methods/METHODS.md)","",""
"data/raw/sa_governance_constitution.json","58082","f6a482154208510d4b8532c7cf0b05c9cf56efe057ba30be9f635b6ab858386b","Constitution, DMA, Housing Act, IGR Act, 1993-96 negotiations, AGSA audit structure (verbatim)","research agents","justice.gov.za, gov.za, pmg.org.za, agsa.co.za, treasury.gov.za, Haysom 2005, HRW 1995"
"data/raw/source_documents/cls2026.pdf","214333","aace96c8e604ff2f278d802dbf157301ad8660046700c2b476a4d2d768780a7a","supporting / raw research output (see methods/METHODS.md)","",""
"data/raw/source_documents/emdat_zaf.xlsx","11095","460f7998d891ff8a0653cabbc05ce6c46bde7ecc58f67898b5204e3b2842833b","supporting / raw research output (see methods/METHODS.md)","",""
"data/raw/source_documents/P030142022.pdf","212","d02032286070b4dd9d8fbd985a7bdca8af8edf52b89ff177db3bfcb2c8a9c43d","supporting / raw research output (see methods/METHODS.md)","",""
"data/raw/source_documents/uola.pdf","371716","8dfe36df5182720fd6d85cbddc1639d571375ef504c76a4c1009278fe3132cd4","supporting / raw research output (see methods/METHODS.md)","",""
"data/raw/structured_sources.json","169475","86dfc0d11f6fc8c1a073ebc63cbf1bde84257f1a95a0d7acf4c6a69a26e3f7e5","supporting / raw research output (see methods/METHODS.md)","",""
"data/raw/tra_reflood_sweep.json","10902","ec924bfeec6c367dc7b77c4d4969ff7899b1e1448cb50720e10c9bb48a22f0d8","Documented post-move flooding at TRAs (30 of 84 searched)","research agent","GroundUp, IOL, Sowetan, Daily Maverick, M&G (urls in file)"
"data/raw/warning_language.json","29101","6c2fee2d88aa8ac8705f8c0e59a0b8e234248d3300c0f683f71654fdfb951fea","supporting / raw research output (see methods/METHODS.md)","",""
"data/raw/world_incidents/germany_ahr_2021.json","25164","0b02383a4027cd6a0867e983e3576e722d7fba91797ff479a582ae8533f7f998","supporting / raw research output (see methods/METHODS.md)","",""
"data/raw/world_incidents/mozambique_idai_2019.json","29005","876d3e6bdb3c2146b0d73cffb614c0f254f034857af9b804c96d3a24234f8ffc","supporting / raw research output (see methods/METHODS.md)","",""
"data/raw/world_incidents/pakistan_2022.json","24512","c4e625ddd7e4bda35d08f7e49610a5ba46bf1e517c8005222891f932f42e2903","supporting / raw research output (see methods/METHODS.md)","",""
"data/raw/world_incidents/south_africa_kzn_2022.json","9735","de516c25a968f10466046df92ee1295f60ee00fa12f9bbc930315f50ade1a69e","supporting / raw research output (see methods/METHODS.md)","",""
"data/raw/world_incidents/spain_valencia_2024.json","26035","ed3fff24daf1cb634be999999b109f839f472d0ef60b8349f72248dc169306a6","supporting / raw research output (see methods/METHODS.md)","",""
"data/raw/world_incidents/usa_texas_2025.json","27919","725d1072b84cfcfa2670990400258b49d2d78037573a5f9a8fed2962f0f6a83a","supporting / raw research output (see methods/METHODS.md)","",""
"data/raw_data_insights.md","4831","0c2f8f2847466aa418603be74248b7476f933861b38bf6411cb62f0e4b769024","supporting / raw research output (see methods/METHODS.md)","",""
"data/README.md","8537","6818210133c9866c71221ab51d1181136d4f31342d9900b2e4270710555b7ace","supporting / raw research output (see methods/METHODS.md)","",""
"data/relocation_cases.csv","33056","4e512a991ecf01edd4c22c907fd60c96d2e336a789c27ae7ce67619d7e1d99b0","24 relocation-into-flood-risk cases with comparison codes","methods/scripts/build_relocation_comparison.ps1","data/raw/relocation_into_floodzones_*.json"
"data/relocation_comparison.md","8735","97a0490213098250e96e9bfe7aa610441c072c479816739dd052706e444d119c","supporting / raw research output (see methods/METHODS.md)","",""
"data/relocation_root_cause.md","10773","ee2206e5c76a15ff745853367d82bf8af8b54a7aeaf3bc30529ae8c922c318d0","supporting / raw research output (see methods/METHODS.md)","",""
"data/relocation_rootcause_matrix.csv","1126","8d9cd15153f6af02a289d392ce14bb6b718b9125c27c03c944a07794d496ad53","11 cases x 10 structural factors (Y/P/N/nf)","methods/scripts/build_relocation_rootcause.ps1","data/raw/relocation_deep_*.json"
"data/settlement_language.json","4150","40ab437b97533612100caf03636a9b9d76559d4ea4d8327833b25975338cb055","supporting / raw research output (see methods/METHODS.md)","",""
"data/sources.json","101418","672789f7bdebb048e56e660bbc88b6ee551eb6454bdb841f560dcfc1ac5ed2fe","supporting / raw research output (see methods/METHODS.md)","",""
"data/stacked_locations.json","17568","f415e1daaefd00fdc8215e7c299bb881db829a58b59c22c2124c4f32e89fa636","supporting / raw research output (see methods/METHODS.md)","",""
"data/tra_sites_2022_2026.csv","21621","bf46bdc4efdcc930dbbc1b6cfbd426c8979a149f3791a0d71b9357d0ad38760a","84 SA temporary relocation sites (TRA/TEA/TRU/transit camps) + origin + reflood flags","transcribed; methods/scripts/apply_reflood_sweep.ps1","User-supplied ""South Africa TRAs 2022-2026"" list (per-site sources); tra_reflood_sweep.json"
"data/tra_sites_exposure.csv","22882","34458fed964f51f2df625d8e200d4162d43fc7859ded25fe81f2f1ca59d6ced0","84 sites + satellite water within 1 km + eThekwini floodplain band","methods/scripts/build_tra_exposure.ps1","JRC Global Surface Water 1984-2021; eThekwini Flood Plain 100yr"
"data/warning_events.json","71955","7da397b4ca5d6c5d0a8f5ab95f1af58569e3a56ee457ad7fa32f47ea127028a9","supporting / raw research output (see methods/METHODS.md)","",""
"data/warning_language.json","29101","6c2fee2d88aa8ac8705f8c0e59a0b8e234248d3300c0f683f71654fdfb951fea","Language of official flood warnings","research agent","SAWS, municipal notices, news"
"data/world_incidents_comparison.md","9560","606835f7f6530e43ad8e95af42a0a969199009abb79d6bda5abcef9ef2dee2bd","supporting / raw research output (see methods/METHODS.md)","",""
"data/world_incidents_long.csv","92773","4ddea21874271b77548971169a4692978ca6c542901a84c66a67b85c5bb16222","6 incidents x 20 natural-experiment indicators (long form)","methods/scripts/build_incident_comparison.ps1","data/raw/world_incidents/*.json"
"data/world_incidents_matrix.csv","17634","22db043e48acc2db1e9673bc07807ee8b341d6ec9c21220b40181cd5acb165a9","6 incidents x 20 indicators (matrix)","methods/scripts/build_incident_comparison.ps1","data/raw/world_incidents/*.json"
