scene,on_screen,value,how_computed,data_file,sources,status,note
00 Cold open,"Flooded 5 times. Moved 3 times. One group of families in Durban, 2012 to 2025.","floods 2012, 2016, 2019 (Mega Village), 2022 and Feb 2025 (Gwala St camp); moves 2019 (tents), 2021 (Gwala St), 2025 (Umbilo)",Event sequence assembled from news reports about the same group; dots are illustrative and stations schematic,prototype/story/moved-into-the-water.html (journey sources),"GroundUp, 'We have been moved from one place to another' <https://groundup.org.za/article/we-have-been-moved-from-one-place-to-another-says-durban-flood-victim/>; Daily Maverick, 23 Mar 2022 <https://www.dailymaverick.co.za/opinionista/2022-03-23-human-rights-day-no-human-rights-for-ethekwinis-umlazi-flood-victims-three-years-down-the-line/>; Mail & Guardian, 9 May 2022 <https://mg.co.za/news/south-africa/2022-05-09-opinion-ethekwini-refugees-ordered-back-to-flood-prone-damaged-transit-camp/>; IOL, 26 Feb 2025 <https://iol.co.za/dailynews/news/2025-02-26-tragedy-strikes-lamontville-as-heavy-rains-claim-lives-amid-previous-community-warnings/>; Amnesty International AFR 53/0369/2025 <https://www.amnesty.org/en/documents/afr53/0369/2025/en/>",verified,Schematic: the early homes have no recorded coordinates
01 The water,Climate change made rain like this twice as likely and 4–8% heavier (1 in 40 years → 1 in 20),"2x likelihood; 4–8% intensity; return period 40 → 20 years",Published attribution study (not our calculation),,"World Weather Attribution (2022), Climate change exacerbated rainfall causing devastating flooding in eastern South Africa <https://www.worldweatherattribution.org/climate-change-exacerbated-rainfall-causing-devastating-flooding-in-eastern-south-africa/>",verified,Our link to the Patzek primary text (artificial heat changing the natural signal)
01 The water,Every blue pixel is ground a satellite saw under water 1984–2021,JRC occurrence raster cropped to Durban,"Occurrence shown from always wet to rarely wet; sea and dams >= 50% occurrence",prototype/story/film-data.js (built by methods/scripts/build_film_data.ps1 from data/raw/durban_water_raw.png),"EC JRC Global Surface Water, occurrence 1984–2021 <https://global-surface-water.appspot.com/>; Pekel et al. 2016, Nature 540: 418–422 <https://doi.org/10.1038/nature20584>",verified,
01 The water,The city mapped this itself: eThekwini's official 1-in-100-year floodplain,249 floodplain polygons,Downloaded from the municipal open-data portal; drawn as published,prototype/story/tra-story-data.js (FLOODPLAIN); data/raw/ethekwini_floodplain_100yr.geojson,"eThekwini Municipality, Flood Plain 100yr (open data) <https://gis-ethekwini.opendata.arcgis.com/datasets/e33fb655723e49fab434a23a8ca3d1d2_0>",verified,"The 'drain' animation is a transition between two datasets, not a claim that one became the other"
02 The sites,"28 temporary camps & emergency accommodation · eThekwini · 2022–2026",28 sites,eThekwini sites in the site list that have coordinates,data/tra_sites_full.csv; data/tra_sites_exposure.csv,"'Temporary Relocation Areas (TRAs) in South Africa, compiled from 2022–2026 online sources' (27 Sep 2026), per-site sources in data/raw/South_Africa_TRAs_2022-2026.xlsx",caveat,"The headline says 'After the 2022 floods, the city moved people into camps', but the 28 include camps from 2008–2019. The wording should be 'Durban's temporary camps'"
02 The sites,11 of 28 camps inside the floodplain or within 250 m of it,"11 of 28 (39%): 2 inside, 9 within 250 m",Each site point tested against the floodplain (ArcGIS query with distance),data/tra_sites_exposure.csv (ethekwini_floodplain); methods/scripts/build_tra_exposure.ps1,eThekwini Flood Plain 100yr (as above); site list (as above),caveat,"Coordinates are estimated from landmarks (±1–3 km); 10 of 28 are 'low – rough estimate'. Per-site results are unreliable, and random location error pulls the result towards the baseline. See methods/scripts/tra_coord_sensitivity.html"
02 The sites,Drop 300 points at random on Durban's land: 103 of 300 (34%),103 of 300 (34%),"300 seeded random points (seed 20260927), land side of the coast, same floodplain test",data/raw/durban_random_baseline.csv; methods/scripts/build_tra_exposure.ps1,eThekwini Flood Plain 100yr,verified,
02 The sites,Almost the same. The flood map made no difference to where people were put.,39% vs 34%; binomial p = 0.34 (one-sided P(X ≥ 11 | n = 28; p = 0.34)),Exact binomial test,data/tra_sites_exposure.csv; data/raw/durban_random_baseline.csv,,caveat,"Also holds at 1 km: 79% vs 84%. Read as 'siting was blind to the map', not 'camps were put in the floodplain'"
03 The layers,Water / risk / people layers; drop lines; 'The map exists. The decision doesn't follow it.',same 11 of 28,Same data as scene 02,as scene 02,as scene 02,caveat,Our 'smoking gun' in the studio's sense: overlay the layers until something doesn't align
04 One camp,Families moved to this camp beside the Umlaas canal in 2021,"Gwala St / eMathinini transit camp (#32); residents moved in March 2021",Site list + case reporting,data/tra_sites_full.csv (#32); data/raw/tra_reflood_sweep.json,"GroundUp (as scene 00); Mail & Guardian, 9 May 2022 (as scene 00); IOL, 10 Jun 2024 <https://iol.co.za/dailynews/news/2024-06-10-no-power-for-the-forgotten-flood-victims/>",verified,"The camp itself dates from 2007 or later; the film was corrected on 1 Oct 2026"
04 One camp,February 2025: the camp floods. 5 people die.,5 deaths,News reports,data/raw/tra_reflood_sweep.json,"IOL, 26 Feb 2025 (as scene 00; full page returned 403); SABC News <https://www.sabcnews.com/sabcnews/2022-flood-victims-should-not-have-been-moved-to-lamontville-mec/>; Amnesty AFR 53/0369/2025",check,"The evidence on file says 'killed people, including three children'. Confirm the number 5. The site list attached this flood to #33 (Lamontville / Barcelona 2); our search reassigned it to #32. Confirm which camp."
04 One camp,About 40 families are moved again to a former student residence in Umbilo. Emergency accommodation. Strict rules. Still temporary.,~40 families (#54),"Family count parsed from the site list's size field (#54)",data/tra_sites_full.csv (#54),"Sunday Tribune, 5 Oct 2025 <https://sundaytribune.co.za/news/2025-10-05-flood-victims-struggle-with-strict-rules-at-temporary-accommodation/>; site list #54",verified,Map positions approximate (±1–3 km)
05 84 sites,"84 'temporary' sites. The oldest: Langa 'Old Beer Hall' container TRA, Cape Town, since 2002. 24 years.",84 sites; 24 years; bars = active non-Covid sites with a known start year (20),2026 minus established year,data/tra_sites_full.csv,"Site list (as above); Langa: GroundUp <https://groundup.org.za/> (site #6 source in the table)",verified,
05 84 sites,Red: flooding documented after the move (7 sites; only 30 of 84 searched),7 documented + 2 low-confidence; 30 of 84 searched,Site-by-site news search; each with evidence and confidence,data/raw/tra_reflood_sweep.json; data/tra_sites_full.csv (reflood_evidence),Per-site evidence URLs in data/tra_sites_full.csv,verified,A minimum: 54 sites were not searched
06 The world,408 planned relocations worldwide → 292 water and slope hazards (one community each) → 64 drawn at random,408 → 292 → 64,"Eligibility filter + seeded shuffle (seed 20260928)",data/raw/world_relocation_frame.csv; data/world_relocation_sample.csv; methods/scripts/build_world_sample.ps1,"Global Dataset of Planned Relocation Cases (PDD, Kaldor Centre, IOM), Leaving Place, Restoring Home I (Bower & Weerasinghe 2021) and II (Mokhnacheva 2021) <https://disasterdisplacement.org/resource/global-dataset-leaving-place-restoring-home/>; dataset sheet <https://docs.google.com/spreadsheets/d/1pDR-t1hVApqJiVk6E5DJ7TN0cOtXJiKvS1w8QIP149o/edit#gid=1611800107>",verified,Dots are placed by country centroid unless geocoded
06 The world,How did each move turn out? (success / mixed / failure / never assessed),6 success · 22 mixed · 7 failure · 29 never assessed,"Coded from the sources' overall judgement, separately from the process variables",data/raw/world_coding_batch1..4.json; data/world_relocation_coded.csv,Per-case quotes and URLs in the coding files; codebook data/raw/world_coding_codebook.md,verified,One team coded all the cases; 20% double-coding is still to do
07 The suspects,Money? Richer countries 85% vs poorer countries 78% not a success. NO.,"85% (n = 26) vs 78% (n = 9); Fisher p = 0.64",2×2 table + two-sided Fisher exact test,data/world_relocation_test.csv; methods/scripts/build_world_test.ps1,World Bank income groups <https://datahelpdesk.worldbank.org/knowledgebase/articles/906519>,verified,
07 The suspects,One owner? One clear lead agency 88% vs no clear lead 87% not a success. NO. 'Nobody owns it' struck out.,"88% (n = 8) vs 87% (n = 15); Fisher p = 1.0",As above,data/world_relocation_test.csv,Coding files as above,verified,Our original thesis; the random sample broke it
08 The gates,Did the people being moved have a say? Community-led or co-run 43% vs top-down or other 92% not a success,"43% (n = 7) vs 92% (n = 24); Fisher p = 0.014",As above,data/world_relocation_test.csv,Coding files as above,verified,Pattern not proof: 30 tests; none survives Bonferroni
08 The gates,Same split when residents helped choose the site,"43% vs 92%; Fisher p = 0.038",As above,data/world_relocation_test.csv,Coding files as above,verified,
08 The gates,Could the flood risk stop the site? Binding hazard check 33% vs no binding check 100% new site hit or exposed,"33% (n = 12) vs 100% (n = 3); Fisher p = 0.077",As above,data/world_relocation_test.csv,Coding files as above,caveat,Only 3 cases have no binding check
08 The gates,Never recorded: N (grey pile),20 (gate 1) and 42 (gate 2) of 64,Cases where the variable is 'unknown',data/world_relocation_coded.csv,,verified,Missing data is shown rather than dropped
09 Durban,"A say? No: the municipality decides alone. Can risk stop the site? No binding flood check (camps 39% vs random 34%).",residents co-decide = N; hazard binding = N,11-case root-cause matrix coding for the eThekwini TEAs,data/relocation_rootcause_matrix.csv; data/raw/relocation_deep_sa_baseline.json,"Auditor-General special report on flood relief, Aug 2022 <https://www.agsa.co.za/Portals/0/Reports/Special%20Reports/RealTime/Flood%20relief%20SR%20-%20FINAL%20(print).pdf>; eThekwini to Parliament, 8 Mar 2023 <https://static.pmg.org.za/230308_Ethekwini_Metro.pdf>; PMG <https://pmg.org.za/committee-meeting/35527/>",caveat,"Coded from sourced findings, not from a formal record of each siting decision"
10 Ending,"Where relocations went better: People had a say. Risk had a veto.",synthesis,"Consistent across the 11-case matrix, the 64-case world test and published research",data/relocation_rootcause_matrix.csv; data/world_relocation_test.csv,"Bower, E.R. et al. (2023), Enabling pathways for sustainable livelihoods in planned relocation, Nature Climate Change <https://www.nature.com/articles/s41558-023-01753-x>",caveat,"Strong, consistent pattern; not causal proof"
10 Ending,"30 organisations wrote a People's Plan (risk mapping, planned temporary housing, community decision-making, secure tenure) and pushed it into the city's binding development plan",30 member organisations; 4 pillars,From the Coalition's own publication,,"The Durban Coalition, From Crisis to Coalition: Lessons to create a People's Plan for the right to housing in the age of climate change (graphic novel; undated, events to July 2025)",check,"Self-reported advocacy source. The adoption date into the eThekwini IDP conflicts within the book (early 2025 vs July 2025): check against the IDP. The film's '(2025)' publication year is not printed in the book."
All scenes,Base maps,Natural Earth 1:50m countries,,prototype/story/vendor/world-50m.js,Natural Earth via world-atlas <https://github.com/topojson/world-atlas>,verified,
