"case","outcome","F1_site_is_cheapest_or_leftover_land","F2_hazard_info_binding_in_siting","F3_residents_co_decide_site","F4_permanent_tenure_at_move","F5_one_body_owns_land_and_outcome","F6_emergency_or_temporary_route","F7_corruption_or_conflict_documented","F8_court_forced_action","F9_livelihood_planned","F10_blame_shifted_after_flood"
"ZA eThekwini TEAs (baseline)","into_risk","Y","N","N","N","N","Y","Y","N","N","Y"
"PH Kasiglahan","into_risk","Y","N","N","N","N","N","P","N","N","Y"
"IN Chennai resettlement","into_risk","Y","N","N","P","N","P","P","N","N","Y"
"HT Corail/Canaan","into_risk","Y","N","N","N","N","Y","Y","N","N","Y"
"MZ Lower Zambezi","livelihood_fail","P","P","N","P","N","N","nf","N","N","Y"
"SO Beledweyne","into_risk","nf","N","N","N","N","Y","nf","N","N","Y"
"AU Grantham","safe","N","Y","P","Y","Y","P","nf","N","N","N"
"NL Overdiepse polder","safe","N","Y","Y","Y","Y","N","nf","N","Y","N"
"CO Gramalote","safe","N","Y","Y","Y","Y","N","nf","N","N","N"
"JP Iwanuma","safe","N","Y","Y","Y","Y","P","nf","N","P","N"
"FJ Vunidogoloa","safe","N","Y","Y","Y","P","N","nf","N","P","N"
