"id","place","country","relocation_year","flooded_years","agency","confidence","in_counts","risk_known","announced_temporary","stayed_over_1yr","blame","warning_reached","accountability","deaths_at_site","who_was_moved","distance_or_position","risk_known_before","temporary_vs_permanent","blame_framing","warning_at_site","resident_voice","accountability_outcome","urls"
"ZA-KZN-01","Lamontville temporary relocation area (TRA/TEA), on the banks of the Umlazi (uMlazi) river, eThekwini (Durban), KwaZulu-Natal","South Africa","2022 (after the April 2022 KZN floods). Some residents had already been moved in 2008 to the eMhlabeni transit camp in Lamontville after floods washed away their homes in uMlazi.","2025 (February 25-26)","eThekwini Metropolitan Municipality (City of eThekwini)","high","yes","yes","yes","yes","weather","nf","none","5","Low-income residents of informal settlements in the uMlazi / Lamontville area of south Durban who had been displaced by floods; place-level only. Language or minority group: not_found.","On the riverbank (banks of the Umlazi river), per Amnesty International.","yes. (1) The camp area flooded in April 2022 and was publicly described as 'low-lying near the Umlaas Canal, which is prone to flooding' (Mail & Guardian op-ed, 9 May 2022). (2) The Auditor-General flagged in August 2022 that 20% of the TRUs inspected were on unsuitable land (this finding covers KZN TRUs generally, not necessarily this site). (3) An IOL Daily News headline (26 Feb 2025) refers to 'previous community warnings'; the article itself returned 403, so the content of those warnings was not verified.","Announced as a temporary relocation / temporary emergency accommodation area. Residents stayed about three years (2022 to Feb 2025). Some residents had been in Lamontville transit camps since 2008, about 17 years according to an IOL search snippet.","Weather and climate. Mayor Xaba spoke of 'unprecedented rainfall in recent years which has crippled key infrastructure like roads and bridges' (GroundUp). He also blamed land scarcity: 'We don't have enough land to settle people.' No official acceptance of responsibility for the site choice was found.","The South African Weather Service issued 'a Yellow Level 2 warning for the southern parts of KZN for severe thunderstorms' (Daily Maverick). Whether the warning reached TRA residents, and in what language (e.g. isiZulu), was not found.","Yes, but limited in the sources accessed. Flood victims interviewed by IOL spoke mainly of looting of their belongings. An IOL headline reports a grieving mother calling for urgent relocation (not fetched).","The Amnesty International report (Nov 2025) documented the case and found a 'serious failure to ensure that flood victims are relocated to safety'. No inquiry, court case, resignation or compensation specific to the site was found.","https://www.amnesty.org/en/documents/afr53/0369/2025/en/ https://www.amnesty.org/en/wp-content/uploads/2025/11/AFR5303692025ENGLISH.pdf https://iol.co.za/news/south-africa/2025-11-19-how-inadequate-disaster-response-threatens-lives-in-south-africas-informal-settlements/ https://www.dailymaverick.co.za/article/2025-02-26-kzn-flooding-6-dead-after-heavy-rain-south-of-durban/ https://groundup.org.za/article/over-20-people-died-and-hundreds-relocated-following-recent-kzn-floods/ https://iol.co.za/news/weather/2025-03-16-urgent-need-for-relocation-plans-after-lamontville-floods/ https://iol.co.za/dailynews/news/2025-02-26-tragedy-strikes-lamontville-as-heavy-rains-claim-lives-amid-previous-community-warnings/ https://www.dailymaverick.co.za/article/2022-08-31-auditor-general-report-only-6-of-emergency-relief-funds-for-kzn-flood-victims-spent/ https://www.ecr.co.za/news/news/umhlanga-look-and-feel-minister-relocation-challenges/"
"ZA-KZN-02","Gwala Street transit camp, Lamontville, eThekwini (Durban), KwaZulu-Natal (near the Umlaas canal)","South Africa","Feb/March 2021 (after about two years in tents at Tehuis Hostel following the April 2019 floods)","2022 (April)","eThekwini Metropolitan Municipality; residents were ordered back by the ward councillor","high","yes","partly","yes","yes","residents","nf","none","nf","Low-income, mostly unemployed former informal-settlement residents of Mega Village, uMlazi. Language or minority group: not_found.","Low-lying ground near the Umlaas canal, above a high-voltage cable.","Partly. Before the 2022 flood, Daily Maverick (23 Mar 2022) reported that Eskom officials had marked the site unsafe for habitation (electrical hazard, not flood). An assessment of flood risk before the 2021 relocation was not_found.","A transit camp (temporary). Residents were in tents 2019-2021 and in the camp from 2021, and were still there in 2022.","Residents and dumping (paraphrase): the municipal spokesperson 'attributed flooding to illegal dumping and people building on floodplains' (Daily Maverick opinion, 2022).","not_found","Yes. A 47-year-old grandmother (GroundUp): 'We have been moved from one place to another and we are tired now.' Shelter occupants said they 'did not have dignified, safe accommodation' (M&G).","none found","https://mg.co.za/news/south-africa/2022-05-09-opinion-ethekwini-refugees-ordered-back-to-flood-prone-damaged-transit-camp/ https://groundup.org.za/article/we-have-been-moved-from-one-place-to-another-says-durban-flood-victim/ https://www.dailymaverick.co.za/opinionista/2022-03-23-human-rights-day-no-human-rights-for-ethekwinis-umlazi-flood-victims-three-years-down-the-line/"
"ZA-KZN-03","Isipingo transit camp (Willcox Road), south Durban, eThekwini, KwaZulu-Natal","South Africa","2009 (DA statement says 2010)","multiple ('four or five occasions'), including April 2022","eThekwini Metropolitan Municipality","medium","yes","nf","yes","yes","nf","nf","none","2","Low-income informal-settlement residents from Umlazi, the Bluff and Mayville. Language or minority group: not_found.","Between a river and a highway; reportedly on a flood plain.","not_found (no pre-relocation assessment located)","Residents were promised better houses 'after six to nine months'. More than 300 families were still there after about 13-14 years.","not_found","not_found","Yes. A camp committee member: 'On four or five occasions, we have experienced flooding and our household items have been damaged by mud and water.'","none found (protests; a political party statement)","https://risingsunnewspapers.co.za/196341/thirteen-years-later-still-no-proper-housing/ https://www.polity.org.za/article/ethekwini-mayor-must-resolve-the-isipingo-transit-camp-crisis-without-delay-2023-07-21 https://www.iol.co.za/dailynews/news/isipingo-transit-camp-flooded-2050104"
"ZA-KZN-04","Temporary residential units (TRUs) for April 2022 flood victims, KwaZulu-Natal (province-wide sample)","South Africa","2022","not_found (audit finding, not a flood event)","KZN Department of Human Settlements and contractors (TRU programme), audited by the Auditor-General of South Africa (AGSA)","medium","no","yes","yes","nf","nf","nf","audit","nf","Flood-displaced households across KZN, largely from informal settlements.","'unsuitable land' (not further specified in sources accessed)","yes. AGSA flagged unsuitable siting in August 2022, before the February 2025 floods.","Temporary. The DA estimated in October 2022 that delivery could take up to four years.","not_found","not_found","not_found","An AGSA audit and parliamentary oversight. No sanctions specific to siting were found.","https://www.dailymaverick.co.za/article/2022-08-31-auditor-general-report-only-6-of-emergency-relief-funds-for-kzn-flood-victims-spent/ https://www.news24.com/citypress/news/auditor-general-red-flags-poor-temporary-housing-units-for-kzn-flood-beneficiaries-20220831 https://www.news24.com/news24/southafrica/news/every-single-one-of-the-temporary-homes-built-for-kzn-flood-victims-were-defective-when-inspected-20230513"
"ZA-GP-01","Proposed relocation site at Cullinan (near Rayton), City of Tshwane, Gauteng, for 2022 Mamelodi flood victims (e.g. from Eerste Fabriek on the Moretele River)","South Africa","planned (2025)","not_found (the site has not been reported as flooded)","Gauteng Provincial Government / City of Tshwane","low","no","alleged","nf","nf","nf","nf","none","nf","Low-income informal-settlement residents of Mamelodi (proposed).","Alleged wetland","Alleged by an opposition party (DA, Mar 2025) before the relocation.","not_found","not_found","not_applicable","Mamelodi resident (Daily Maverick, 2022): 'I live in fear whenever there is heavy rain.'","none","https://dagauteng.org.za/2025/03/relocation-of-2022-mamelodi-flood-victims-to-cullinan-heritage-will-put-strain-on-rayton-waste-water-treatment-plant https://www.citizen.co.za/ridge-times/news-headlines/2025/01/18/relocation-plans-spark-concern-among-residents-of-cullinan/ https://www.dailymaverick.co.za/article/2022-12-02-mamelodi-informal-settlement-residents-left-to-mercy-of-recurring-flood-waters/"
"MZ-01","Cyclone Idai resettlement sites in Sofala (esp. Buzi, Dondo, Chibabava, Nhamatanda, Caia), Manica and Zambezia provinces","Mozambique","2019 (after Cyclone Idai, March 2019) and 2019-2020 floods","2021 (Cyclone Eloise, January)","Government of Mozambique via INGD (National Institute for Disaster Risk Management), with IOM and humanitarian partners","medium","yes","nf","no","yes","nf","nf","none","nf","Rural and peri-urban cyclone survivors in central Mozambique, largely subsistence farmers (place-level).","Various; several were reachable only across flood-prone roads.","not_found (no pre-siting flood assessment located). The sites were presented as safe from flooding.","Resettlement sites intended as permanent; many residents still lived in emergency tents nearly two years later.","not_found","not_found","Resident of a later higher-ground site (IOM): 'it is higher up and already withstood the last harsh rains and storms, and it is proven to not flood.'","none found","https://reliefweb.int/report/mozambique/mozambique-flash-report-16-tropical-cyclone-eloise-iomingd-rapid-assessment https://mozambique.iom.int/news/humanitarians-respond-scale-cyclone-eloises-damage-revealed https://news.un.org/en/story/2021/01/1082972 https://mozambique.iom.int/stories/cyclone-eloise-rebuilding-lives-higher-grounds-central-mozambique https://www.thenewhumanitarian.org/photo-feature/2019/12/16/Mozambique-cyclone-Idai-Kenneth-reconstruction-aid"
"ZW-01","Hopley Farm settlement (incl. Gada area), Harare","Zimbabwe","2005","2017 (January)","Government of Zimbabwe / City of Harare (Operation Garikai/Hlalani Kuhle)","medium","yes","nf","yes","yes","deflect","nf","none","nf","Low-income urban evictees pushed out of central Harare (place-level).","Part of the settlement (Gada) is in a wetland.","not_found","Started as temporary accommodation for evictees (2005); it became a long-term settlement (more than 17 years).","Denial / unawareness (see government_response).","not_found","Resident (GroundUp): 'I thank God no one was inside. We could be counting bodies.'","none found (UN criticism of Murambatsvina in general)","https://groundup.org.za/article/harare-flood-victims-say-state-has-abandoned-them/ https://icccad.net/blog/study-visit-to-hopley-farm-in-zimbabwe/ https://www.frontiersin.org/journals/sustainable-cities/articles/10.3389/frsc.2022.933869/full"
"NG-01","IDP camps in Dikwa LGA, Borno State (and Maiduguri camps such as El Miskin, Muna)","Nigeria","protracted (conflict displacement, years before 2024)","2024 (September)","not_found for camp siting. Camps are administered under Borno State authorities with humanitarian partners (not verified in sources accessed).","medium","yes","nf","yes","yes","nf","nf","none","nf","Conflict-displaced rural households in Borno (place-level).","Downstream of the Alau Dam / near the Yadzaram River","not_found","IDP camps (temporary), in use for years","not_found","not_found","not_found","none found","https://www.unocha.org/publications/report/nigeria/emergency-meeting-flood-situation-dikwa-lga-borno-state-23-september-2024 https://www.unocha.org/publications/report/nigeria/rapid-response-mechanism-rrm-rapid-needs-assessment-report-flood-response-dikwa-lgas-september-2024 https://reliefweb.int/report/nigeria/nigeria-floods-maiduguri-mmc-and-jere-floods-flash-update-1-10-september-2024 https://www.gavi.org/vaccineswork/once-shuttered-camps-borno-reopen-house-flood-victims"
"SS-01","Bentiu IDP camp (former UNMISS Protection of Civilians site), Rubkona County, Unity State","South Sudan","from 2013-2014 (conflict); flood-displaced people also moved into the camp area after 2020","2021; 2022 (October dyke breach); ongoing risk 2020-2024","UNMISS (camp origin); Government of Unity State with IOM, UNMISS and WFP (dykes and response)","medium","yes","yes","yes","yes","deflect","nf","none","nf","Conflict- and flood-displaced people of Unity State (place-level).","Surrounded by floodwater; below the dyke line.","yes. Floods since 2020 and dykes built in 2021, before the 2022 breach.","An emergency protection site that has lasted about a decade.","Minimisation: 'there are not too many populated people who have displaced'.","not_found","IDPs described the water buildup as 'alarming' (Eye Radio).","none found","https://www.eyeradio.org/anxiety-as-flood-submerges-section-of-bentiu-idps-camp/ https://southsudan.un.org/en/307122-rising-waters-crisis-unity https://southsudan.iom.int/stories/upgrading-dikes-unity-state-protect-bentiu-town-further-damages-caused-floods https://www.unhcr.org/news/stories/south-sudan-s-hostages-climate-emergency"
"SD-01","IDP gathering sites and reception centres, Kassala town and Gharb Kassala, Kassala State","Sudan","2024 (IDPs fleeing fighting in Sennar State)","2024 (late July)","not_found (gathering sites are typically designated by state authorities; not verified)","low","yes","nf","yes","nf","nf","nf","none","nf","War-displaced people from Sennar State (place-level).","not_found","not_found","Temporary gathering and reception sites","not_found","not_found","not_found","none","https://news.un.org/en/story/2024/07/1152676 https://en.wikipedia.org/wiki/2024_Sudan_floods"
"IND-CHN-01","Kannagi Nagar, Ezhil Nagar (Pallikaranai marsh) and Perumbakkam resettlement colonies, southern Chennai, Tamil Nadu","India","Early 2000s onward; big waves after the 2004 tsunami and after the December 2015 floods (2015-2023)","Perumbakkam: 2015, 2018, 2019, 2020, 2021, 2023 (per IRCDUC); Kannagi Nagar and Ezhil Nagar flood in routine monsoons, including 2015","Government of Tamil Nadu; Tamil Nadu Slum Clearance Board, now the Tamil Nadu Urban Habitat Development Board (TNUHDB), which built the tenements","high","yes","partly","no","yes","nf","nf","none","nf","Low-income, informal riverbank slum dwellers from inner Chennai. Down To Earth reports the affected communities are largely Dalit. Tamil-speaking.","Former wetland/marsh; lake catchment; floodplain on the city's southern periphery, about 25-30 km from the original settlements","Partly. It was widely known the land was marsh and lake catchment: Kannagi Nagar and Ezhil Nagar were built on the Pallikaranai marsh, a recognised wetland. We found no formal pre-relocation official risk assessment in the sources.","Permanent tenements. People have stayed for decades (Kannagi Nagar since the early 2000s).","not_found (no official quote). Advocates frame it as state policy: evictions 'under the guise of post-flood rehabilitation' (paraphrased in search summary of HLRN / Citizen Matters).","not_found","A relief volunteer told The Caravan: 'People in Ezhilnagar were furious that not a single official from the government had come to visit them.'","none found (no inquiry or compensation); the draft R&R policy remains unfinalised","https://www.thenewsminute.com/tamil-nadu/displaced-chennai-families-were-resettled-onto-flood-paths-reveals-study https://caravanmagazine.in/vantage/placing-the-poor-in-the-flood-pathpost-disaster-slum-resettlement-in-chennai https://citizenmatters.in/flood-audit-report-of-ircduc/ https://data.opencity.in/dataset/2c6c91d5-f616-425b-a7ba-1f96e7d0cbe1/resource/0d13a377-c100-446a-9553-d6a076b5b723/download/resettled-in-the-paths-of-floods-final.pdf https://hlrn.org.in/documents/Deluge_to_Displacement_Chennai.pdf https://www.downtoearth.org.in/natural-disasters/edge-of-survival"
"IND-CHN-02","Semmencheri (Semmencherry) resettlement tenements, southern Chennai, Tamil Nadu","India","About 2005-2006 onward (post-2004 tsunami and slum clearance); 6,734 apartments","2015 (16 November and 1 December), 2023 (Cyclone Michaung); residents describe five floods in eight years","Tamil Nadu Slum Clearance Board (now TNUHDB), Government of Tamil Nadu","high","yes","nf","no","yes","nf","no","none","12","Low-income slum and tsunami-affected families, including fishing households. Tamil-speaking.","Low-lying land near Thazhambur lake on the southern periphery, about 30 km from central Chennai","not_found (no pre-2015 official warning found)","Permanent tenements; occupied for about 20 years","not_found","not_found. The 2015 flood hit at about 3 am as homes 'rapidly' filled, which suggests no effective warning (inference, not stated).","In 2023: 'Aren't we human? Didn't we cast our votes during the election? Why do they neglect us now?' and 'We were told that if they tried to reach us, their vehicles would've got stuck in the water.'","none found","https://caravanmagazine.in/vantage/placing-the-poor-in-the-flood-pathpost-disaster-slum-resettlement-in-chennai https://www.thenewsminute.com/tamil-nadu/arent-we-voters-chennais-semmencherry-residents-fume-over-apathy-during-floods https://www.dtnext.in/news/chennai/they-survived-2004-now-awaiting-another-disaster-in-making-at-tsunami-resettlement-quarters-816761"
"HTI-01","Corail-Cesselesse relocation camp and surrounding Canaan area, north of Port-au-Prince","Haiti","2010 (camp opened 22 March 2010; families moved from a Port-au-Prince IDP camp in April 2010)","Assessed as flooding 'regularly at least once a year' (IOM, July 2010). Storms and wind damaged tents in July 2010; the camp was evacuated before Hurricane Tomas in November 2010.","Government of Haiti (site selection under strong pressure from the international community and U.S. military); camp built and run by World Vision, IOM and the American Refugee Committee","high","yes","yes","yes","yes","deflect","partial","none","nf","Earthquake-displaced, very low-income, informal-camp residents from Port-au-Prince. Haitian Creole-speaking.","Barren plain at the foot of hills, prone to sheet flooding and wind, about 15 km north of Port-au-Prince","Yes, before permanent build-out: IOM flagged it in writing on 29 July 2010, after the first relocations (March-April 2010) but before later shelter construction. It was not flagged before the first move.","Announced as a temporary planned relocation camp with 'transitional shelters'. It became a permanent informal city, still occupied more than a decade later.","Blame was shifted between actors (government vs international community vs NGO). No one was found accepting responsibility. The former mayor said: 'local authorities were ignored and almost all the decisions were made by the central government… we were not at all implicated in the choice of the site.'","Before Hurricane Tomas (November 2010), a police officer at the camp shouted through a megaphone 'The hurricane is not a joke!' (search excerpt, Time). The language is not stated; Haitian Creole is likely but not confirmed.","'They just dumped us here'; 'Imagine: they put you here, but there's no work' (IPS, 2013).","none found","https://canada-haiti.ca/content/haiti-reconstructions-disastrous-legacy-corail-cesselesse http://www.ipsnews.net/2013/06/haitis-earthquake-victims-try-to-survive-at-camp-corail/ https://www.mdpi.com/2073-4441/7/7/3832 https://www.sciencedirect.com/science/article/pii/S0264275120306636 https://time.com/archive/6950488/haitis-homeless-is-transitional-housing-the-solution/"
"BGD-01","Bhasan Char island, Bay of Bengal (Noakhali district)","Bangladesh","December 2020 onward (nearly 20,000 by mid-2021; about 33,800 later reported)","Signs of water on building balconies reported after Cyclone Amphan (May 2020). No catastrophic flood documented in the sources; the case rests on assessed risk.","Government of Bangladesh (Navy built the facility with Chinese contractor Sinohydro)","medium","yes","yes","yes","yes","deflect","nf","none","nf","Stateless Rohingya refugees (Rohingya-language speakers), camp residents with no formal housing rights","Low-lying silt island (char) in the Meghna estuary/Bay of Bengal, surrounded by an embankment, hours by boat from the mainland","Yes. Rights groups and experts warned before and during the transfers (HRW 2019 and 2021 reports).","Described by the government as a relocation facility pending repatriation to Myanmar; in practice long-term (years)","The government framed the move as a safety and congestion solution. No acceptance of risk was found.","not_found","Refugees reported 'clear signs of water on the balconies' after Cyclone Amphan (HRW).","none","https://www.hrw.org/report/2021/06/07/island-jail-middle-sea/bangladeshs-relocation-rohingya-refugees-bhasan-char https://www.hrw.org/news/2019/07/12/bangladesh-rohingya-face-monsoon-floods-landslides"
"BGD-02","Rohingya refugee camps (Kutupalong-Balukhali and others, 33 camps), Cox's Bazar","Bangladesh","2017 (mass influx; land allocated by the government on deforested hills and low ground)","Every monsoon: 2018, 2019, 2020, 2021, 2024 and later","Government of Bangladesh (land allocation, shelter rules); camps managed with UNHCR and IOM","high","yes","yes","yes","yes","weather","nf","none","12","Stateless Rohingya refugees, Rohingya-language speakers","Steep cut hillsides and low valleys/paddy land","Yes. Landslide and flood risk was assessed by agencies from 2018 (landslide risk studies; UNHCR/IOM relocation of at-risk families).","Officially temporary; flimsy shelters are required by policy. Occupied since 2017 (9+ years).","Monsoon and weather framing in UN releases. HRW places responsibility on the government's shelter restrictions.","not_found in fetched sources (a volunteer early-warning system exists in the camps but was not documented in these sources)","'Rainwater leaks in because there are now holes in the tarpaulin roof, and the storm can easily damage the shelters within seconds.' (HRW)","none","https://www.hrw.org/news/2019/07/12/bangladesh-rohingya-face-monsoon-floods-landslides https://bangladesh.un.org/en/272024-monsoon-rains-trigger-deadly-flash-floods-and-landslides-cox%E2%80%99s-bazar-refugee-camps https://www.sciencedirect.com/science/article/pii/S2666592122000427"
"BGD-03","Ashrayan-2 houses on Biramer Pachgachi Char, Sariakandi upazila, Bogura (Jamuna river)","Bangladesh","2020-2022 (houses built in fiscal 2021-22 / 2020-21)","2024 (houses lost to Jamuna erosion and floodwater by October 2024). The Ashrayan project generally reports stranding in floods.","Government of Bangladesh, Ashrayan-2 project (Prime Minister's Office; district and upazila administration)","high","yes","yes","no","yes","weather","nf","none","nf","Landless, homeless and very poor rural char dwellers. Bangla-speaking.","On an eroding riverbank of an active char in the Jamuna; within the legal 50-yard setback","Yes. According to The Daily Star, the relevant officials 'always advise the district administration not to construct any paved or semi-paved infrastructure in the char areas'; the 50-yard legal setback also existed.","Announced as permanent homes (semi-pucca). Some were lost within about 2-3 years.","River erosion and nature framing; officials deflected. No acceptance of responsibility was found.","not_found","'Now the houses given by the government are also going.' 'We have to leave this char again and take shelter in another char, as the river erosion is taking a dangerous turn.'","none found","https://www.thedailystar.net/news/bangladesh/news/houses-homeless-project-destined-fall-ruin-3725566 https://www.tbsnews.net/features/panorama/revisiting-ashrayan-false-promise-bangladeshs-homeless-992851 https://www.sciencedirect.com/science/article/abs/pii/S2212420922002928"
"PHL-01","Kasiglahan Village (NHA resettlement), Barangay San Jose, Rodriguez (Montalban), Rizal","Philippines","1999-2000 (Pasig River evictees); expanded after Ondoy in 2009-2010, including new units built on the flooded Phase 1K in 2010","2009 (Ondoy), 2012, 2020 (Ulysses/Vamco)","National Housing Authority (NHA), with the developer New San Jose Builders","high","yes","yes","no","yes","deflect","no","none","nf","Low-income informal settler families evicted from Metro Manila waterways and danger zones. Filipino/Tagalog-speaking.","Montalban River floodplain, former rice paddies, downstream of Wawa Dam; also near the Marikina fault","Yes, before the later phases: Ondoy (2009) flooded the site before new units went up in 2010, and the LGU declared a danger zone in 2012, before Ulysses in 2020.","Permanent resettlement; occupied for about 25 years","The NHA cited budget constraints. Residents blamed dam releases made without warning. Activists (alleged) questioned the NHA-developer contracts.","No. Residents said the Wawa Dam released water without prior notice in 2009 (Bulatlat). The Montalban Relocatees Alliance demanded an early-warning system.","'The waters rose very quickly, unlike the ones before. We were not able to bring anything, not even extra clothes.' 'After Ulysses, people here get anxious every time it rains.'","none found. Activists called for an investigation of the NHA and New San Jose Builders contracts (alleged irregularities, not established).","https://www.philstar.com/newsx/kasiglahan-village-flooding https://www.bulatlat.com/2011/07/27/relocated-urban-poor-in-montalban-fear-typhoon-juaning/ https://www.sciencedirect.com/science/article/pii/S2590061726000384 https://manilatoday.net/kasiglahan-village-anakpawis-banaba-communities-in-rizal-bear-brunt-of-climate-tragedy/ https://opinion.inquirer.net/137689/do-not-forget-kasiglahan-village"
"PHL-02","Tzu Chi Great Love Village (Tzu Chi Love City), Barangay Liloan, Ormoc City, Leyte","Philippines","About 2014-2016 (post-Typhoon Haiyan/Yolanda); about 1,565 families","January 2018; September 2025 (Typhoon Opong)","Tzu Chi Foundation (NGO) in partnership with Ormoc City government (land/beneficiary side) – the government role is not fully confirmed in fetched sources","medium","yes","nf","no","yes","nf","nf","none","nf","Low-income typhoon survivors, many from informal coastal settlements. Waray/Cebuano-speaking region.","Low-lying portion (Block 20) of an inland resettlement site","not_found","Permanent village; about 10+ years","not_found","not_found","not_found","none found","https://newsinfo.inquirer.net/960413/some-300-families-evacuated-due-to-flood-in-ormoc https://tribune.net.ph/2025/10/05/love-flows-to-flood-hit-tzu-chi-village https://medium.com/@tcormocoffice/1-185-families-in-ormoc-receive-aid-after-typhoon-opongs-wrath-876406bc96ff"
"USA-01","Arbor Court Apartments, 802 Seminar, Greens Bayou, Houston, Texas","USA","HUD project-based Section 8 subsidies from 1991 (placement of low-income tenants, not disaster relocation)","2016 (Tax Day flood), 2017 (Hurricane Harvey); also reported earlier","U.S. Department of Housing and Urban Development (HUD), subsidising a private owner","medium","yes","yes","no","yes","deflect","nf","lawsuit","nf","Very low-income, HUD-subsidised tenants. Texas Housers reports about 95% of residents are African American (complex-level statistic).","In the floodway of Greens Bayou (the complex backs onto the bayou)","Yes. FEMA floodplain mapping (1985) preceded the 1991 HUD subsidies (per Houston Chronicle, search excerpt).","Permanent subsidised housing; tenants stayed for years","HUD: no comment, citing litigation","not_found","not_found (tenant lawsuit complaints about mould and flooding)","Federal lawsuit against HUD (2018; alleged discrimination, outcome not found). The city's refusal of a rebuild permit was upheld by a judge, per a Houston Chronicle headline.","https://abc13.com/hud-lawsuit-flooding-harvey-apartment/3865659/ https://texashousers.org/2018/07/19/tenants-at-houstons-flooded-distressed-arbor-court-apartments-sue-hud-for-intentional-racial-discrimination/ https://www.houstonchronicle.com/news/houston-texas/housing/article/houston-hurricane-harvey-lawsuit-apartments-judge-18197693.php https://www.nhlp.org/wp-content/uploads/LP01-Complaint-arbor-court.pdf"
"AFG-01","Omari returnee camp near the Torkham border reception centre, Nangarhar","Afghanistan","2023-2024 (reception of returnees and deportees from Pakistan since September 2023)","July 2024 (windstorm and flash floods); July 2026 (floods damaged the Zero Point returnee compound wall)","De facto authorities' Directorate of Refugees and Repatriation (compound); humanitarian partners (UN OCHA-coordinated)","medium","yes","nf","yes","nf","weather","nf","none","nf","Afghan returnees and deportees from Pakistan, often destitute. Pashto/Dari-speaking.","not_found (border valley; exact position vs drainage not stated)","not_found","Temporary transit camp","Weather framing (OCHA flash updates)","not_found","not_found","none","https://www.unocha.org/publications/report/afghanistan/afghanistan-floods-flash-update-2-floods-hit-eastern-and-northeastern-afghanistan-21-july-2024 https://www.unocha.org/publications/report/afghanistan/afghanistan-flash-update-2-flooding-eastern-afghanistan-22-23-july-2026"
"IDN-01","Relocation site in Kohod village, Tangerang regency (near the PIK2 development), Banten","Indonesia","About 2024","January 2025 (about 1 m of water)","Local government relocation linked to the PIK2 project (Agung Sedayu Group subsidiary developer). The government's precise role is unclear.","medium","yes","nf","nf","nf","residents","nf","none","nf","Rural and peri-urban villagers displaced by a private-state development project; low-income","Former rice field in a low-lying coastal area","not_found","not_found","Officials blamed garbage-clogged channels (implicitly residents) and proposed community training, not moving the site.","not_found","'This used to be rice field. Now it's a relocation site.' 'We don't mind having to be relocated, but please give us proper facilities that are safe and don't flood.'","none found","https://news.mongabay.com/2025/03/indonesia-families-evicted-for-jakarta-pik2-project-flooded-at-relocation-site/"
"PAK-01","2010 flood relief camps, Sindh province","Pakistan","2010","2011","Government of Sindh / relief camp administration (details not found)","low","yes","nf","yes","yes","nf","nf","none","nf","Rural poor flood-displaced households, Sindhi-speaking region","not_found","not_found","Temporary relief camps, still occupied about 1 year later","The researcher quoted by CSMonitor said the government 'failed to forecast the disaster despite their experience with last year's floods'.","not_found","not_found","none","https://reliefweb.int/report/pakistan/sindh-flood-response-fact-sheet https://www.csmonitor.com/World/Asia-South-Central/2011/0927/Pakistan-floods-Why-Islamabad-is-slow-to-implement-lessons-from-last-year"
"LKA-01","Kuttimale post-tsunami relocation settlement, Kalutara District","Sri Lanka","About 2005-2007","not_found (site described as prone to flooding; sites 'normally flood during the rainy season')","Post-tsunami housing programme in Kalutara (IFRC/Red Cross-supported, with government-allocated relocation land)","low","yes","partly","no","yes","nf","nf","none","nf","Tsunami-displaced coastal households (Sinhala-majority district; group not specified at site level)","Low-lying land requiring fill","Yes (implied): earth-filling of plots shows the flood risk was known at construction","Permanent housing","not_found","not_found","not_found","none found","https://adore.ifrc.org/Download.aspx?.pdf=&FileId=83639"
"IDN-02","Temporary shelters (huntara) behind the Balaroa subdistrict office, Palu, and villages in Gumbasa, Sigi, Central Sulawesi","Indonesia","2018-2019 (after the 28 September 2018 earthquake, tsunami and liquefaction)","April 2019 (Sigi); 27 April 2020","Government of Indonesia (huntara programme; Palu and Sigi local governments)","low","yes","partly","yes","yes","deflect","nf","none","nf","Earthquake and liquefaction survivors, low-income; Kaili-majority region (not specified at site level)","Downslope of quarrying and construction sites","Partly: the area had already flooded in April 2019","Temporary shelters (huntara); many residents stayed 1.5+ years","Blamed mining and construction runoff and weak Amdal (environmental review); partly blamed on government projects","not_found","not_found","none found","https://www.cnnindonesia.com/nasional/20200428133846-20-498057/hunian-pengungsi-bencana-likuefaksi-palu-sigi-digempur-banjir"
