id,province,municipality,site,type,established,est_year,size,status,lat,lon,coord_confidence,origin,origin_basis,reflood_documented,reflood_basis
1,Western Cape,City of Cape Town,Blikkiesdorp (Symphony Way TRA),TRA,2007,2007,"~1,600 zinc units built; ~1,300 dwellings (2026)",Active,-33.981,18.631,Published,clearance,evictions and pre-World Cup removals (source list),,
2,Western Cape,City of Cape Town (provincial site),Delft TRA 5 / 5.1,TRA (N2 Gateway),2010,2010,"1,095 units (~1,070 occupied)",Active,-33.970,18.640,Estimated,clearance,N2 Gateway decant (source list type),yes,"source list status detail: still occupied after 16 years; flooding reported Jul 2026"
3,Western Cape,City of Cape Town (provincial site),Delft TRA 6,TRA (N2 Gateway),2013,2013,"423 units (~374 occupied)",Active,-33.970,18.640,Estimated,clearance,N2 Gateway decant (source list type),,
4,Western Cape,City of Cape Town,Tsunami (former TRA),"Former TRA, now informal settlement",c. 2005-08,2005,"~1,700 shacks (2025)",Active,-33.975,18.625,Estimated,unknown,,,
5,Western Cape,City of Cape Town (provincial site),Joe Slovo Temporary Housing Area (THA),TRA,2017,2017,Not reported,Uncertain,-33.940,18.540,Estimated,clearance,N2 Gateway (residents who refused Delft),,
6,Western Cape,City of Cape Town,Langa 'Old Beer Hall' shipping-container TRA,TRA (containers),2002,2002,Not reported,Active,-33.945,18.530,Estimated,unknown,,,
7,Western Cape,City of Cape Town,Masonwabe TRA,TRA,2013,2013,"100+ families (~136 structures)",Active,-33.975,18.570,Estimated,unknown,,,
8,Western Cape,City of Cape Town,Wolwerivier (emergency housing camp / IDA),TRA / IDA,2015,2015,"~336 units initially; now overcrowded",Active,-33.770,18.550,Low,eviction,offered to evictees (source list),,
9,Western Cape,City of Cape Town,Kampies (emergency housing site),TRA / IDA,pre-2019,,"~109 structures / ~140 families",Active,-34.000,18.560,Estimated,eviction,offered to evictees (source list),,
10,Western Cape,City of Cape Town,Bhekela site / Stock Road TRA (PRASA Central Line relocation),TRA,Dec 2023-Feb 2024,2023,"856-891 households",Active,-34.000,18.585,Estimated,clearance,PRASA Central Line relocation,,
11,Western Cape,City of Cape Town,Bosasa TRA (old site),TRA,c. 2009-10,2009,150 extra units added 2020,Active,-34.010,18.690,Estimated,unknown,,,
12,Western Cape,City of Cape Town,Bosasa Link (Mfuleni Emergency Housing Development),Emergency housing / TRA,2024,2024,"713-756 serviced sites",Active,-34.020,18.700,Estimated,clearance,MyCiTi-displaced households (source list),,
13,Western Cape,City of Cape Town,Sondela TRA,TRA,Nov 2023,2023,~324 residents,Active,-34.000,18.690,Estimated,unknown,,yes,"source list status detail: serviced site on a flood-prone wetland"
14,Western Cape,City of Cape Town,Green Point (Khayelitsha) temporary housing site,TRA,Dec 2025-Jan 2026,2025,40 units,Active / being rebuilt,-34.040,18.670,Estimated,other,households moved off a sewer line (source list),,
15,Western Cape,City of Cape Town,Wingfield emergency site,Emergency site,2020 (Covid),2020,~160 refugees,Active - eviction pending,-33.915,18.510,Estimated,covid,,,
16,Western Cape,City of Cape Town,Paint City emergency site,Emergency site,2020 (Covid),2020,Not reported,Active - eviction pending,-33.890,18.630,Estimated,covid,,,
17,Western Cape,City of Cape Town,Delft South emergency housing site,Emergency housing / TRA,Unknown,,Not reported,Active (offered),,,Not found,unknown,,,
18,Western Cape,City of Cape Town,"Imizamo Yethu TRAs (Disa, Depot, Triangle)",TRA,Dec 2017 (post-fire),2017,~300 households,Uncertain,-34.030,18.360,Estimated,fire,post-fire (source list),,
19,Western Cape,City of Cape Town,Happy Valley TRA,TRA (decant),c. 2011-12,2011,Not reported,Uncertain,-33.970,18.700,Estimated,upgrading,decant,,
20,Western Cape,Mossel Bay,KwaNonqaba UISP TRA,TRA (prefab),2022-23,2022,250 prefab units + 250 storage units,Uncertain,-34.170,22.100,Estimated,upgrading,in-situ upgrading decant,,
21,Western Cape,Stellenbosch,Mountain View TRA,TRA,2017,2017,Not reported,Active,-33.980,18.840,Estimated,unknown,,,
22,Western Cape,Stellenbosch,Kayamandi Northern Extension TRA,TRA (decant),c. 2023-24,2023,Not reported,Uncertain,-33.920,18.850,Estimated,upgrading,decant,,
23,Western Cape,Stellenbosch,Watergang TRA,TRA,c. 2007-12,2007,Not reported,Uncertain,-33.920,18.850,Estimated,unknown,,,
24,Western Cape,Knysna,Khayalethu Bungalows temporary relocation,Decant / TRA,2024-26,2024,124+ planned; 30 completed,Active,-34.030,23.050,Estimated,upgrading,decant,,
25,KwaZulu-Natal,eThekwini,Zamani transit camp (Malukazi; possibly 'Lindela'),Transit camp,2009,2009,Hundreds of families,Active,-29.980,30.900,Estimated,clearance,2010 World Cup (GroundUp),,
26,KwaZulu-Natal,eThekwini,Isipingo transit camp,Transit camp,c. 2009,2009,"~750 families (2018); most moved 2022-23",Being emptied,-29.980,30.930,Estimated,clearance,apparently cleared for 2010 World Cup (GroundUp),yes,"camp between a river and a highway, flooded 'four or five' times (GroundUp, via relocation_into_floodzones_africa.json)"
27,KwaZulu-Natal,eThekwini,KwaDabeka transit camp,Transit camp,2009,2009,609 prefab units,Active,-29.780,30.880,Estimated,unknown,,,
28,KwaZulu-Natal,eThekwini,Amaoti transit camp,Transit camp,c. 2012,2012,~360 people,Active,-29.665,30.990,Estimated,unknown,,,
29,KwaZulu-Natal,eThekwini,Madamfana transit camp,Transit camp,2017,2017,33 families,Active,-29.720,30.950,Estimated,unknown,,,
30,KwaZulu-Natal,eThekwini,Umbhayi transit camp,Transit camp,2019,2019,100+ people,Active,-29.560,31.110,Estimated,unknown,,,
31,KwaZulu-Natal,eThekwini,Lindelani transit camp,Transit camp,2019 (flood victims),2019,Not stated,Active,-29.700,30.960,Estimated,flood,2019 flood victims (source list),,
32,KwaZulu-Natal,eThekwini,eMathinini transit camp (Gwala St),Transit camp,2007+,2007,100+ households (2022),Active,-29.945,30.955,Low,flood,Mega Village flood victims moved 2021 (GroundUp / Daily Maverick),yes,"flooded April 2022 (M&G, GroundUp); source list notes 2025 floods"
33,KwaZulu-Natal,eThekwini,Lamontville / Barcelona 2 transit camp,Transit camp,2008,2008,Not stated,Active,-29.940,30.950,Estimated,flood,families moved to Lamontville transit camps after 2008 floods (IOL/Amnesty),yes,"Lamontville riverbank camp flooded Feb 2025, 5 dead (IOL, Amnesty 2025); exact camp name not confirmed as Barcelona 2"
34,KwaZulu-Natal,eThekwini,Foreman Road transit camp,Transit camp,2008-09,2008,"800+ households (2017)",Active (partly burned),-29.820,30.980,Estimated,unknown,,,
35,KwaZulu-Natal,eThekwini,Congo transit camp,Transit camp,2022 (Apr 2022 floods),2022,~250 people,Active,-29.680,30.940,Low,flood,April 2022 flood victims (source list),,
36,KwaZulu-Natal,eThekwini,Mayville transit camp(s),Transit camp,Legacy,,Not stated,Active (slated for closure),-29.840,30.980,Estimated,unknown,,,
37,KwaZulu-Natal,eThekwini,Durban Central transit camp(s),Transit camp,Legacy,,Not stated,Active (slated for closure),,,Not found,unknown,,,
38,KwaZulu-Natal,eThekwini,Quarry Heights transit camp,Transit camp,Legacy,,Not stated,Uncertain,-29.770,30.970,Low,unknown,,,
39,KwaZulu-Natal,eThekwini,White City transit camp,Transit camp,Legacy,,Not stated,Uncertain,-29.730,30.970,Low,unknown,,,
40,KwaZulu-Natal,eThekwini,KwaMshayazafe transit camp,Transit camp,Legacy,,Not stated,Uncertain,,,Not found,unknown,,,
41,KwaZulu-Natal,eThekwini,Tongaat-Greylands transit camp,Transit camp,Legacy,,Not stated,Uncertain,-29.570,31.120,Low,unknown,,,
42,KwaZulu-Natal,eThekwini,Astra Building TEA,"TEA (building, 2022 floods)",Nov 2022,2022,"531 families (2022) -> ~285 (Feb 2026)",Active (may have closed mid-2026),-29.855,31.020,Estimated,flood,2022 floods (source list type),,
43,KwaZulu-Natal,eThekwini,O'Flaherty Building TEA,"TEA (building, 2022 floods)",Dec 2022,2022,Not stated,Active,-29.830,30.990,Estimated,flood,2022 floods (source list type),,
44,KwaZulu-Natal,eThekwini,Crystal Valley apartments TEA,"TEA (building, 2022 floods)",Dec 2022,2022,~300 families,Active,,,Not found,flood,2022 floods (source list type),,
45,KwaZulu-Natal,eThekwini,KwaDimba apartments TEA,"TEA (building, 2022 floods)",2022,2022,~40 people,Active,-29.870,30.890,Low,flood,2022 floods (source list type),,
46,KwaZulu-Natal,eThekwini,Reservoir Hills flats TEA,"TEA (building, 2022 floods)",2022-23,2022,Not stated,Closing,-29.800,30.950,Estimated,flood,2022 floods (source list type),,
47,KwaZulu-Natal,eThekwini,Dassenhoek TEA,TEA (2022 floods),2022,2022,Not stated,Active,-29.830,30.800,Estimated,flood,2022 floods (source list type),,
48,KwaZulu-Natal,eThekwini,Ntuzuma TEA,TEA (2022 floods),2022,2022,Not stated,Active,-29.720,30.950,Estimated,flood,2022 floods (source list type),,
49,KwaZulu-Natal,eThekwini,'Ashley Place of Safety',TEA (2022 floods),2022,2022,"143 families (~400 people)",Active,-29.830,30.870,Low,flood,2022 floods (source list type),,
50,KwaZulu-Natal,eThekwini,Pinetown Student Village TEA,TEA (2022 floods),Dec 2022,2022,Not stated,Uncertain,-29.815,30.860,Estimated,flood,2022 floods (source list type),,
51,KwaZulu-Natal,eThekwini,Conway Farm / Frazer compound,TEA (2022 floods),Nov 2022,2022,"163 families (2022); 118 (Jun 2023)",Uncertain,-29.580,31.130,Low,flood,2022 floods (source list type),,
52,KwaZulu-Natal,eThekwini,Montclair Lodge (former Transnet hostel),TEA (govt-owned),"Bought May 2025; reopened Jun-Jul 2026",2025,"268-309 rooms; ~137 occupied Aug 2026",Active,-29.920,30.970,Estimated,flood,flood victims (SAHRC statement),,
53,KwaZulu-Natal,eThekwini,Ilfracombe and Adams TEUs,Temporary emergency units,2022,2022,Not stated,Uncertain,-30.030,30.800,Low,flood,flood victims (IOL),,
54,KwaZulu-Natal,eThekwini,Umbilo former student residence (Lamontville Feb 2025 flood victims),Emergency accommodation,Jul 2025,2025,~40 families,Uncertain,-29.870,30.990,Low,flood,Lamontville Feb 2025 flood victims (source list),,
55,KwaZulu-Natal,eThekwini,Ntshongweni TRUs (ward 7),TRU cluster,Dec 2025,2025,19 families,Active,-29.790,30.730,Estimated,flood,flood victims (SABC),,
56,KwaZulu-Natal,KwaDukuza (iLembe),Driefontein and Stanger Manor TRUs,TRU cluster,Dec 2022,2022,221 TRUs,Uncertain,-29.340,31.290,Estimated,flood,displaced flood victims (Sowetan),,
57,KwaZulu-Natal,Maphumulo (iLembe),Qadi and Maqumbi rural TRU projects,"TRU (rural, scattered)",2023-24,2023,"500 TRUs (Qadi); Maqumbi 17 of 50",Active / under construction,,,Not found,unknown,,,
58,Gauteng,City of Johannesburg,Wembley Stadium TEA ('Turffontein TRA'),TEA,2016,2016,"~350 people (Aug 2026)",Active,-26.239,28.047,Estimated,unknown,,,
59,Gauteng,City of Johannesburg,Denver TRA ('Shalazile'),TRA,Nov 2023,2023,"~220-300 structures; 200+ occupants",Active,-26.210,28.115,Estimated,fire,Usindiso fire survivors (source list),yes,"source list status detail: crime/flooding"
60,Gauteng,City of Johannesburg,Marlboro / Marlboro Gardens TRA (Setswetla de-densification),TRA (containers),2020 (announced),2020,"1,600 households planned",Uncertain / under construction,-26.087,28.100,Estimated,densification,Setswetla de-densification,,
61,Gauteng,City of Johannesburg,Madala Sports Field TRA,TRA,2020 (planned),2020,"1,233 units",Uncertain,-26.105,28.100,Estimated,covid,,,
62,Gauteng,City of Johannesburg,Diepsloot TRUs (William Nicol / Summit Rd),TRU (Covid),2020,2020,"1,108 units",Uncertain,-25.930,28.010,Low,covid,,,
63,Gauteng,City of Johannesburg,Tanganani Ext 7 / Ext 14 TRUs,TRU (Covid),2020,2020,"~1,100 units each",Uncertain,-25.920,27.990,Estimated,covid,,,
64,Gauteng,City of Johannesburg,Zandspruit TRA,TRA (Covid),2020,2020,"1,402-2,208 units planned",Uncertain,-26.030,27.930,Estimated,covid,,,
65,Gauteng,City of Johannesburg,Wilgespruit Plot 323 TRUs,TRU (Covid),2020,2020,72 households,Uncertain,-26.100,27.900,Low,covid,,,
66,Gauteng,City of Johannesburg,Helen Joseph Women's Hostel TRUs,TRU (Covid),2020,2020,144 units,Uncertain,-26.100,28.100,Low,covid,,,
67,Gauteng,City of Tshwane,Mamelodi Hostel TRUs,"TRU (Covid, HDA)",2020-21,2020,454 built (of 633),Active,-25.715,28.335,Estimated,covid,,,
68,Gauteng,City of Tshwane,Mooiplaas TRUs (flood victims),TRU,2020-21,2020,84 people (phase 1),Uncertain,,,Not found,flood,flood victims (source list),,
69,Gauteng,City of Tshwane,Nellmapius Ext 4 temporary relocation site,TRA,Aug 2024,2024,35 beneficiaries,Active,-25.735,28.365,Estimated,unknown,,,
70,Gauteng,City of Ekurhuleni,Chief Albert Luthuli / 'N12' settlement,Temporary relocation site (Bapsfontein evictees),c. 2011,2011,"~2,000 dwellings; 570 verified residents",Disrupted - court-supervised,-26.130,28.360,Estimated,eviction,Bapsfontein evictees,,
71,Gauteng,City of Ekurhuleni,Chris Hani 'transitional' resettlement site,Transitional site,Aug 2025,2025,139 families,Active,-26.005,28.210,Estimated,other,households living under Eskom power pylons (source list),,
72,Eastern Cape,Nelson Mandela Bay,Walmer '1948' TRUs (Erf 1948),TRU,2024,2024,580-600 units,Active (largely vandalised),-33.990,25.550,Estimated,clearance,Airport Valley residents,,
73,Eastern Cape,Nelson Mandela Bay,Van Rooyen TRUs,TRU (2024 floods),Oct 2024,2024,154 units,Active,-33.770,25.400,Estimated,flood,2024 floods (source list type),,
74,Eastern Cape,Nelson Mandela Bay,Motherwell NU30 bungalows,TRU (Covid),2020,2020,~300 structures,Partly converted,-33.800,25.600,Estimated,covid,,,
75,Eastern Cape,Nelson Mandela Bay,Kariega 'Area 11' bungalows,TRU (Covid),2020,2020,420 bungalows,Uncertain,-33.780,25.370,Estimated,covid,,,
76,Eastern Cape,Nelson Mandela Bay,Jaagvlakte prefab bungalows,TRU,2020-21,2020,163 households (phase 1),Uncertain,-33.760,25.360,Estimated,unknown,,,
77,Eastern Cape,Buffalo City,Mtsotso Temporary Residential Area,TRA (Duncan Village de-densification),2021-22,2021,582 households,Active,-32.930,27.720,Low,densification,Duncan Village de-densification,,
78,Eastern Cape,Buffalo City,Ziphunzana Bypass / Mdantsane East TRUs,TRU (Duncan Village de-densification),2020,2020,"~2,000 units planned",Uncertain,-32.970,27.780,Low,densification,Duncan Village de-densification,,
79,Eastern Cape,Buffalo City,Buffalo Flats prefabs,Temporary prefabs,2010s,2010,200+ families,Active,-32.990,27.870,Estimated,unknown,,,
80,Eastern Cape,King Sabata Dalindyebo,Mayden (Maiden) Farm TRUs,TRU (June 2025 floods),Aug-Sep 2025,2025,"672 planned; 315+ occupied (Oct 2025)",Active - still filling,-31.610,28.760,Low,flood,June 2025 floods (source list type),,
81,Eastern Cape,King Sabata Dalindyebo,Pola Park bungalows,Temporary structures (2013 floods),c. 2013-14,2013,Not reported,Uncertain,-31.550,28.740,Estimated,flood,2013 floods (source list type),,
82,Eastern Cape,Mnquma,New Rest TRUs,TRU (June 2025 floods),Jul-Aug 2025,2025,~62-120 units,Active,-32.330,28.150,Estimated,flood,June 2025 floods (source list type),,
83,Eastern Cape,Mbashe,Zone 14 relocation site,Temporary relocation site,2012,2012,400+ families,Active,-32.100,28.300,Low,unknown,,,
84,Eastern Cape,Makana,'Transit Camp' settlement,Transit camp (legacy),Legacy,,Not reported,Active,-33.300,26.550,Low,unknown,,,
