"id","province","municipality","site","type","suburb_landmark","lat","lon","coord_confidence","established","size","status","status_detail","latest_source_date","source_1","source_2","who_was_moved","who_basis","ethekwini_floodplain","reflood_documented","reflood_evidence"
"1","Western Cape","City of Cape Town","Blikkiesdorp (Symphony Way TRA)","TRA","Delft, Symphony Way, next to Cape Town Intl Airport","-33.981","18.631","Published (Wikipedia)","2007","~1,600 zinc units built; ~1,300 dwellings (2026)","Active","Symphony Way housing project (~3,500 units for Blikkiesdorp, Malawi Camp, Freedom Farm) resumed Mar 2025; some residents moved to subsidy houses.","2026-07-07","https://capeargus.co.za/news/2026-07-07-blikkiesdorp-19-years-of-unfulfilled-housing-promises-for-residents/","https://www.ewn.co.za/2025/03/10/blikkiesdorp-malawi-camp-freedom-farm-residents-excited-to-see-symphony-way-housing-project-resume","Cleared for a housing or infrastructure project","evictions and pre-World Cup removals (source list)","","yes","Winter rains, recurring (reported 8 Mar 2024): Blocked stormwater drains leave water running in the streets; residents move beds and furniture to avoid leaks when it rains. [medium] https://groundup.org.za/article/blikkiesdorp-residents-protest-after-years-in-temporary-accommodation/"
"2","Western Cape","City of Cape Town (provincial site)","Delft TRA 5 / 5.1","TRA (N2 Gateway)","Delft, N2 Gateway Phase 1","-33.97","18.64","Estimated (±1–3 km)","2010","1,095 units (~1,070 occupied)","Active","Still occupied after 16 years; flooding and sanitation failures reported Jul 2026. Run by Western Cape Govt.","2026-07","https://www.2oceansvibe.com/politics/mnqasela-tra5-housing-wait-july-2026/","https://www.wcpp.gov.za/?q=node/11843","Cleared for a housing or infrastructure project","N2 Gateway decant (source list type)","","",""
"3","Western Cape","City of Cape Town (provincial site)","Delft TRA 6","TRA (N2 Gateway)","Delft, linked to Joe Slovo / N2 Gateway","-33.97","18.64","Estimated (±1–3 km)","2013","423 units (~374 occupied)","Active","Used as receiving TRA for Southern Corridor programme (2022). Run by Western Cape Govt.","2022-05-08","https://iol.co.za/weekend-argus/news/2022-05-08-temporary-housing-rented-out-by-occupants-for-r1-000/","https://www.wcpp.gov.za/?q=node/11843","Cleared for a housing or infrastructure project","N2 Gateway decant (source list type)","","",""
"4","Western Cape","City of Cape Town","Tsunami (former TRA)","Former TRA, now informal settlement","Delft, next to Delft TRAs","-33.975","18.625","Estimated (±1–3 km)","c. 2005–08 (unconfirmed)","~1,700 shacks (2025)","Active","Development planned; residents resisting relocation (Sep 2025).","2025-09-12","https://www.parliament.gov.za/storage/app/media/Pages/2025/12-09-2025_NCOP_Local_Government_Week/day1/2025-local-government-week-site-profiles-eersterivier-delft-and-mfuleni.pdf","","Not stated in sources","","","",""
"5","Western Cape","City of Cape Town (provincial site)","Joe Slovo Temporary Housing Area (THA)","TRA","Langa, along Jakes Gerwel Drive","-33.94","18.54","Estimated (±1–3 km)","2017","Not reported","Uncertain","For residents who refused Delft move; no status found after Apr 2022.","2022-04-08","https://www.wcpp.gov.za/?q=node/11843","","Cleared for a housing or infrastructure project","N2 Gateway (residents who refused Delft)","","",""
"6","Western Cape","City of Cape Town","Langa 'Old Beer Hall' shipping-container TRA","TRA (containers)","Langa, Lerotholi Avenue","-33.945","18.53","Estimated (±1–3 km)","2002","Not reported","Active","Still occupied after 23 years (Apr 2025); City says part of Langa redevelopment, no timeline.","2025-04","https://groundup.org.za/article/families-moved-to-shipping-containers-by-city-23-years-ago-live-in-dire-conditions/","","Not stated in sources","","","",""
"7","Western Cape","City of Cape Town","Masonwabe TRA","TRA","Gugulethu, NY109, behind Gugulethu police station (former Masonwabe hostel site)","-33.975","18.57","Estimated (±1–3 km)","2013","100+ families (~136 structures)","Active","Jul 2026: City plans to rehouse Masonwabe and Singabalapha (Observatory) residents together on a new Gugulethu site; residents object. [Verified]","2026-07-30","https://groundup.org.za/article/gugulethu-residents-lambast-citys-plan-for-them-to-share-land-with-observatory-occupiers/","https://groundup.org.za/article/families-living-in-temporary-housing-for-over-a-decade-say-city-of-cape-town-has-abandoned-them/","Not stated in sources","","","",""
"8","Western Cape","City of Cape Town","Wolwerivier (emergency housing camp / IDA)","TRA / IDA","North of Dunoon, ~30 km from CBD (off R304/N7 side)","-33.77","18.55","Low – rough estimate","2015","~336 units initially; now overcrowded","Active","Roads, crèche, clinic added after 2021; fires Dec 2023; still offered to evictees (Bromwell St case).","2024-02-01","https://groundup.org.za/article/situation-even-worse-now-in-wolwerivier-say-residents/","https://www.dailymaverick.co.za/article/2024-01-24-wolwerivier-emergency-housing-camp-is-hell-on-earth-32km-from-heart-of-cape-town/","Evicted","offered to evictees (source list)","","",""
"9","Western Cape","City of Cape Town","Kampies (emergency housing site)","TRA / IDA","Philippi farming area, ~15 km from CBD","-34","18.56","Estimated (±1–3 km)","pre-2019","~109 structures / ~140 families","Active","Offered to Bromwell St evictees (SCA, 2023); criticised in UCT input to SAHRC (Feb 2025).","2025-02","https://www.dailymaverick.co.za/article/2023-02-06-supreme-court-of-appeal-finds-cape-town-emergency-housing-programme-in-line-with-constitution/","https://mkeswell.github.io/UCT_SAHRC_input_original.pdf","Evicted","offered to evictees (source list)","","yes","Winter 2020 (reported 30 Nov 2020): Rainwater enters structures from below; City responded to flooding issues at the emergency site during winter. [high] https://groundup.org.za/article/kampies-emergency-site-houses-evictees-backyarders-and-homeless/ || 11 May 2026: City Disaster Risk Management listed Kampies among the hardest-hit flooded settlements in the May 2026 cold fronts. (Daily Maverick 6 Jul 2025 also reports 50 homes flooded in 'Strandfontein's Kampies settlement'.) Assumed to be the same City-run site; not explicitly identified as the emergency housing site. [medium] https://www.dailymaverick.co.za/article/2026-05-11-cold-fronts-lash-western-cape-one-dead-communities-flooded-and-schools-shut/"
"10","Western Cape","City of Cape Town","Bhekela site / Stock Road TRA (PRASA Central Line relocation)","TRA","Philippi East ('Philippi Wedge'), behind Stock Road transport hub","-34","18.585","Estimated (±1–3 km)","Dec 2023–Feb 2024","856–891 households","Active","Poor services (90 toilets, tankered water); protests; awaiting permanent relocation. PRASA/HDA on private land.","2024-02-28","https://groundup.org.za/article/temporary-relocation-of-more-than-880-families-from-railway-in-cape-town-completed/","https://www.dailymaverick.co.za/article/2024-02-28-scopa-grills-city-of-cape-town-on-relocation-of-prasas-central-line-occupiers/","Cleared for a housing or infrastructure project","PRASA Central Line relocation","","",""
"11","Western Cape","City of Cape Town","Bosasa TRA (old site)","TRA","Mfuleni, ~30 km from CBD","-34.01","18.69","Estimated (±1–3 km)","c. 2009–10","150 extra units added 2020","Active","Cited as active in UCT SAHRC input (Feb 2025); limited transport, high crime.","2025-02","https://mkeswell.github.io/UCT_SAHRC_input_original.pdf","https://groundup.org.za/article/mfuleni-residents-are-tired-of-seeing-the-city-relocate-residents-from-other-townships/","Not stated in sources","","","",""
"12","Western Cape","City of Cape Town","Bosasa Link (Mfuleni Emergency Housing Development)","Emergency housing / TRA","Mfuleni, between Old Faure Rd (M49) and Spine Rd ext. (M32)","-34.02","18.7","Estimated (±1–3 km)","2024","713–756 serviced sites","Active","Receiving MyCiTi-displaced households and, Aug 2026, ~30 families from Luyolo hall (Gugulethu). Phase 2 due ~Feb 2026.","2026-08-05","https://groundup.org.za/article/families-who-occupied-a-cape-town-community-hall-for-eight-years-have-finally-been-moved/","https://www.news24.com/mixed-emotions-among-bosasa-link-project-residents-as-they-settle-into-new-homes-20240808","Cleared for a housing or infrastructure project","MyCiTi-displaced households (source list)","","",""
"13","Western Cape","City of Cape Town","Sondela TRA","TRA","Mfuleni, Ward 108","-34","18.69","Estimated (±1–3 km)","Nov 2023","~324 residents","Active","Serviced (water, electricity, toilets); residents moved from flood-prone wetland.","2023-11-23","https://novanews.co.za/cityvision/safer-houses-at-temporary-relocation-area-in-mfuleni-cape-town-welcomed-20231123/","","Not stated in sources","","","",""
"14","Western Cape","City of Cape Town","Green Point (Khayelitsha) temporary housing site","TRA","Green Point, Khayelitsha","-34.04","18.67","Estimated (±1–3 km)","Dec 2025–Jan 2026","40 units (27 stolen, 13 vandalised Jan 2026)","Active / being rebuilt","For households moved off sewer lines (Lansdowne Rd, Site C/SST).","2026-01","https://www.dailymaverick.co.za/article/sewerage-maintenance-relocation-of-khayeelitsha-families-delayed-after-vandalism/","https://groundup.org.za/article/protesters-demand-city-of-cape-town-compensate-them-for-destroying-their-homes-and-damaging-their-belongings/","Other","households moved off a sewer line (source list)","","",""
"15","Western Cape","City of Cape Town","Wingfield emergency site","Emergency site","Wingfield / Maitland (state land)","-33.915","18.51","Estimated (±1–3 km)","2020 (Covid)","~160 refugees","Active – eviction pending","City filed eviction application Jul 2025.","2025-07-08","https://groundup.org.za/article/city-of-cape-town-moves-to-evict-refugees-living-at-two-emergency-housing-sites/","","Covid-19 de-densification","","","",""
"16","Western Cape","City of Cape Town","Paint City emergency site","Emergency site","Bellville","-33.89","18.63","Estimated (±1–3 km)","2020 (Covid)","Not reported","Active – eviction pending","City filed eviction application Jul 2025.","2025-07-08","https://groundup.org.za/article/city-of-cape-town-moves-to-evict-refugees-living-at-two-emergency-housing-sites/","","Covid-19 de-densification","","","",""
"17","Western Cape","City of Cape Town","Delft South emergency housing site","Emergency housing / TRA","Delft South","","","Not found","Unknown","Not reported","Active (offered)","Offered to Singabalapha occupiers in 2026 (rejected). May overlap with another Delft site.","2026-07-30","https://groundup.org.za/article/gugulethu-residents-lambast-citys-plan-for-them-to-share-land-with-observatory-occupiers/","","Not stated in sources","","","",""
"18","Western Cape","City of Cape Town","Imizamo Yethu TRAs (Disa, Depot, Triangle)","TRA","Hout Bay; 'Triangle' above cemetery on Hout Bay Rd","-34.03","18.36","Estimated (±1–3 km)","Dec 2017 (post-fire)","~300 households","Uncertain","No 2022–26 source found.","2019-06","https://groundup.org.za/article/two-years-survivors-imizamo-yethu-fire-crammed-disused-municipal-buildings/","https://www.sentinelnews.co.za/news/residents-move-onto-tra-site/","Fire survivors","post-fire (source list)","","",""
"19","Western Cape","City of Cape Town","Happy Valley TRA","TRA (decant)","Blackheath / Blue Downs, Wimbledon Rd","-33.97","18.7","Estimated (±1–3 km)","c. 2011–12","Not reported","Uncertain","Could not confirm TRA still exists (protests Jul 2025).","2012-02","https://www.bcid.co.za/happy-valley-housing-development/","","Decanted for in-situ upgrading","decant","","",""
"20","Western Cape","Mossel Bay","KwaNonqaba UISP TRA","TRA (prefab)","KwaNonqaba, Mossel Bay","-34.17","22.1","Estimated (±1–3 km)","2022–23","250 prefab units + 250 storage units","Uncertain","Built for in-situ upgrading; damaged in Aug 2022 protests; occupancy unknown.","2023-08-16","https://asla.co.za/project/temporary-relocation-area-tra/","https://mbuisp.org/homepage/project-overview/tra/","Decanted for in-situ upgrading","in-situ upgrading decant","","",""
"21","Western Cape","Stellenbosch","Mountain View TRA","TRA","Jamestown, Stellenbosch","-33.98","18.84","Estimated (±1–3 km)","2017","Not reported","Active","Protests May 2026 over site 'becoming an informal settlement'.","2026-05","https://www.smfnews.org/protest-erupts-over-use-of-jamestown-as-a-relocation-area/","","Not stated in sources","","","",""
"22","Western Cape","Stellenbosch","Kayamandi Northern Extension TRA","TRA (decant)","Kayamandi","-33.92","18.85","Estimated (±1–3 km)","c. 2023–24","Not reported","Uncertain","Decant site for Zone O / Enkanini / Siyahlala upgrades.","n.d.","https://pmg.org.za/committee-meeting/39912/","","Decanted for in-situ upgrading","decant","","",""
"23","Western Cape","Stellenbosch","Watergang TRA","TRA","Kayamandi","-33.92","18.85","Estimated (±1–3 km)","c. 2007–12","Not reported","Uncertain","Studied in 2021; no 2022–26 status found.","2021","https://www.researchgate.net/publication/351839856_An_Analysis_of_the_Watergang_Temporary_Relocation_Area_in_Kayamandi_Stellenbosch","","Not stated in sources","","","",""
"24","Western Cape","Knysna","Khayalethu Bungalows temporary relocation","Decant / TRA","Khayalethu, Knysna","-34.03","23.05","Estimated (±1–3 km)","2024–26","124+ planned; 30 completed","Active","Short-term decant while Phases 2–3 built (2025/26–2026/27).","2026-02","https://www.thehda.co.za/knysna-khayalethu-bungalows-housing-intervention/","","Decanted for in-situ upgrading","decant","","",""
"25","KwaZulu-Natal","eThekwini","Zamani transit camp (Malukazi; possibly 'Lindela')","Transit camp","Malukazi, ward 89, near King Zwelithini Stadium (Umlazi/Isipingo Hills)","-29.98","30.9","Estimated (±1–3 km)","2009","Hundreds of families","Active","Nov 2024: city says no budget for repairs.","2024-11-28","https://groundup.org.za/article/families-relocated-for-2010-world-cup-left-with-overflowing-toilets-flood-damaged-homes-and-broken-promises/","","Cleared for a housing or infrastructure project","2010 World Cup (GroundUp)","within 250 m","",""
"26","KwaZulu-Natal","eThekwini","Isipingo transit camp","Transit camp","Between Isipingo and Lotus Park, ward 90","-29.98","30.93","Estimated (±1–3 km)","c. 2009","~750 families (2018); most moved 2022–23","Being emptied","Residents moved to Cornubia and Kanku Rd project; camp to be demolished when cleared. Current status unconfirmed.","2023-07-20","https://www.iol.co.za/dailynews/news/isipingo-transit-camp-residents-demand-answers-on-new-housing-allocation-plan-0297da16-8d67-46d8-b370-8348da2bd879","https://www.sanews.gov.za/south-africa/new-homes-isipingo-transit-camp-residents","Cleared for a housing or infrastructure project","apparently cleared for 2010 World Cup (GroundUp)","beyond 1 km","yes","Repeated events before May 2022 ('four to five' significant floods reported by 25 May 2022); flooding still cited July 2023: Camp between a river and a highway floods when heavy rain makes the water level rise and overflow; possessions lost to water; a resident died after tripping on live wiring while emptying floodwater. [high] https://risingsunnewspapers.co.za/196341/thirteen-years-later-still-no-proper-housing/ || Ongoing as of 21 July 2023 (article date): Resident relocated out of the Isipingo TEA refers to people left behind still experiencing flooding there. [medium] https://groundup.org.za/article/forgotten-isipingo-emergency-housing-residents-protest-demanding-to-be-moved-immediately/"
"27","KwaZulu-Natal","eThekwini","KwaDabeka transit camp","Transit camp","KwaDabeka near Clermont (Dumisani Makhaye Dr)","-29.78","30.88","Estimated (±1–3 km)","2009","609 prefab units","Active","Nov 2023: no land to relocate; repairs considered.","2023-11-01","https://groundup.org.za/article/transit-camp-homes-are-falling-apart-says-durban-residents/","","Not stated in sources","","within 250 m","low","c. late Oct/early Nov 2023 (statement dated 6 Nov 2023): DA statement says prefab units face collapse after heavy rains. Rain damage rather than documented inundation; political statement, not reporting. [low] https://kzn.da.org.za/2023/11/dangerous-conditions-at-kwadabeka-transit-camp-after-14-years-as-anc-abandons-residents"
"28","KwaZulu-Natal","eThekwini","Amaoti transit camp","Transit camp","Shellbrook St, Amaoti, Inanda","-29.665","30.99","Estimated (±1–3 km)","c. 2012","~360 people","Active","Phased move to Amaoti Cuba project (phase 2 delayed).","2023-04-04","https://groundup.org.za/article/living-conditions-at-amaoti-transit-camp-are-inhumane-and-getting-worse-say-residents/","https://www.dailymaverick.co.za/article/2023-04-04-residents-languish-in-inhumane-ethekwini-transit-camp-11-years-later/","Not stated in sources","","within 250 m","",""
"29","KwaZulu-Natal","eThekwini","Madamfana transit camp","Transit camp","Ntuzuma","-29.72","30.95","Estimated (±1–3 km)","2017","33 families","Active","Funding applied for 22 units (Sep 2023).","2023-09-21","https://groundup.org.za/article/families-have-been-waiting-six-years-to-be-moved-from-durban-transit-camp/","","Not stated in sources","","within 1 km","yes","2022 floods (resident moved into a community hall); recurrent whenever it rains (reported 21 Sep 2023): Low-lying camp (established 2017) where rainwater enters the houses; residents moved into a community hall during the 2022 floods. [high] https://groundup.org.za/article/families-have-been-waiting-six-years-to-be-moved-from-durban-transit-camp/"
"30","KwaZulu-Natal","eThekwini","Umbhayi transit camp","Transit camp","Umbhayi, near oThongathi (Tongaat)","-29.56","31.11","Estimated (±1–3 km)","2019","100+ people","Active","Tongaat RDP project (~250 houses) incomplete.","2024-02-16","https://groundup.org.za/article/families-stuck-in-transit-camp-as-ethekwini-housing-project-remains-incomplete/","","Not stated in sources","","within 250 m","",""
"31","KwaZulu-Natal","eThekwini","Lindelani transit camp","Transit camp","Lindelani (by Ntuzuma)","-29.7","30.96","Estimated (±1–3 km)","2019 (flood victims)","Not stated","Active","Poor water & sanitation (Jun 2024).","2024-06-10","https://iol.co.za/dailynews/news/2024-06-10-no-power-for-the-forgotten-flood-victims/","","Flood survivors","2019 flood victims (source list)","within 1 km","",""
"32","KwaZulu-Natal","eThekwini","eMathinini transit camp (Gwala St)","Transit camp","Lamontville (IOL says ward 75 Inanda – conflicting)","-29.945","30.955","Low – rough estimate","2007+","100+ households (2022)","Active","No electricity (Jun 2024); ~150 residents displaced again by Feb 2025 floods.","2024-06-10","https://iol.co.za/dailynews/news/2024-06-10-no-power-for-the-forgotten-flood-victims/","https://groundup.org.za/article/we-have-been-moved-from-one-place-to-another-says-durban-flood-victim/","Flood survivors","Mega Village flood victims moved 2021 (GroundUp / Daily Maverick)","within 1 km","yes","April 2022: Residents moved in March 2021 (after 2019 Mega Village floods); units flooded in the April 2022 deluge and residents fled to nearby hostel halls, then were ordered back. Camp is low-lying near the Umlaas Canal. [high] https://mg.co.za/news/south-africa/2022-05-09-opinion-ethekwini-refugees-ordered-back-to-flood-prone-damaged-transit-camp/ || February 2025 (c. 25-26 Feb 2025): Flash flood on the canal bank killed people living in the transit camp, including three children. Search snippets of IOL (26 Feb 2025; page returned 403) name the camp as the 'Gwala Street Transit Camp'; the MEC quote below confirms the victims lived in a transit camp on the canal bank. This is the Feb 2025 event currently attached to id 33 in the source CSV. [medium] https://www.sabcnews.com/sabcnews/2022-flood-victims-should-not-have-been-moved-to-lamontville-mec/"
"33","KwaZulu-Natal","eThekwini","Lamontville / Barcelona 2 transit camp","Transit camp","Lamontville","-29.94","30.95","Estimated (±1–3 km)","2008","Not stated","Active","Cited as active Aug 2024.","2024-08-16","https://iol.co.za/dailynews/news/2024-08-16-siboniso-dumas-grand-plan-to-fully-eradicate-transit-camps/","","Flood survivors","families moved to Lamontville transit camps after 2008 floods (IOL/Amnesty)","inside floodplain","",""
"34","KwaZulu-Natal","eThekwini","Foreman Road transit camp","Transit camp","Foreman Rd, Clare Estate / Sherwood","-29.82","30.98","Estimated (±1–3 km)","2008–09","800+ households (2017)","Active (partly burned)","Fire 8 Oct 2023 destroyed 60+ shacks; formal housing project planned.","2023-10-10","https://www.groundup.org.za/article/transit-camp-for-fire-victims-burns-down-in-durban/","","Not stated in sources","","within 1 km","",""
"35","KwaZulu-Natal","eThekwini","Congo transit camp","Transit camp","Inanda (residents from Nhlungwane)","-29.68","30.94","Low – rough estimate","2022 (Apr 2022 floods)","~250 people","Active","No running water, sanitation or electricity (Jun 2024).","2024-06-11","https://allafrica.com/stories/202406110038.html","","Flood survivors","April 2022 flood victims (source list)","within 1 km","",""
"36","KwaZulu-Natal","eThekwini","Mayville transit camp(s)","Transit camp","Mayville / Cato Manor","-29.84","30.98","Estimated (±1–3 km)","Legacy","Not stated","Active (slated for closure)","Named as decommissioning targets Aug 2024.","2024-08-16","https://iol.co.za/dailynews/news/2024-08-16-siboniso-dumas-grand-plan-to-fully-eradicate-transit-camps/","","Not stated in sources","","within 1 km","",""
"37","KwaZulu-Natal","eThekwini","Durban Central transit camp(s)","Transit camp","Durban central (unnamed)","","","Not found","Legacy","Not stated","Active (slated for closure)","Named as decommissioning targets Aug 2024.","2024-08-16","https://iol.co.za/dailynews/news/2024-08-16-siboniso-dumas-grand-plan-to-fully-eradicate-transit-camps/","","Not stated in sources","","","",""
"38","KwaZulu-Natal","eThekwini","Quarry Heights transit camp","Transit camp","Quarry Heights (near KwaMashu/Newlands)","-29.77","30.97","Low – rough estimate","Legacy","Not stated","Uncertain","Oversight visit 2020; no 2022–26 status found.","2020-09-28","https://kznlegislature.gov.za/human-settlements-pc-visits-transit-camps/","","Not stated in sources","","within 250 m","",""
"39","KwaZulu-Natal","eThekwini","White City transit camp","Transit camp","White City (Ntuzuma/KwaMashu)","-29.73","30.97","Low – rough estimate","Legacy","Not stated","Uncertain","Oversight visit 2020; no 2022–26 status found.","2020-09-28","https://kznlegislature.gov.za/human-settlements-pc-visits-transit-camps/","","Not stated in sources","","within 250 m","",""
"40","KwaZulu-Natal","eThekwini","KwaMshayazafe transit camp","Transit camp","eThekwini (exact area unconfirmed)","","","Not found","Legacy","Not stated","Uncertain","Oversight visit 2020; no 2022–26 status found.","2020-09-28","https://kznlegislature.gov.za/human-settlements-pc-visits-transit-camps/","","Not stated in sources","","","",""
"41","KwaZulu-Natal","eThekwini","Tongaat-Greylands transit camp","Transit camp","Greylands, oThongathi","-29.57","31.12","Low – rough estimate","Legacy","Not stated","Uncertain","Oversight visit 2020; no 2022–26 status found.","2020-09-28","https://kznlegislature.gov.za/human-settlements-pc-visits-transit-camps/","","Not stated in sources","","inside floodplain","",""
"42","KwaZulu-Natal","eThekwini","Astra Building TEA","TEA (building, 2022 floods)","Russell St, Durban CBD","-29.855","31.02","Estimated (±1–3 km)","Nov 2022","531 families (2022) → ~285 (Feb 2026)","Active (may have closed mid-2026)","Among remaining TEAs Feb 2026; 8 TEAs closed by Aug 2026 (list not published).","2026-02-11","https://groundup.org.za/article/kzn-flood-victims-stuck-in-emergency-housing-three-years-later/","https://www.sanews.gov.za/south-africa/kzn-flood-victims-moved-decent-accommodation","Flood survivors","2022 floods (source list type)","beyond 1 km","",""
"43","KwaZulu-Natal","eThekwini","O'Flaherty Building TEA","TEA (building, 2022 floods)","O'Flaherty Rd, Sydenham","-29.83","30.99","Estimated (±1–3 km)","Dec 2022","Not stated","Active","Named among remaining TEAs May 2026.","2026-05-18","https://iol.co.za/news/south-africa/kwazulu-natal/2026-05-18-durban-flood-victims-finally-receive-keys-to-new-homes-four-years-later/","","Flood survivors","2022 floods (source list type)","beyond 1 km","",""
"44","KwaZulu-Natal","eThekwini","Crystal Valley apartments TEA","TEA (building, 2022 floods)","Outside Durban (exact location unidentified)","","","Not found","Dec 2022","~300 families","Active","Active Feb 2026.","2026-02-11","https://groundup.org.za/article/kzn-flood-victims-stuck-in-emergency-housing-three-years-later/","","Flood survivors","2022 floods (source list type)","","",""
"45","KwaZulu-Natal","eThekwini","KwaDimba apartments TEA","TEA (building, 2022 floods)","Near Thornwood / Shallcross","-29.87","30.89","Low – rough estimate","2022","~40 people","Active","Active Feb 2026.","2026-02-11","https://groundup.org.za/article/kzn-flood-victims-stuck-in-emergency-housing-three-years-later/","","Flood survivors","2022 floods (source list type)","within 1 km","",""
"46","KwaZulu-Natal","eThekwini","Reservoir Hills flats TEA","TEA (building, 2022 floods)","Reservoir Hills","-29.8","30.95","Estimated (±1–3 km)","2022–23","Not stated","Closing","Residents moving to Cornubia May 2026.","2026-05-18","https://iol.co.za/news/south-africa/kwazulu-natal/2026-05-18-durban-flood-victims-finally-receive-keys-to-new-homes-four-years-later/","","Flood survivors","2022 floods (source list type)","within 1 km","",""
"47","KwaZulu-Natal","eThekwini","Dassenhoek TEA","TEA (2022 floods)","Dassenhoek, outer west","-29.83","30.8","Estimated (±1–3 km)","2022","Not stated","Active","Named as remaining TEA May 2026.","2026-05-18","https://witness.co.za/news/2026/05/18/4-000-flood-victims-housed-as-kzn-shifts-to-permanent-homes/","","Flood survivors","2022 floods (source list type)","within 250 m","",""
"48","KwaZulu-Natal","eThekwini","Ntuzuma TEA","TEA (2022 floods)","Ntuzuma","-29.72","30.95","Estimated (±1–3 km)","2022","Not stated","Active","Named as remaining TEA May 2026.","2026-05-18","https://witness.co.za/news/2026/05/18/4-000-flood-victims-housed-as-kzn-shifts-to-permanent-homes/","","Flood survivors","2022 floods (source list type)","within 1 km","",""
"49","KwaZulu-Natal","eThekwini","'Ashley Place of Safety'","TEA (2022 floods)","Probably Ashley, Pinetown (unconfirmed)","-29.83","30.87","Low – rough estimate","2022","143 families (~400 people)","Active","Active Sep 2026.","2026-09-04","https://kzn.da.org.za/2026/09/four-years-after-kzn-floods-families-remain-trapped-in-temporary-shelter","","Flood survivors","2022 floods (source list type)","within 250 m","",""
"50","KwaZulu-Natal","eThekwini","Pinetown Student Village TEA","TEA (2022 floods)","Pinetown","-29.815","30.86","Estimated (±1–3 km)","Dec 2022","Not stated","Uncertain","No 2024–26 update; may be same as 'Ashley Place of Safety'.","2022-12-13","https://www.sanews.gov.za/south-africa/kzn-flood-victims-moved-decent-accommodation","","Flood survivors","2022 floods (source list type)","within 1 km","",""
"51","KwaZulu-Natal","eThekwini","Conway Farm / Frazer compound","TEA (2022 floods)","oThongathi (Tongaat)","-29.58","31.13","Low – rough estimate","Nov 2022","163 families (2022); 118 (Jun 2023)","Uncertain","No status after 2023.","2023-06-29","https://www.parliament.gov.za/press-releases/media-statement-committee-flood-disaster-calls-ethekwini-municipality-find-permanent-accommodation-flood-victims","","Flood survivors","2022 floods (source list type)","within 250 m","",""
"52","KwaZulu-Natal","eThekwini","Montclair Lodge (former Transnet hostel)","TEA (govt-owned)","Montclair, south Durban","-29.92","30.97","Estimated (±1–3 km)","Bought May 2025; reopened Jun–Jul 2026","268–309 rooms; ~137 occupied Aug 2026","Active","Now main remaining TEA (stays meant to be 1–3 months).","2026-08-12","https://www.dailymaverick.co.za/article/2026-08-12-durban-flood-victims-left-on-pavement-as-court-rejects-housing-bid/","https://sahrc.org.za/index.php/sahrc-media/news-2/item/4503-media-statement-victory-for-human-rights-montclair-lodge-ready-for-occupancy-for-the-victims-of-flooding-following-sahrc-intervention","Flood survivors","flood victims (SAHRC statement)","beyond 1 km","",""
"53","KwaZulu-Natal","eThekwini","Ilfracombe and Adams TEUs","Temporary emergency units","Ilfracombe / Adams Mission (near Illovo)","-30.03","30.8","Low – rough estimate","2022","Not stated","Uncertain","Due to close once 20 Illovo houses finished (Aug 2025).","2025-08-12","https://iol.co.za/news/south-africa/kwazulu-natal/2025-08-12-kwazulu-natal-to-close-emergency-accommodations-for-flood-victims-by-january-2027/","","Flood survivors","flood victims (IOL)","beyond 1 km","",""
"54","KwaZulu-Natal","eThekwini","Umbilo former student residence (Lamontville Feb 2025 flood victims)","Emergency accommodation","Umbilo","-29.87","30.99","Low – rough estimate","Jul 2025","~40 families","Uncertain","In use Oct 2025 after Bayside Hotel eviction.","2025-10-05","https://sundaytribune.co.za/news/2025-10-05-flood-victims-struggle-with-strict-rules-at-temporary-accommodation/","","Flood survivors","Lamontville Feb 2025 flood victims (source list)","beyond 1 km","",""
"55","KwaZulu-Natal","eThekwini","Ntshongweni TRUs (ward 7)","TRU cluster","Shongweni, outer west","-29.79","30.73","Estimated (±1–3 km)","Dec 2025","19 families","Active","Temporary until permanent houses built.","2025-12","https://www.sabcnews.com/sabcnews/ethekwini-delivers-temporary-homes-to-flood-victims-in-ntshongweni/","","Flood survivors","flood victims (SABC)","within 1 km","",""
"56","KwaZulu-Natal","KwaDukuza (iLembe)","Driefontein and Stanger Manor TRUs","TRU cluster","KwaDukuza / Stanger","-29.34","31.29","Estimated (±1–3 km)","Dec 2022","221 TRUs","Uncertain","No later status found.","2022-12-07","https://www.sowetan.co.za/news/south-africa/2022-12-07-kwadukuza-municipality-moves-closer-to-housing-all-displaced-flood-victims/","","Flood survivors","displaced flood victims (Sowetan)","","",""
"57","KwaZulu-Natal","Maphumulo (iLembe)","Qadi and Maqumbi rural TRU projects","TRU (rural, scattered)","Maphumulo","","","Not found","2023–24","500 TRUs (Qadi); Maqumbi 17 of 50","Active / under construction","Qadi handed over; Maqumbi under construction (Nov 2024).","2024-11-12","https://pmg.org.za/tabled-committee-report/6010/","","Not stated in sources","","","",""
"58","Gauteng","City of Johannesburg","Wembley Stadium TEA ('Turffontein TRA')","TEA","Turffontein, next to Turffontein Race Course","-26.239","28.047","Estimated (±1–3 km)","2016","~350 people (Aug 2026)","Active","No working water/electricity; no one moved to permanent housing. [Verified]","2026-08-20","https://groundup.org.za/article/hundreds-stuck-for-years-in-joburgs-temporary-shelters/","https://www.dailymaverick.co.za/article/2022-02-28-from-bad-to-worse-foreign-nationals-evicted-from-johannesburg-inner-city-relocated-to-squalid-shelter/","Not stated in sources","","","",""
"59","Gauteng","City of Johannesburg","Denver TRA ('Shalazile')","TRA","Denver, off Main Reef Rd, next to Denver Men's Hostel","-26.21","28.115","Estimated (±1–3 km)","Nov 2023","~220–300 structures; 200+ occupants","Active","Built for Usindiso fire survivors (2023); largely taken over by others; crime/flooding; no permanent housing (Oct 2025).","2025-10-07","https://www.dailymaverick.co.za/article/2025-10-07-two-years-after-usindiso-fire-survivors-struggle-in-crime-infested-temporary-housing/","https://www.timeslive.co.za/news/south-africa/2025-08-24-usindiso-fire-survivors-face-new-terror/","Fire survivors","Usindiso fire survivors (source list)","","yes","January 2024 (reported 9-12 Jan 2024; further flooding reported 31 Jan-2 Feb 2024): Usindiso fire survivors moved to Denver in Nov 2023; summer rains flooded their shacks, soaking beds, clothes, food and documents; no drainage on site; residents dug their own stormwater channels. [high] https://www.sowetan.co.za/news/south-africa/2024-01-12-rains-flood-marshalltown-fire-victims-shacks-in-denver/"
"60","Gauteng","City of Johannesburg","Marlboro / Marlboro Gardens TRA (Setswetla de-densification)","TRA (containers)","Eastern Alexandra near Marlboro","-26.087","28.1","Estimated (±1–3 km)","2020 (announced)","1,600 households planned; 2,295 units in budget","Uncertain / under construction","R18.5m budgeted 2025/26; no occupancy reports after 2022.","2025","https://joburg.org.za/documents_/Documents/ANNEXURE_A-AND-B.pdf","https://www.citizen.co.za/news/south-africa/government/city-of-joburg-to-relocate-1600-residents-from-alexandra/","De-densification of an informal settlement","Setswetla de-densification","","",""
"61","Gauteng","City of Johannesburg","Madala Sports Field TRA","TRA","Alexandra, near Madala Hostel","-26.105","28.1","Estimated (±1–3 km)","2020 (planned)","1,233 units","Uncertain","R4.05m budgeted 2025/26; occupancy not confirmed.","2025","https://joburg.org.za/documents_/Documents/ANNEXURE_A-AND-B.pdf","","Covid-19 de-densification","","","",""
"62","Gauteng","City of Johannesburg","Diepsloot TRUs (William Nicol / Summit Rd)","TRU (Covid)","Diepsloot","-25.93","28.01","Low – rough estimate","2020","1,108 units","Uncertain","No status after 2022.","2020-07-24","https://www.citizen.co.za/fourways-review/356552/locals-to-be-relocated/","","Covid-19 de-densification","","","",""
"63","Gauteng","City of Johannesburg","Tanganani Ext 7 / Ext 14 TRUs","TRU (Covid)","Tanganani, Diepsloot","-25.92","27.99","Estimated (±1–3 km)","2020","~1,100 units each","Uncertain","No status after 2022.","2020","https://www.vukuzenzele.gov.za/government-urgently-addresses-overcrowding","","Covid-19 de-densification","","","",""
"64","Gauteng","City of Johannesburg","Zandspruit TRA","TRA (Covid)","Zandspruit (Ext 84)","-26.03","27.93","Estimated (±1–3 km)","2020","1,402–2,208 units planned","Uncertain","Mayor said in 2020 it would become permanent.","2020-07-14","https://www.citizen.co.za/roodepoort-record/2020/07/14/construction-of-tra-to-start-in-zandspruit/","","Covid-19 de-densification","","","",""
"65","Gauteng","City of Johannesburg","Wilgespruit Plot 323 TRUs","TRU (Covid)","Wilgespruit, Roodepoort","-26.1","27.9","Low – rough estimate","2020","72 households","Uncertain","2020 source only.","2020","https://www.vukuzenzele.gov.za/government-urgently-addresses-overcrowding","","Covid-19 de-densification","","","",""
"66","Gauteng","City of Johannesburg","Helen Joseph Women's Hostel TRUs","TRU (Covid)","Alexandra","-26.1","28.1","Low – rough estimate","2020","144 units","Uncertain","2020 source only.","2020","https://www.vukuzenzele.gov.za/government-urgently-addresses-overcrowding","","Covid-19 de-densification","","","",""
"67","Gauteng","City of Tshwane","Mamelodi Hostel TRUs","TRU (Covid, HDA)","Mamelodi West hostel","-25.715","28.335","Estimated (±1–3 km)","2020–21","454 built (of 633)","Active","Jan 2026 repairs logged at the TRUs.","2026-01-14","https://www.citizen.co.za/rekord/news-headlines/local-news/2026/01/14/water-wastage-and-ageing-infrastructure-trouble-mamelodi-hostel-dwellers/","","Covid-19 de-densification","","","low","Rainy season, before 7 Sep 2021: Resident says the temporary units, placed without a survey, flood when it rains. Unclear how many units were occupied at the time (454 of 633 built). [low] https://www.timeslive.co.za/news/south-africa/2021-09-07-why-would-we-vote-mamelodi-hostel-residents-angry-at-half-built-shack-houses/"
"68","Gauteng","City of Tshwane","Mooiplaas TRUs (flood victims)","TRU","Mooiplaas (possibly Region 4 – unconfirmed)","","","Not found","2020–21","84 people (phase 1)","Uncertain","Units cracking (Oct 2021); nothing later found.","2021-10","https://www.citizen.co.za/rekord/342964/flood-victims-finally-moved-to-safer-place/","","Flood survivors","flood victims (source list)","","",""
"69","Gauteng","City of Tshwane","Nellmapius Ext 4 temporary relocation site","TRA","Nellmapius Ext 4, Mamelodi","-25.735","28.365","Estimated (±1–3 km)","Aug 2024","35 beneficiaries","Active","Move to Pienaarspoort delayed (sand-mining damage); expected early 2026.","2025-10-20","https://www.citizen.co.za/rekord/news-headlines/local-news/2025/10/20/mamelodi-flood-victims-fear-being-forgotten-amid-relocation-delays/","https://groundup.org.za/article/flood-victims-relocated-by-the-city-to-land-in-mamelodi-are-being-threatened-by-local-residents/","Not stated in sources","","","",""
"70","Gauteng","City of Ekurhuleni","Chief Albert Luthuli / 'N12' settlement","Temporary relocation site (Bapsfontein evictees)","Near Cloverdene, Benoni, along N12","-26.13","28.36","Estimated (±1–3 km)","c. 2011","~2,000 dwellings; 570 verified residents","Disrupted – court-supervised","Demolished May 2026; High Court (Jun 2026) ordered return of 570 residents with temporary structures.","2026-06-15","https://www.dailymaverick.co.za/article/2026-06-15-judge-orders-return-of-n12-families-after-flagrant-rights-violations/","","Evicted","Bapsfontein evictees","","",""
"71","Gauteng","City of Ekurhuleni","Chris Hani 'transitional' resettlement site","Transitional site","Next to Ivory Park (Tembisa side)","-26.005","28.21","Estimated (±1–3 km)","Aug 2025","139 families","Active","City calls it 'not permanent but transitional'.","2025-08-19","https://www.ekurhuleni.gov.za/press-releases/human-settlement/city-resettles-families-living-under-eskom-power-pylons-to-a-safer-settlement/","","Other","households living under Eskom power pylons (source list)","","",""
"72","Eastern Cape","Nelson Mandela Bay","Walmer '1948' TRUs (Erf 1948)","TRU","Walmer township (Gqebera), Gqeberha","-33.99","25.55","Estimated (±1–3 km)","2024","580–600 units","Active (largely vandalised)","Built for Airport Valley residents; units stripped; eviction of unlawful occupiers ordered Nov 2024.","2025-11-06","https://groundup.org.za/article/vandals-strip-temporary-housing-units-in-r42-million-gqeberha-project/","https://www.theherald.co.za/politics/2025-11-09-abandoned-structures-in-r36m-temporary-housing-project-stripped-by-vandals/","Cleared for a housing or infrastructure project","Airport Valley residents","","",""
"73","Eastern Cape","Nelson Mandela Bay","Van Rooyen TRUs","TRU (2024 floods)","Kamesh, Kariega, Ward 48, near Kamesh Police Station","-33.77","25.4","Estimated (±1–3 km)","Oct 2024","154 units","Active","Vandalism, crime, water/sanitation problems (Jan 2026).","2026-01-23","https://novanews.co.za/udexpress/temporary-housing-becomes-permanent-nightmare/","https://www.sanews.gov.za/south-africa/relocation-residents-nelson-mandela-bay-flood-prone-areas-progressing-well","Flood survivors","2024 floods (source list type)","","",""
"74","Eastern Cape","Nelson Mandela Bay","Motherwell NU30 bungalows","TRU (Covid)","Motherwell NU30, Gqeberha","-33.8","25.6","Estimated (±1–3 km)","2020","~300 structures","Partly converted","Some replaced by permanent houses by 2026.","2026-05-07","https://groundup.org.za/article/from-leaky-bungalow-to-dream-home-wheelchair-users-6-year-wait-ends/","https://groundup.org.za/article/families-who-were-moved-into-temporary-shelters-during-covid-pandemic-are-still-waiting-for-their-houses/","Covid-19 de-densification","","","yes","c. May 2023 ('recent rains', article dated 16 May 2023): Resident of a government-allocated NU30 bungalow (promised a house since 2020) says heavy rain flooded the bungalow floor. Article does not explicitly label it the Covid TRU scheme, hence medium. [medium] https://groundup.org.za/article/flooding-in-eastern-cape-municipality-blames-residents-residents-blame-municipality/"
"75","Eastern Cape","Nelson Mandela Bay","Kariega 'Area 11' bungalows","TRU (Covid)","Area 11, Kariega","-33.78","25.37","Estimated (±1–3 km)","2020","420 bungalows","Uncertain","Occupied Apr 2023; nothing later.","2023-04-20","https://groundup.org.za/article/kariega-shackdwellers-threaten-to-move-into-housing-project/","","Covid-19 de-densification","","","",""
"76","Eastern Cape","Nelson Mandela Bay","Jaagvlakte prefab bungalows","TRU","Jaagvlakte, Kariega","-33.76","25.36","Estimated (±1–3 km)","2020–21","163 households (phase 1)","Uncertain","No 2022–26 update.","2021-04-09","https://groundup.org.za/article/relocation-project-hold-two-communities-battle-municipality-over-housing-allocations/","","Not stated in sources","","","",""
"77","Eastern Cape","Buffalo City","Mtsotso Temporary Residential Area","TRA (Duncan Village de-densification)","Mtsotso, near Mdantsane, East London","-32.93","27.72","Low – rough estimate","2021–22","582 households","Active","Structures deteriorating; residents await RDP houses in Reeston. [Verified]","2026-01-12","https://www.dailydispatch.co.za/news/2026-01-12-residents-of-mtsotso-demand-action-on-temporary-shelter-conditions/","","De-densification of an informal settlement","Duncan Village de-densification","","",""
"78","Eastern Cape","Buffalo City","Ziphunzana Bypass / Mdantsane East TRUs","TRU (Duncan Village de-densification)","Ziphunzana / Mdantsane East","-32.97","27.78","Low – rough estimate","2020","~2,000 units planned","Uncertain","Possibly consolidated into Mtsotso.","2020-07-16","https://elitshanews.org.za/2020/07/16/duncan-village-residents-not-happy-with-relocation/","","De-densification of an informal settlement","Duncan Village de-densification","","",""
"79","Eastern Cape","Buffalo City","Buffalo Flats prefabs","Temporary prefabs","Buffalo Flats, East London","-32.99","27.87","Estimated (±1–3 km)","2010s","200+ families","Active","Beneficiaries still in prefabs (Dec 2024).","2024-12-12","https://www.dailydispatch.co.za/news/2024-12-12-behind-the-news-a-personal-struggle-with-a-public-housing-fiasco/","","Not stated in sources","","","",""
"80","Eastern Cape","King Sabata Dalindyebo","Mayden (Maiden) Farm TRUs","TRU (June 2025 floods)","Mayden Farm, Mthatha","-31.61","28.76","Low – rough estimate","Aug–Sep 2025","672 planned; 315+ occupied (Oct 2025)","Active – still filling","More keys handed over Jul 2026.","2026-07-21","https://www.dailydispatch.co.za/news/2026-07-21-grateful-flood-victims-get-temporary-homes-year-after-disaster/","https://www.gov.za/news/media-statements/eastern-cape-relocation-mthatha-flood-victims-26-aug-2025","Flood survivors","June 2025 floods (source list type)","","",""
"81","Eastern Cape","King Sabata Dalindyebo","Pola Park bungalows","Temporary structures (2013 floods)","Pola Park, near Mthatha Dam","-31.55","28.74","Estimated (±1–3 km)","c. 2013–14","Not reported","Uncertain","Still occupied Feb 2022.","2022-02-23","https://www.dailymaverick.co.za/article/2022-02-23-mthatha-flood-victims-still-waiting-to-be-relocated-after-almost-a-decade/","","Flood survivors","2013 floods (source list type)","","",""
"82","Eastern Cape","Mnquma","New Rest TRUs","TRU (June 2025 floods)","New Rest, Butterworth","-32.33","28.15","Estimated (±1–3 km)","Jul–Aug 2025","~62–120 units","Active","Residents requesting water, power, sanitation.","2025-08-26","https://www.gov.za/news/media-statements/eastern-cape-relocation-mthatha-flood-victims-26-aug-2025","https://www.enca.com/news/eastern-cape-flood-relocations-face-resistance-butterworth","Flood survivors","June 2025 floods (source list type)","","",""
"83","Eastern Cape","Mbashe","Zone 14 relocation site","Temporary relocation site","Several km from Dutywa","-32.1","28.3","Low – rough estimate","2012","400+ families","Active","No electricity, piped water or houses after 13 years.","2025-01-27","https://allafrica.com/stories/202501270002.html","","Not stated in sources","","","",""
"84","Eastern Cape","Makana","'Transit Camp' settlement","Transit camp (legacy)","Ward 5, Makhanda, next to Ext 9/10","-33.3","26.55","Low – rough estimate","Legacy","Not reported","Active","Named settlement still exists (2023).","2023-03-23","https://grocotts.ru.ac.za/2023/03/23/residents-of-extensions-nine-10-transit-camp-phumlani-and-enkanini-voice-discontent/","","Not stated in sources","","","",""
