"Province","Municipality","Site","What happened","Status","Source"
"Western Cape","George","Thembalethu UISP TRA erven","Land used as TRA, later built on","Probably closed","https://www.george.gov.za/update-on-uisp-project-thembalethu/"
"Western Cape","Bitou","Bossiesgif temporary housing (proposed)","Residents refused to move, Mar 2026","Proposed / refused","https://www.theherald.co.za/news/2026-03-26-bossiesgif-residents-march-to-bitou-municipal-offices-over-plan-to-move-them/"
"KwaZulu-Natal","eThekwini","Point Road building TEA","Families moved to Montclair Lodge Jun 2026; remaining evicted Jul 2026","Closed","https://groundup.org.za/article/kzn-flood-victims-sleep-outside-after-eviction-from-temporary-accommodation/"
"KwaZulu-Natal","eThekwini","Bayside Hotel / Impala Flats / Bayview Hall (Feb 2025 floods)","Bayside evicted Jul 2025; moved to Umbilo residence","Closed","https://witness.co.za/news/2025/07/10/durban-flood-victims-left-in-the-cold-after-hotel-eviction/"
"KwaZulu-Natal","eThekwini","2022 flood mass-care centres (~135 halls)","All closed by 24 Dec 2022","Closed","https://www.sanews.gov.za/south-africa/kzn-flood-victims-relocated-new-accommodation"
"KwaZulu-Natal","eThekwini","Pemilton Ave / Shannon Dr transit camp, Reservoir Hills","Put on hold May 2022 after opposition","Never built","https://www.iol.co.za/thepost/news/reservoir-hills-residents-oppose-ethekwini-municipalitys-plan-to-build-transit-camp-4a66aba6-ff06-4716-b843-427e5f471e4a"
"KwaZulu-Natal","eThekwini","17–29 legacy transit camps decommissioned (names not published)","eThekwini says 29 of 71 camps cleared by Jun 2024","Closed","https://iol.co.za/dailynews/news/2024-06-10-no-power-for-the-forgotten-flood-victims/"
"Gauteng","City of Johannesburg","3 Kotze Street shelter","Closed Dec 2023 (structural problems)","Closed","https://www.dailymaverick.co.za/article/2024-10-03-joburg-housing-bid-to-provide-emergency-accommodation-highlights-crisis/"
"Gauteng","City of Johannesburg","Rabie Ridge / Ivory Park Covid TRUs","Dismantled; land occupied by backyarders from Aug 2023","Closed","https://groundup.org.za/article/300-families-from-rabie-ridge-go-to-court-to-fight-their-eviction/"
"Gauteng","City of Johannesburg","Ekuthuleni shelter / Linatex building (older TEAs)","No 2022–26 evidence of use as TEA","Probably closed","https://www.dailymaverick.co.za/article/2025-03-20-court-slams-city-of-johannesburg-for-failing-to-provide-temporary-shelter-to-evicted-residents/"
"Gauteng","City of Tshwane","Nellmapius Library / Community Hall","Mostly emptied Aug 2024","Closed / mostly emptied","https://www.citizen.co.za/news/south-africa/displaced-mamelodi-flood-victims-uncertain-what-future-holds/"
"Eastern Cape","Nelson Mandela Bay","Church Street student residence, Kariega","30-day use Jun–Jul 2024, then closed","Closed","https://groundup.org.za/article/kariega-flood-victims-forced-to-move-back-to-sodden-land/"
"Free State","Mangaung","Lourier Park / 'Mountain View' settlement","Relocation settlement for permanent homes (Jun 2026) – not strictly a TRA","Not a TRA (context)","https://www.ofm.co.za/article/centralsa/340523/lourier-park-mangaung-metro-presses-ahead-with-formalising-mountain-view-settlement"
"Mpumalanga","Emakhazeni","Portion 61 Farm Geluk 348 JT","Court-ordered alternative land for ~65 households (Sep 2025)","Not a TRA (context)","https://www.saflii.org/za/cases/ZAGPPHC/2025/925.html"
