"sample_no","batch","id","region","country","province_state","place_origin","place_destination","hazard","hazard_original","year_start","status","scale","spatial_pattern","inventory_part","source","source_url","source_sheet_row","case_citations"
"1","1","WPR-342","Americas - Central America","Mexico","Puebla","Teziutlán (multiple)","Teziutlán (multiple)","landslide","Landslide","unknown","completed","unknown","unknown","LPRH II (Mokhnacheva 2021; French/Spanish/Portuguese literature)","PDD/Kaldor Centre/IOM Global Dataset of Planned Relocation Cases (Leaving Place, Restoring Home I & II), metadata last edited 9 June 2021","https://docs.google.com/spreadsheets/d/1pDR-t1hVApqJiVk6E5DJ7TN0cOtXJiKvS1w8QIP149o/edit#gid=1611800107","345","Lavell, A., Mansilla, E., Chavex, A., Cardona, O., & Perez M. (2015). Diagnostic report. Colombia, Peru and Mexico (1/4). The Bartlett Development Planning Unit (DPU) and the Latin American Social Science Faculty (FLACSO). https://www.ucl.ac.uk/bartlett/development/sites/bartlett/files/diagnostic_flacso_english_spanish_v2.pdf"
"2","1","WPR-089","Asia - South East Asia","Philippines","Northern Mindanao","Cagayan de Oro (multiple)","Calaanan Site (many sub-villages)","cyclone/storm","Storm","unknown","completed","unknown","B","LPRH I (Bower & Weerasinghe 2021; English literature)","PDD/Kaldor Centre/IOM Global Dataset of Planned Relocation Cases (Leaving Place, Restoring Home I & II), metadata last edited 9 June 2021","https://docs.google.com/spreadsheets/d/1pDR-t1hVApqJiVk6E5DJ7TN0cOtXJiKvS1w8QIP149o/edit#gid=1611800107","92","Carrasco, S., Ochiai, C., & Okazaki, K. (2016). Impacts of resident-initiated housing modifications in resettlement sites in Cagayan de Oro, Philippines. International journal of disaster risk reduction, 17, 100-113. || Hirano, S. Learning from Urban Transitional Settlement Response in the Philippines: Housing, Land and Property Issues: Reflections from CRS’ 2011– 2012 Post- Tropical Storm Washi (Sendong) Response in Cagayan de Oro. Catholic Relief Services. 2012. || Carrasco, S., & Dangol, N. (2019). Citizen-government negotiation: cases of in riverside informal settlements at flood risk. International journal of disaster risk reduction, 38, 101195. || Carrasco, S., Ochiai, C., & Okazaki, K. (2018). Resident-built housing modifications as a factor of adaptability to the built environment in disaster-induced resettlement site in Cagayan de Oro, Philippines. In Science and Technology in Disaster Risk Reduction in Asia (pp. 453-474). Academic Press. || Carrasco, S., Ochiai, C., & Okazaki, K. (2017). Residential satisfaction and housing modifications. International Journal of Disaster Resilience in the Built Environment. || Carrasco, S., Ochiai, C., & Okazaki, K. (2016). A study on housing modifications in resettlement sites in Cagayan de Oro, Philippines. Journal of Asian Architecture and Building Engineering, 15(1), 25-32."
"3","1","WPR-237","Americas - South America","Colombia","Bogotá","Ciudad Bolívar (UPZ Ismael Perdomo, Altos de Estancia)","Multiple","landslide","Landslide","unknown","completed","unknown","unknown","LPRH II (Mokhnacheva 2021; French/Spanish/Portuguese literature)","PDD/Kaldor Centre/IOM Global Dataset of Planned Relocation Cases (Leaving Place, Restoring Home I & II), metadata last edited 9 June 2021","https://docs.google.com/spreadsheets/d/1pDR-t1hVApqJiVk6E5DJ7TN0cOtXJiKvS1w8QIP149o/edit#gid=1611800107","240","Robles, S. (2011). “Impactos del reasentamiento porvulnerabilidad en áreas de alto riesgo. Bogotá, 1991-2005”. Tesis de Maestría en Hábitat. Facultad en Artes Universidad Nacional de Colombia, sede Bogotá."
"4","1","WPR-155","Asia - South Asia","Sri Lanka","Eastern Province, Trincomalee District","Naduvuthu","12k","other","Tsunami","unknown","completed","unknown","A","LPRH I (Bower & Weerasinghe 2021; English literature)","PDD/Kaldor Centre/IOM Global Dataset of Planned Relocation Cases (Leaving Place, Restoring Home I & II), metadata last edited 9 June 2021","https://docs.google.com/spreadsheets/d/1pDR-t1hVApqJiVk6E5DJ7TN0cOtXJiKvS1w8QIP149o/edit#gid=1611800107","158","Hettige, S., Haigh, R., & Amaratunga, D. (2018). Community level indicators of long term disaster recovery. Procedia engineering, 212, 1287-1294."
"5","1","WPR-216","Americas - South America","Argentina","Buenos Aires Province","La Plata (Ringuelet neighbourhood)","Barrio Nuevo","flood","Riverine flood","unknown","completed","unknown","A","LPRH II (Mokhnacheva 2021; French/Spanish/Portuguese literature)","PDD/Kaldor Centre/IOM Global Dataset of Planned Relocation Cases (Leaving Place, Restoring Home I & II), metadata last edited 9 June 2021","https://docs.google.com/spreadsheets/d/1pDR-t1hVApqJiVk6E5DJ7TN0cOtXJiKvS1w8QIP149o/edit#gid=1611800107","219","Aversa, M., Rotger, D., & Senise, F. (2020). Vivir en las márgenes del riesgo. Inundación y resiliencia en La Plata. Bitácora Urbano Territorial, 30(3), 219-232. https://doi.org/10.15446/bitacora.v30n3.86792 || Bernat, M. (2020). Modos de habitar y políticas públicas - Ways of inhabiting and public policies: Relocalización de un asentamiento en La Plata, Argentina. Estudios Demográficos Y Urbanos, 35(3 (105)), 727-760. doi:10.2307/26928158 || Aversa, M., Rotger, D., & Senise, F. (2020). Vivir en las márgenes del riesgo. Inundación y resiliencia en La Plata. Bitácora Urbano Territorial, 30(3), 219-232. Epub December 09, 2020. || Bernat, M. S., Díaz Larrañaga, N., & Cravino, M. C. (2019). Habitar un Barrio Nuevo. El Caso de la Relocalización del Arroyo el Gato (La Plata). Investigación Joven, 6(Especial), 195."
"6","1","WPR-008","Pacific","Fiji","Vanua Levu","Vunisavisavi","Away from coast (partial relocation)","other","Coastal erosion","unknown","completed","unknown","A","LPRH I (Bower & Weerasinghe 2021; English literature)","PDD/Kaldor Centre/IOM Global Dataset of Planned Relocation Cases (Leaving Place, Restoring Home I & II), metadata last edited 9 June 2021","https://docs.google.com/spreadsheets/d/1pDR-t1hVApqJiVk6E5DJ7TN0cOtXJiKvS1w8QIP149o/edit#gid=1611800107","11","McMichael, Celia, Manasa Katonivualiku, and Teresia Powell. ""Planned relocation and everyday agency in low‐lying coastal villages in Fiji."" The Geographical Journal 185.3 (2019): 325-337. || Singh, P., Charan, D., Kaur, M., Railoa, K., & Chand, R. (2020). Place Attachment and Cultural Barriers to Climate Change Induced Relocation: Lessons from Vunisavisavi Village, Vanua Levu, Fiji. In Managing Climate Change Adaptation in the Pacific Region (pp. 27-43). Springer, Cham. || McMichael, C., & Katonivualiku, M. (2020). Thick temporalities of planned relocation in Fiji. Geoforum, 108, 286-294. || McMichael, C., Katonivualiku, M., & Powell, T. (2019). Planned relocation and everyday agency in low‐lying coastal villages in Fiji. The Geographical Journal, 185(3), 325-337."
"7","1","WPR-156","Asia - South Asia","Sri Lanka","Eastern Province, Trincomalee District","Sudaikudha","2k","other","Tsunami","unknown","completed","unknown","A","LPRH I (Bower & Weerasinghe 2021; English literature)","PDD/Kaldor Centre/IOM Global Dataset of Planned Relocation Cases (Leaving Place, Restoring Home I & II), metadata last edited 9 June 2021","https://docs.google.com/spreadsheets/d/1pDR-t1hVApqJiVk6E5DJ7TN0cOtXJiKvS1w8QIP149o/edit#gid=1611800107","159","Hettige, S., Haigh, R., & Amaratunga, D. (2018). Community level indicators of long term disaster recovery. Procedia engineering, 212, 1287-1294."
"8","1","WPR-267","Americas - South America","Peru","Moquegua Region","Coalaque district (Amata)","Coalaque district (unknown)","landslide","Landslide","unknown","completed","unknown","A","LPRH II (Mokhnacheva 2021; French/Spanish/Portuguese literature)","PDD/Kaldor Centre/IOM Global Dataset of Planned Relocation Cases (Leaving Place, Restoring Home I & II), metadata last edited 9 June 2021","https://docs.google.com/spreadsheets/d/1pDR-t1hVApqJiVk6E5DJ7TN0cOtXJiKvS1w8QIP149o/edit#gid=1611800107","270","Lavell, A., Mansilla, E., Chavex, A., Cardona, O., & Perez M. (2015). Diagnostic report. Colombia, Peru and Mexico (1/4). The Bartlett Develop-ment Planning Unit (DPU) and the Latin American Social Science Faculty (FLACSO). https://www.ucl.ac.uk/bartlett/development/sites/bartlett/files/diagnostic_flacso_english_spanish_v2.pdf || CENEPRED. (2016). Guía Metodológica Elaboración De “Plan De Reasentamiento Poblacional En Zonas De Muy Alto Riesgo No Mitigable”. CENEPRED. http://sigrid.cenepred.gob.pe/docs/PARA%20PUBLICAR/CENEPRED/Guia%20Plan%20de%20Reasentamiento%20Poblacional.pdf"
"9","1","WPR-028","Pacific","Solomon Islands","Choiseul province","Taro","2k away on mainland","sea-level rise","Sea level rise","unknown","ongoing","unknown","A","LPRH I (Bower & Weerasinghe 2021; English literature)","PDD/Kaldor Centre/IOM Global Dataset of Planned Relocation Cases (Leaving Place, Restoring Home I & II), metadata last edited 9 June 2021","https://docs.google.com/spreadsheets/d/1pDR-t1hVApqJiVk6E5DJ7TN0cOtXJiKvS1w8QIP149o/edit#gid=1611800107","31","Albert, Simon, et al. ""Heading for the hills: climate-driven community relocations in the Solomon Islands and Alaska provide insight for a 1.5 C future."" Regional environmental change 18.8 (2018): 2261-2272. || Tabe, T. (2019). Climate change migration and displacement: Learning from past relocations in the Pacific. Social Sciences, 8(7), 218. || Yeo, Sophie. (2014). Solomon Islands Town to Relocate as Climate Pressures Mount. RTCC. https://www.climatechangenews.com/2014/08/15/solomon-islands-town-to-relocate-as-climate-pressures-mount/ || Dannenberg, A. L., Frumkin, H., Hess, J. J., & Ebi, K. L. (2019). Managed retreat as a strategy for climate change adaptation in small communities: public health implications. Climatic Change, 153(1-2), 1-14."
"10","1","WPR-379","Africa - West Africa","Senegal","Saint-Louis Region","Saint-Louis (Langue de Barbarie, multiple neighourhoods)","Gandon commune (Diougop)","other","Coastal erosion","unknown","ongoing","unknown","unknown","LPRH II (Mokhnacheva 2021; French/Spanish/Portuguese literature)","PDD/Kaldor Centre/IOM Global Dataset of Planned Relocation Cases (Leaving Place, Restoring Home I & II), metadata last edited 9 June 2021","https://docs.google.com/spreadsheets/d/1pDR-t1hVApqJiVk6E5DJ7TN0cOtXJiKvS1w8QIP149o/edit#gid=1611800107","382","The World Bank. (2020). Senegal – Additional Financing for Saint-Louis Emergency Recovery and Resilience Project (P170954) [Project Paper]. World Bank. || Internal Displacement Monitoring Centre. (2019). African Report on Internal Displacement 2019. IDMC. https://www.internal-displacement.org/sites/default/files/publications/documents/201912-Africa-report.pdf. || Agence Régionale de Développement de Saint Louis. (n.d.). Projet de Relèvement d’urgence et de Résilience à Saint-Louis (2019-2023). http://ardsaintlouis.org/serrp/ || ADM. (2019). Projet de relèvement d'urgence et de résilience à Saint-Louis. Aménagement du site de Djougop et déplacement des personnes affectées. Plan d'action de réinstallation. Rapport Final. https://adm.sec.gouv.sn/sites/default/files/2019-04/Rapport%20Final%20PAR%20Recasement%20temporarire-SERRP%20StLouis%20(2).pdf || Senegal. (2020). Senegal - Saint-Louis Emergency Recovery and Resilience Project : Resettlement Plan (Vol. 3) : Plan d'Action de Réinstallation de la Langue Barbarie (French). Washington, D.C. : World Bank Group. http://documents.worldbank.org/curated/en/563401588360092073/Plan-dAction-de-Réinstallation-de-la-Langue-Barbarie"
"11","1","WPR-193","Asia - East Asia","Japan","Tohoku","Higashimatshishima, Ushiami","Ushiami","other","Tsunami","unknown","completed","unknown","A","LPRH I (Bower & Weerasinghe 2021; English literature)","PDD/Kaldor Centre/IOM Global Dataset of Planned Relocation Cases (Leaving Place, Restoring Home I & II), metadata last edited 9 June 2021","https://docs.google.com/spreadsheets/d/1pDR-t1hVApqJiVk6E5DJ7TN0cOtXJiKvS1w8QIP149o/edit#gid=1611800107","196","Pinter, N., Ishiwateri, M., Nonoguchi, A., Tanaka, Y., Casagrande, D., Durden, S., & Rees, J. (2019). Large-scale managed retreat and structural protection following the 2011 Japan tsunami. Natural Hazards, 96(3), 1429-1436."
"12","1","WPR-014","Pacific","Fiji","Viti Levu, Cakaudrove Province","Korolevu","Uphill","sea-level rise","Sea level rise","unknown","ongoing","unknown","A","LPRH I (Bower & Weerasinghe 2021; English literature)","PDD/Kaldor Centre/IOM Global Dataset of Planned Relocation Cases (Leaving Place, Restoring Home I & II), metadata last edited 9 June 2021","https://docs.google.com/spreadsheets/d/1pDR-t1hVApqJiVk6E5DJ7TN0cOtXJiKvS1w8QIP149o/edit#gid=1611800107","17","McMichael, C., & Katonivualiku, M. (2020). Thick temporalities of planned relocation in Fiji. Geoforum, 108, 286-294."
"13","1","WPR-077","Asia - South East Asia","Philippines","Leyte","Tacloban City (multiple)","Natubgan","cyclone/storm","Storm","unknown","completed","unknown","B","LPRH I (Bower & Weerasinghe 2021; English literature)","PDD/Kaldor Centre/IOM Global Dataset of Planned Relocation Cases (Leaving Place, Restoring Home I & II), metadata last edited 9 June 2021","https://docs.google.com/spreadsheets/d/1pDR-t1hVApqJiVk6E5DJ7TN0cOtXJiKvS1w8QIP149o/edit#gid=1611800107","80","Palagi, S., & Javernick-Will, A. (2020). Pathways to Livable Relocation Settlements Following Disaster. Sustainability, 12(8), 3474. || Palagi, S., & Javernick-Will, A. (2020). Discrepancies between Postdisaster Relocation Policy and Implementation in the Philippines. Journal of Management in Engineering, 36(4), 04020040. || Palagi, S., & Javernick-Will, A. (2019). Institutional constraints influencing relocation decision making and implementation. International Journal of Disaster Risk Reduction, 33, 310-320."
"14","1","WPR-358","Americas - Caribbean","Dominica","Saint Patrick Parish","Petite Savanne","unknown","cyclone/storm","Storm","unknown","ongoing","unknown","A","LPRH I (Bower & Weerasinghe 2021; English literature)","PDD/Kaldor Centre/IOM Global Dataset of Planned Relocation Cases (Leaving Place, Restoring Home I & II), metadata last edited 9 June 2021","https://docs.google.com/spreadsheets/d/1pDR-t1hVApqJiVk6E5DJ7TN0cOtXJiKvS1w8QIP149o/edit#gid=1611800107","361","Vinke, K., Blocher, J., Becker, M., Ebay, J. S., Fong, T., & Kambon, A. (2020). Home lands: island and archipelagic states’ policymaking for human mobility in the context of climate change. || Dominica, Government Information Service. “Government Discusses Relocation of Petite Savanne and Dubique Residents.” Government Information Service Dominica, news.gov.dm/news/2871-government-discusses-relocation-of-petite-savanne-and-dubique-residents."
"15","1","WPR-052","Asia - South East Asia","Indonesia","Aceh","Saney Village","500 meters","other","Tsunami","unknown","completed","unknown","A","LPRH I (Bower & Weerasinghe 2021; English literature)","PDD/Kaldor Centre/IOM Global Dataset of Planned Relocation Cases (Leaving Place, Restoring Home I & II), metadata last edited 9 June 2021","https://docs.google.com/spreadsheets/d/1pDR-t1hVApqJiVk6E5DJ7TN0cOtXJiKvS1w8QIP149o/edit#gid=1611800107","55","Elysa, W., Fahmi, A., Evalina, Z., & Myna, A. The effect of morphology of post-tsunami coastal physiography on sustainability system of relocation settlement. Case study: Gampong Saney, Lhoong sub-district, Aceh Besar regency."
"16","1","WPR-336","Americas - Central America","Mexico","Guerrero","Acapulco","unknown","cyclone/storm","Storm","unknown","completed","unknown","A","LPRH I (Bower & Weerasinghe 2021; English literature)","PDD/Kaldor Centre/IOM Global Dataset of Planned Relocation Cases (Leaving Place, Restoring Home I & II), metadata last edited 9 June 2021","https://docs.google.com/spreadsheets/d/1pDR-t1hVApqJiVk6E5DJ7TN0cOtXJiKvS1w8QIP149o/edit#gid=1611800107","339","World Bank Group. (2018). Regional Workshop on Planned Relocations to Protect Persons from Disasters and Environmental Change in the Latin American Context. KNOMAD Thematic Working Group on Environmental Change and Migration. https://www.knomad.org/sites/default/files/2018-07/KNOMAD%20WORKSHOP_PLANNE%20RELOCATIONS_SYNTHESIS%20NOTE_MAY%202018.pdf"
"17","2","WPR-270","Americas - South America","Peru","San Martín Region","Shamboyacu","""El Mirador""","landslide","Landslide","unknown","completed","unknown","A","LPRH II (Mokhnacheva 2021; French/Spanish/Portuguese literature)","PDD/Kaldor Centre/IOM Global Dataset of Planned Relocation Cases (Leaving Place, Restoring Home I & II), metadata last edited 9 June 2021","https://docs.google.com/spreadsheets/d/1pDR-t1hVApqJiVk6E5DJ7TN0cOtXJiKvS1w8QIP149o/edit#gid=1611800107","273","Lavell, A., Mansilla, E., Chavex, A., Cardona, O., & Perez M. (2015). Diagnostic report. Colombia, Peru and Mexico (1/4). The Bartlett Develop-ment Planning Unit (DPU) and the Latin American Social Science Faculty (FLACSO). https://www.ucl.ac.uk/bartlett/development/sites/bartlett/files/diagnostic_flacso_english_spanish_v2.pdf"
"18","2","WPR-289","Americas - North America","United States of America","Alaska","Point Hope","unknown","other","Coastal erosion","unknown","completed","unknown","A","LPRH I (Bower & Weerasinghe 2021; English literature)","PDD/Kaldor Centre/IOM Global Dataset of Planned Relocation Cases (Leaving Place, Restoring Home I & II), metadata last edited 9 June 2021","https://docs.google.com/spreadsheets/d/1pDR-t1hVApqJiVk6E5DJ7TN0cOtXJiKvS1w8QIP149o/edit#gid=1611800107","292","Ristroph, E. B. (2017). When climate takes a village: Legal pathways toward the relocation of Alaska Native Villages. Climate Law, 7(4), 259-289."
"19","2","WPR-013","Pacific","Fiji","Viti Levu, Cakaudrove Province","Karoko","Inland","other","Coastal erosion","unknown","ongoing","unknown","A","LPRH I (Bower & Weerasinghe 2021; English literature)","PDD/Kaldor Centre/IOM Global Dataset of Planned Relocation Cases (Leaving Place, Restoring Home I & II), metadata last edited 9 June 2021","https://docs.google.com/spreadsheets/d/1pDR-t1hVApqJiVk6E5DJ7TN0cOtXJiKvS1w8QIP149o/edit#gid=1611800107","16","McMichael, C., & Katonivualiku, M. (2020). Thick temporalities of planned relocation in Fiji. Geoforum, 108, 286-294."
"20","2","WPR-390","Africa - North Africa","Algeria","Adrar Province","Aoulef","Aoulef (periphery)","flood","Flood","unknown","completed","unknown","A","LPRH II (Mokhnacheva 2021; French/Spanish/Portuguese literature)","PDD/Kaldor Centre/IOM Global Dataset of Planned Relocation Cases (Leaving Place, Restoring Home I & II), metadata last edited 9 June 2021","https://docs.google.com/spreadsheets/d/1pDR-t1hVApqJiVk6E5DJ7TN0cOtXJiKvS1w8QIP149o/edit#gid=1611800107","393","Hadeid, M. (2018). Impact des inondations et problématique de la gestion des risques naturels en milieu urbain saharien algérien. Les Cahiers d’EMAM, 30."
"21","2","WPR-354","Americas - Central America","Panama","Gunayala","Gardi Sugdub and Playón Chico (Ukupseni)","La Barriada","other","Coastal erosion","unknown","ongoing","unknown","A","LPRH I (Bower & Weerasinghe 2021; English literature)","PDD/Kaldor Centre/IOM Global Dataset of Planned Relocation Cases (Leaving Place, Restoring Home I & II), metadata last edited 9 June 2021","https://docs.google.com/spreadsheets/d/1pDR-t1hVApqJiVk6E5DJ7TN0cOtXJiKvS1w8QIP149o/edit#gid=1611800107","357","Displacement Solutions. One step at a time: the relocation process of the Gardi Sugdub community in Gunayala, Panama. (2015). || Displacement Solutions. The Peninsula Principles in action: climate change and displacement in the autonomous region of Gunayala, Panama. (2014). at || Displacement Solutions. An Overview on the Relocation of Guna Indigenous Communities in Gunayala, Panama: Mission Report. October 2016. http://displacementsolutions.org/wp-content/uploads/2017/01/Gunayala-Planned- Relocation-Jan-2017.pdf || Dannenberg, A. L., Frumkin, H., Hess, J. J., & Ebi, K. L. (2019). Managed retreat as a strategy for climate change adaptation in small communities: public health implications. Climatic Change, 153(1-2), 1-14."
"22","2","WPR-272","Americas - South America","Peru","San Martín Region","Tres Unidos district (Nuevo Porvenir)","Tres Unidos district (unknown)","landslide","Landslide","unknown","ongoing","unknown","unknown","LPRH II (Mokhnacheva 2021; French/Spanish/Portuguese literature)","PDD/Kaldor Centre/IOM Global Dataset of Planned Relocation Cases (Leaving Place, Restoring Home I & II), metadata last edited 9 June 2021","https://docs.google.com/spreadsheets/d/1pDR-t1hVApqJiVk6E5DJ7TN0cOtXJiKvS1w8QIP149o/edit#gid=1611800107","275","Lavell, A., Mansilla, E., Chavex, A., Cardona, O., & Perez M. (2015). Diagnostic report. Colombia, Peru and Mexico (1/4). The Bartlett Develop-ment Planning Unit (DPU) and the Latin American Social Science Faculty (FLACSO). https://www.ucl.ac.uk/bartlett/development/sites/bartlett/files/diagnostic_flacso_english_spanish_v2.pdf"
"23","2","WPR-290","Americas - North America","United States of America","Alaska","Allakeet","unknown","flood","Flood","unknown","completed","unknown","A","LPRH I (Bower & Weerasinghe 2021; English literature)","PDD/Kaldor Centre/IOM Global Dataset of Planned Relocation Cases (Leaving Place, Restoring Home I & II), metadata last edited 9 June 2021","https://docs.google.com/spreadsheets/d/1pDR-t1hVApqJiVk6E5DJ7TN0cOtXJiKvS1w8QIP149o/edit#gid=1611800107","293","GAO, US Government Accountability Office, 2009. Alaska Native Villages: Limited Progress Has Been Made on Relocating Villages Threatened by Flooding and Erosion. Government Accountability Office, Washington, D.C. || Manrique, D. R., Corral, S., & Pereira, Â. G. (2018). Climate-related displacements of coastal communities in the Arctic: Engaging traditional knowledge in adaptation strategies and policies. Environmental Science & Policy, 85, 90-100."
"24","2","WPR-307","Americas - North America","United States of America","Arizona","Allenville","Hopeville","flood","Flood","unknown","completed","unknown","A","LPRH I (Bower & Weerasinghe 2021; English literature)","PDD/Kaldor Centre/IOM Global Dataset of Planned Relocation Cases (Leaving Place, Restoring Home I & II), metadata last edited 9 June 2021","https://docs.google.com/spreadsheets/d/1pDR-t1hVApqJiVk6E5DJ7TN0cOtXJiKvS1w8QIP149o/edit#gid=1611800107","310","Perry, R. W. and Lindell, M.K. “Principles for Managing Community Relocation as a Hazard Mitigation Measure.” Journal of Contingencies & Crisis Management. 1 March 1997."
"25","2","WPR-143","Asia - South Asia","Maldives","Dhaalu Atoll","Gemendhoo Island","Kudahuvadhoo Island","other","Tsunami","unknown","completed","unknown","A","LPRH II (Mokhnacheva 2021; French/Spanish/Portuguese literature)","PDD/Kaldor Centre/IOM Global Dataset of Planned Relocation Cases (Leaving Place, Restoring Home I & II), metadata last edited 9 June 2021","https://docs.google.com/spreadsheets/d/1pDR-t1hVApqJiVk6E5DJ7TN0cOtXJiKvS1w8QIP149o/edit#gid=1611800107","146","Magnan A., & Duvat V. (2014) Des catastrophes... « naturelles »? Le Pommier."
"26","2","WPR-152","Asia - South Asia","Sri Lanka","Central Province, Nuwara Eliya District","Hanguranketha DSD","unknown","landslide","Landslide","unknown","completed","unknown","A","LPRH I (Bower & Weerasinghe 2021; English literature)","PDD/Kaldor Centre/IOM Global Dataset of Planned Relocation Cases (Leaving Place, Restoring Home I & II), metadata last edited 9 June 2021","https://docs.google.com/spreadsheets/d/1pDR-t1hVApqJiVk6E5DJ7TN0cOtXJiKvS1w8QIP149o/edit#gid=1611800107","155","Wijegunarathna, E. E., Wedawatta, G., Prasanna, L. J., & Ingirige, B. (2018). Long-term satisfaction of resettled communities: An assessment of physical performance of post-disaster housing. Procedia engineering, 212, 1147-1154."
"27","2","WPR-408","Africa - Central Africa","São Tomé and Príncipe","São Tomé Island, Príncipe Island","Three coastal communities (unknown)","Three coastal communities (within same community)","flood","Coastal flood","unknown","ongoing","unknown","A","LPRH II (Mokhnacheva 2021; French/Spanish/Portuguese literature)","PDD/Kaldor Centre/IOM Global Dataset of Planned Relocation Cases (Leaving Place, Restoring Home I & II), metadata last edited 9 June 2021","https://docs.google.com/spreadsheets/d/1pDR-t1hVApqJiVk6E5DJ7TN0cOtXJiKvS1w8QIP149o/edit#gid=1611800107","411","The World Bank. (2020). Western Africa - West African Coastal Resilience Investment Project : Resettlement Plan : Abbreviated Resettlement Action Plan for the Community of Micolo (English). Washington, D.C. : World Bank Group. http://documents.worldbank.org/curated/en/790511603176232862/Abbreviated-Resettlement-Action-Plan-for-the-Community-of-Micolo || The World Bank. (2018). West Africa Coastal Areas Resilience Investment Project(P162337). Project Appraisal Document. World Bank Group. http://documents1.worldbank.org/curated/en/280421523498466209/pdf/PAD2454-REVISED-PUBLIC-PAD-WACA-FINAL-05012018.pdf"
"28","2","WPR-090","Asia - South East Asia","Philippines","Northern Mindanao","unclear","Ecoville","cyclone/storm","Storm","unknown","completed","unknown","unknown","LPRH I (Bower & Weerasinghe 2021; English literature)","PDD/Kaldor Centre/IOM Global Dataset of Planned Relocation Cases (Leaving Place, Restoring Home I & II), metadata last edited 9 June 2021","https://docs.google.com/spreadsheets/d/1pDR-t1hVApqJiVk6E5DJ7TN0cOtXJiKvS1w8QIP149o/edit#gid=1611800107","93","Santiago, J. S. S., Manuela Jr, W. S., Tan, M. L. L., Saňez, S. K. B., & Tong, A. Z. U. (2018). Agency-driven post-disaster recovery: A comparative study of three Typhoon Washi resettlement communities in the Philippines. International journal of disaster risk reduction, 27, 480-489."
"29","2","WPR-054","Asia - South East Asia","Indonesia","Aceh","Old village 5k away","Gampong Baro","other","Tsunami","unknown","completed","unknown","A","LPRH I (Bower & Weerasinghe 2021; English literature)","PDD/Kaldor Centre/IOM Global Dataset of Planned Relocation Cases (Leaving Place, Restoring Home I & II), metadata last edited 9 June 2021","https://docs.google.com/spreadsheets/d/1pDR-t1hVApqJiVk6E5DJ7TN0cOtXJiKvS1w8QIP149o/edit#gid=1611800107","57","Sina, D., Chang-Richards, A. Y., Wilkinson, S., & Potangaroa, R. (2019). What does the future hold for relocated communities post-disaster? Factors affecting livelihood resilience. International journal of disaster risk reduction, 34, 173-183."
"30","2","WPR-192","Asia - East Asia","Japan","Tohoku","Higashimatshishima, Nobiru","Nobiru","other","Tsunami","unknown","completed","unknown","A","LPRH I (Bower & Weerasinghe 2021; English literature)","PDD/Kaldor Centre/IOM Global Dataset of Planned Relocation Cases (Leaving Place, Restoring Home I & II), metadata last edited 9 June 2021","https://docs.google.com/spreadsheets/d/1pDR-t1hVApqJiVk6E5DJ7TN0cOtXJiKvS1w8QIP149o/edit#gid=1611800107","195","Pinter, N., Ishiwateri, M., Nonoguchi, A., Tanaka, Y., Casagrande, D., Durden, S., & Rees, J. (2019). Large-scale managed retreat and structural protection following the 2011 Japan tsunami. Natural Hazards, 96(3), 1429-1436."
"31","2","WPR-074","Asia - South East Asia","Philippines","Leyte","Tacloban City (multiple)","Gandara","cyclone/storm","Storm","unknown","completed","unknown","B","LPRH I (Bower & Weerasinghe 2021; English literature)","PDD/Kaldor Centre/IOM Global Dataset of Planned Relocation Cases (Leaving Place, Restoring Home I & II), metadata last edited 9 June 2021","https://docs.google.com/spreadsheets/d/1pDR-t1hVApqJiVk6E5DJ7TN0cOtXJiKvS1w8QIP149o/edit#gid=1611800107","77","Palagi, S., & Javernick-Will, A. (2020). Pathways to Livable Relocation Settlements Following Disaster. Sustainability, 12(8), 3474. || Palagi, S., & Javernick-Will, A. (2020). Discrepancies between Postdisaster Relocation Policy and Implementation in the Philippines. Journal of Management in Engineering, 36(4), 04020040. || Palagi, S., & Javernick-Will, A. (2019). Institutional constraints influencing relocation decision making and implementation. International Journal of Disaster Risk Reduction, 33, 310-320."
"32","2","WPR-285","Americas - North America","United States of America","Alaska","Shaktoolik","unknown","other","Coastal erosion","unknown","ongoing","unknown","A","LPRH I (Bower & Weerasinghe 2021; English literature)","PDD/Kaldor Centre/IOM Global Dataset of Planned Relocation Cases (Leaving Place, Restoring Home I & II), metadata last edited 9 June 2021","https://docs.google.com/spreadsheets/d/1pDR-t1hVApqJiVk6E5DJ7TN0cOtXJiKvS1w8QIP149o/edit#gid=1611800107","288","GAO, US Government Accountability Office, 2009. Alaska Native Villages: Limited Progress Has Been Made on Relocating Villages Threatened by Flooding and Erosion. Government Accountability Office, Washington, D.C. || Hamilton, L. C., Saito, K., Loring, P. A., Lammers, R. B., & Huntington, H. P. (2016). Climigration? Population and climate change in Arctic Alaska. Population and environment, 38(2), 115-133."
"33","3","WPR-006","Pacific","Fiji","Ovalau Island, Lomaiviti Province","Toki","unknown","sea-level rise","Sea level rise","unknown","ongoing","unknown","A","LPRH I (Bower & Weerasinghe 2021; English literature)","PDD/Kaldor Centre/IOM Global Dataset of Planned Relocation Cases (Leaving Place, Restoring Home I & II), metadata last edited 9 June 2021","https://docs.google.com/spreadsheets/d/1pDR-t1hVApqJiVk6E5DJ7TN0cOtXJiKvS1w8QIP149o/edit#gid=1611800107","9","McMichael, C., & Katonivualiku, M. (2020). Thick temporalities of planned relocation in Fiji. Geoforum, 108, 286-294."
"34","3","WPR-133","Asia - South Asia","India","Tamil Nadu, Kanchipuram District","Pudhu Nemmelikuppam","0.6 km","other","Tsunami","unknown","ongoing","unknown","A","LPRH I (Bower & Weerasinghe 2021; English literature)","PDD/Kaldor Centre/IOM Global Dataset of Planned Relocation Cases (Leaving Place, Restoring Home I & II), metadata last edited 9 June 2021","https://docs.google.com/spreadsheets/d/1pDR-t1hVApqJiVk6E5DJ7TN0cOtXJiKvS1w8QIP149o/edit#gid=1611800107","136","Bavinck, M., de Klerk, L., van der Plaat, F., Ravesteijn, J., Angel, D., Arendsen, H., ... & Zuurendonk, B. (2015). Post‐tsunami relocation of fisher settlements in South Asia: evidence from the Coromandel Coast, India. Disasters, 39(3), 592-609."
"35","3","WPR-045","Europe","Italy","Calabria","Cerzeto (Cavallerizzo)","Pianette (5km)","landslide","Landslide","unknown","completed","unknown","A","LPRH II (Mokhnacheva 2021; French/Spanish/Portuguese literature)","PDD/Kaldor Centre/IOM Global Dataset of Planned Relocation Cases (Leaving Place, Restoring Home I & II), metadata last edited 9 June 2021","https://docs.google.com/spreadsheets/d/1pDR-t1hVApqJiVk6E5DJ7TN0cOtXJiKvS1w8QIP149o/edit#gid=1611800107","48","Guadagno, E. (2014). Comment le phénomène du déplacement environnemental est-il perçu par les pays industrialisés ? Observations empiriques en Italie à partir des glissements de terrain à Sarno et à Cerzeto. [Unpublished doctoral dissertation]. Université de Poitiers. || Guadagno, E. (2016). La gjitonie perdue : le cas de Cerzeto. In E. Canepari, B. Mésini & S. Mourlane (Eds.), Mobil hom(m)es: Formes d'habitats et modes d'habiter la mobilité (XVIe-XXIe sièceles). Editions de l'Aube. https://www.academia.edu/27806808/La_gjitonie_perdue_le_cas_de_Cerzeto"
"36","3","WPR-224","Americas - South America","Brazil","São Paulo","Parque Juliana","Safer sector within same community","landslide","Landslide","unknown","completed","unknown","A","LPRH II (Mokhnacheva 2021; French/Spanish/Portuguese literature)","PDD/Kaldor Centre/IOM Global Dataset of Planned Relocation Cases (Leaving Place, Restoring Home I & II), metadata last edited 9 June 2021","https://docs.google.com/spreadsheets/d/1pDR-t1hVApqJiVk6E5DJ7TN0cOtXJiKvS1w8QIP149o/edit#gid=1611800107","227","Winkhardt-Enz, R., da Silva, C. V., Pires Ramos, E. (2020). Percepção de risco e mobilidade humana: impressões sobre comunidades em territórios vulneráveis de São Paulo. Dialogos Socioambientais na Macrometrópole Paulista, 3(8), p. 59-62."
"37","3","WPR-139","Asia - South Asia","India","Tamil Nadu, Villupuram District","Mandavai Pudu Kuppam","2 sites","other","Tsunami","unknown","completed","unknown","B","LPRH I (Bower & Weerasinghe 2021; English literature)","PDD/Kaldor Centre/IOM Global Dataset of Planned Relocation Cases (Leaving Place, Restoring Home I & II), metadata last edited 9 June 2021","https://docs.google.com/spreadsheets/d/1pDR-t1hVApqJiVk6E5DJ7TN0cOtXJiKvS1w8QIP149o/edit#gid=1611800107","142","Bavinck, M., de Klerk, L., van der Plaat, F., Ravesteijn, J., Angel, D., Arendsen, H., ... & Zuurendonk, B. (2015). Post‐tsunami relocation of fisher settlements in South Asia: evidence from the Coromandel Coast, India. Disasters, 39(3), 592-609."
"38","3","WPR-003","Pacific","Fiji","Kadavu","Muani","Inland (<1 k)","cyclone/storm","Storm","unknown","completed","unknown","A","LPRH I (Bower & Weerasinghe 2021; English literature)","PDD/Kaldor Centre/IOM Global Dataset of Planned Relocation Cases (Leaving Place, Restoring Home I & II), metadata last edited 9 June 2021","https://docs.google.com/spreadsheets/d/1pDR-t1hVApqJiVk6E5DJ7TN0cOtXJiKvS1w8QIP149o/edit#gid=1611800107","6","John Campbell, Michael Goldsmith and Kanyathu Koshy, ‘Community reloca- tion as an option for adaptation to the effects of climate change and climate variability in Pacific Island countries (PICs)’, Asia-Pacific Network for Global Change Research, Final Report (2005); Connell, ‘Population resettlement in the Pacific’ || Helvarg, D. (2000). FIJI: The Heat's Not Just Political. E: the Environmental Magazine. 11: 29-30"
"39","3","WPR-288","Americas - North America","United States of America","Alaska","Napakiak","unknown","other","Coastal erosion","unknown","ongoing","unknown","A","LPRH I (Bower & Weerasinghe 2021; English literature)","PDD/Kaldor Centre/IOM Global Dataset of Planned Relocation Cases (Leaving Place, Restoring Home I & II), metadata last edited 9 June 2021","https://docs.google.com/spreadsheets/d/1pDR-t1hVApqJiVk6E5DJ7TN0cOtXJiKvS1w8QIP149o/edit#gid=1611800107","291","GAO, US Government Accountability Office, 2009. Alaska Native Villages: Limited Progress Has Been Made on Relocating Villages Threatened by Flooding and Erosion. Government Accountability Office, Washington, D.C. https://www.gao.gov/new.items/d09551.pdf"
"40","3","WPR-247","Americas - South America","Colombia","San Juan River Delta","San Juan de la Costa","inland","other","Coastal erosion","unknown","completed","unknown","A","LPRH I (Bower & Weerasinghe 2021; English literature)","PDD/Kaldor Centre/IOM Global Dataset of Planned Relocation Cases (Leaving Place, Restoring Home I & II), metadata last edited 9 June 2021","https://docs.google.com/spreadsheets/d/1pDR-t1hVApqJiVk6E5DJ7TN0cOtXJiKvS1w8QIP149o/edit#gid=1611800107","250","Correa, I. D., & Gonzalez, J. L. (2000). Coastal erosion and village relocation: a Colombian case study. Ocean & Coastal Management, 43(1), 51-64."
"41","3","WPR-179","Asia - East Asia","China","Sichuan Province","Dabashan Village","Songpan (capital of district)","landslide","Landslide","unknown","completed","unknown","A","LPRH I (Bower & Weerasinghe 2021; English literature)","PDD/Kaldor Centre/IOM Global Dataset of Planned Relocation Cases (Leaving Place, Restoring Home I & II), metadata last edited 9 June 2021","https://docs.google.com/spreadsheets/d/1pDR-t1hVApqJiVk6E5DJ7TN0cOtXJiKvS1w8QIP149o/edit#gid=1611800107","182","Xu, Yun, et al. ""Disaster risk management models for rural relocation communities of mountainous southwestern China under the stress of geological disasters."" International Journal of Disaster Risk Reduction (2020): 101697."
"42","3","WPR-210","Asia - Central Asia","Tajikistan","Khatlon Province","Tagnob","Kondara","flood","Flood","unknown","completed","unknown","B","LPRH I (Bower & Weerasinghe 2021; English literature)","PDD/Kaldor Centre/IOM Global Dataset of Planned Relocation Cases (Leaving Place, Restoring Home I & II), metadata last edited 9 June 2021","https://docs.google.com/spreadsheets/d/1pDR-t1hVApqJiVk6E5DJ7TN0cOtXJiKvS1w8QIP149o/edit#gid=1611800107","213","Olimova, S., & Olimov, M. A. (2012). Environmental degradation, migration, internal displacement, and rural vulnerabilities in Tajikistan. International Organization for Migration."
"43","3","WPR-384","Africa - Southern Africa","Mozambique","Manhiça District, Maputo Province","Unkown","1st Bairro, Chicomo Locality","flood","Flood","unknown","completed","unknown","unknown","LPRH I (Bower & Weerasinghe 2021; English literature)","PDD/Kaldor Centre/IOM Global Dataset of Planned Relocation Cases (Leaving Place, Restoring Home I & II), metadata last edited 9 June 2021","https://docs.google.com/spreadsheets/d/1pDR-t1hVApqJiVk6E5DJ7TN0cOtXJiKvS1w8QIP149o/edit#gid=1611800107","387","Arnall, A., Thomas, D. S., Tywman, C., Liverman, D. “Flooding resettlement, and change in livelihoods: evidence from rural Mozambique.” Disasters. July 2013. 37(3):468-88"
"44","3","WPR-009","Pacific","Fiji","Vanua Levu","Vunidogoloa","Kenani","flood","Flood","unknown","completed","unknown","A","LPRH I (Bower & Weerasinghe 2021; English literature)","PDD/Kaldor Centre/IOM Global Dataset of Planned Relocation Cases (Leaving Place, Restoring Home I & II), metadata last edited 9 June 2021","https://docs.google.com/spreadsheets/d/1pDR-t1hVApqJiVk6E5DJ7TN0cOtXJiKvS1w8QIP149o/edit#gid=1611800107","12","McMichael, Celia, Manasa Katonivualiku, and Teresia Powell. ""Planned relocation and everyday agency in low‐lying coastal villages in Fiji."" The Geographical Journal 185.3 (2019): 325-337. || McNamara, K. E. & Des Combes, H. J. Planning for community relocations due to climate change in Fiji. Int. J. Disaster Risk Sci. 6, 315–319 (2015). || McMichael, C., & Katonivualiku, M. (2020). Thick temporalities of planned relocation in Fiji. Geoforum, 108, 286-294. || Bertana, A. (2020). The role of power in community participation: Relocation as climate change adaptation in Fiji. Environment and Planning C: Politics and Space, 2399654420909394. || Tabe, T. (2019). Climate change migration and displacement: Learning from past relocations in the Pacific. Social Sciences, 8(7), 218. || Zickgraf, C. (2019). Keeping People in Place: Political Factors of (Im) mobility and Climate Change. Social Sciences, 8(8), 228. || Piggott-McKellar, A. E., McNamara, K. E., Nunn, P. D., & Sekinini, S. T. (2019). Moving people in a changing climate: lessons from two case studies in Fiji. Social Sciences, 8(5), 133. || Dannenberg, A. L., Frumkin, H., Hess, J. J., & Ebi, K. L. (2019). Managed retreat as a strategy for climate change adaptation in small communities: public health implications. Climatic Change, 153(1-2), 1-14. || Charan, D., Kaur, M., & Singh, P. (2017). Customary land and climate change induced relocation—A case study of Vunidogoloa Village, Vanua Levu, Fiji. In Climate change adaptation in Pacific countries (pp. 19-33). Springer, Cham."
"45","3","WPR-075","Asia - South East Asia","Philippines","Leyte","Tacloban City (multiple)","Hitunlob","cyclone/storm","Storm","unknown","completed","unknown","B","LPRH I (Bower & Weerasinghe 2021; English literature)","PDD/Kaldor Centre/IOM Global Dataset of Planned Relocation Cases (Leaving Place, Restoring Home I & II), metadata last edited 9 June 2021","https://docs.google.com/spreadsheets/d/1pDR-t1hVApqJiVk6E5DJ7TN0cOtXJiKvS1w8QIP149o/edit#gid=1611800107","78","Palagi, S., & Javernick-Will, A. (2020). Pathways to Livable Relocation Settlements Following Disaster. Sustainability, 12(8), 3474. || Palagi, S., & Javernick-Will, A. (2020). Discrepancies between Postdisaster Relocation Policy and Implementation in the Philippines. Journal of Management in Engineering, 36(4), 04020040. || Palagi, S., & Javernick-Will, A. (2019). Institutional constraints influencing relocation decision making and implementation. International Journal of Disaster Risk Reduction, 33, 310-320."
"46","3","WPR-091","Asia - South East Asia","Philippines","Northern Mindanao","unclear","Indahag","cyclone/storm","Storm","unknown","completed","unknown","unknown","LPRH I (Bower & Weerasinghe 2021; English literature)","PDD/Kaldor Centre/IOM Global Dataset of Planned Relocation Cases (Leaving Place, Restoring Home I & II), metadata last edited 9 June 2021","https://docs.google.com/spreadsheets/d/1pDR-t1hVApqJiVk6E5DJ7TN0cOtXJiKvS1w8QIP149o/edit#gid=1611800107","94","Santiago, J. S. S., Manuela Jr, W. S., Tan, M. L. L., Saňez, S. K. B., & Tong, A. Z. U. (2018). Agency-driven post-disaster recovery: A comparative study of three Typhoon Washi resettlement communities in the Philippines. International journal of disaster risk reduction, 27, 480-489."
"47","3","WPR-330","Americas - Central America","Honduras","Choluteca","Choluteca","Nueva Choluteca (two relocation sites - 1 government, one community)","cyclone/storm","Storm","unknown","completed","unknown","C","LPRH I (Bower & Weerasinghe 2021; English literature)","PDD/Kaldor Centre/IOM Global Dataset of Planned Relocation Cases (Leaving Place, Restoring Home I & II), metadata last edited 9 June 2021","https://docs.google.com/spreadsheets/d/1pDR-t1hVApqJiVk6E5DJ7TN0cOtXJiKvS1w8QIP149o/edit#gid=1611800107","333","Zhang, Q. (2016). Disaster response and recovery: Aid and social change. Annals of Anthropological Practice, 40(1), 86-97."
"48","3","WPR-377","Africa - West Africa","Senegal","Dakar","Guédiawaye Department (Wakhinane-Nimzatt)","Rufisque Department (Plan Jaxaay)","flood","Flood","unknown","completed","unknown","A","LPRH II (Mokhnacheva 2021; French/Spanish/Portuguese literature)","PDD/Kaldor Centre/IOM Global Dataset of Planned Relocation Cases (Leaving Place, Restoring Home I & II), metadata last edited 9 June 2021","https://docs.google.com/spreadsheets/d/1pDR-t1hVApqJiVk6E5DJ7TN0cOtXJiKvS1w8QIP149o/edit#gid=1611800107","380","GRDR Migration-Citoyenneté-Développement. (2014). La dimension locale de la dialectique Migration et développement. Le cas France-Sénégal. Agence Française de Développement. https://www.grdr.org/IMG/pdf/monographie_de_dakar_etude_afd_vf_.pdf || Vollmer, A. (2009). Restructuration des abords du lac Thiouroure, Wakhinane-Nimzatt, Guédiawaye, Dakar, Sénégal. [Unpublished master's thesis]. École polytechnique fédérale de Lausanne. https://infoscience.epfl.ch/record/174182"
"49","4","WPR-231","Americas - South America","Chile","Maule Region","Constitución (La Poza district)","Constitución (multiple districts: Cerro Centinella, Quinta Gaete y Villa Los Verdes), and outside","other","Tsunami","unknown","completed","unknown","C","LPRH II (Mokhnacheva 2021; French/Spanish/Portuguese literature)","PDD/Kaldor Centre/IOM Global Dataset of Planned Relocation Cases (Leaving Place, Restoring Home I & II), metadata last edited 9 June 2021","https://docs.google.com/spreadsheets/d/1pDR-t1hVApqJiVk6E5DJ7TN0cOtXJiKvS1w8QIP149o/edit#gid=1611800107","234","Gatica, Y. D. C. C., & Benítez, M. B. (2015). Reconstrucción con capacidad de resiliencia: el casco histórico de la ciudad de Constitución y el sitio del desastre del terremoto y tsunami del 27 de febrero 2010. Revista INVI, 30(83), ág-79. || Contreras Gatica, Yasna, & Arriagada Sickinger, Carolina. (2016). Reconstrucción exclusionaria. Lo comunitario y las políticas públicas en ciudades menores e intermedias chilenas afectadas por el terremoto y tsunami del 27F 2010: Los casos de Constitución y Dichato. Revista de geografía Norte Grande, (64), 83-107. https://dx.doi.org/10.4067/S0718-34022016000200007 https://scielo.conicyt.cl/scielo.php?script=sci_arttext&pid=S0718-34022016000200007&lang=en"
"50","4","WPR-361","Americas - Caribbean","Dominican Republic","María Trinidad Sánche province","Matancita (La Playa)","unknown","flood","Coastal flood","unknown","completed","unknown","unknown","LPRH II (Mokhnacheva 2021; French/Spanish/Portuguese literature)","PDD/Kaldor Centre/IOM Global Dataset of Planned Relocation Cases (Leaving Place, Restoring Home I & II), metadata last edited 9 June 2021","https://docs.google.com/spreadsheets/d/1pDR-t1hVApqJiVk6E5DJ7TN0cOtXJiKvS1w8QIP149o/edit#gid=1611800107","364","Del Rosario, P. J., Morrobel, J., & Escarramán, A. (2012). Territorios rurales y adaptación al cambio climático en República Dominicana. Instituto Dominicano de Investigaciones Agropecuarias y Forestales (Idiaf). Santo Domingo. DO. 99p"
"51","4","WPR-081","Asia - South East Asia","Philippines","Leyte","Tacloban City (multiple)","Suribao","cyclone/storm","Storm","unknown","completed","unknown","B","LPRH I (Bower & Weerasinghe 2021; English literature)","PDD/Kaldor Centre/IOM Global Dataset of Planned Relocation Cases (Leaving Place, Restoring Home I & II), metadata last edited 9 June 2021","https://docs.google.com/spreadsheets/d/1pDR-t1hVApqJiVk6E5DJ7TN0cOtXJiKvS1w8QIP149o/edit#gid=1611800107","84","Palagi, S., & Javernick-Will, A. (2020). Pathways to Livable Relocation Settlements Following Disaster. Sustainability, 12(8), 3474. || Palagi, S., & Javernick-Will, A. (2020). Discrepancies between Postdisaster Relocation Policy and Implementation in the Philippines. Journal of Management in Engineering, 36(4), 04020040. || Palagi, S., & Javernick-Will, A. (2019). Institutional constraints influencing relocation decision making and implementation. International Journal of Disaster Risk Reduction, 33, 310-320."
"52","4","WPR-036","Pacific","Vanuatu","Tegua Island","Lateu","Lirak","flood","Flood","unknown","completed","unknown","A","LPRH I (Bower & Weerasinghe 2021; English literature)","PDD/Kaldor Centre/IOM Global Dataset of Planned Relocation Cases (Leaving Place, Restoring Home I & II), metadata last edited 9 June 2021","https://docs.google.com/spreadsheets/d/1pDR-t1hVApqJiVk6E5DJ7TN0cOtXJiKvS1w8QIP149o/edit#gid=1611800107","39","Dannenberg, Andrew L., et al. ""Managed retreat as a strategy for climate change adaptation in small communities: public health implications."" Climatic change 153.1-2 (2019): 1-14. || Warrick, O. (2011). The adaptive capacity of the Tegua island community, Torres Islands, Vanuatu. Australian Aid. Available at: https://www.nab.vu/sites/default/files/ documents/usp-adaptive-capacity-vanuatu.pdf || Boehm P (2006) Global warming: devastation of an atoll. Independent August 29 http://www.independent.co. uk/environment/global-warning-devastation-of-an-atoll-413922.html. Accessed 9 Jan 2019 || \"
"53","4","WPR-348","Americas - Central America","Mexico","Yucatán","Mérida (South)","Mérida","flood","Flood","unknown","completed","unknown","A","LPRH II (Mokhnacheva 2021; French/Spanish/Portuguese literature)","PDD/Kaldor Centre/IOM Global Dataset of Planned Relocation Cases (Leaving Place, Restoring Home I & II), metadata last edited 9 June 2021","https://docs.google.com/spreadsheets/d/1pDR-t1hVApqJiVk6E5DJ7TN0cOtXJiKvS1w8QIP149o/edit#gid=1611800107","351","Lavell, A., Mansilla, E., Chavex, A., Cardona, O., & Perez M. (2015). Diagnostic report. Colombia, Peru and Mexico (1/4). The Bartlett Development Planning Unit (DPU) and the Latin American Social Science Faculty (FLACSO). https://www.ucl.ac.uk/bartlett/development/sites/bartlett/files/diagnostic_flacso_english_spanish_v2.pdf"
"54","4","WPR-219","Americas - South America","Bolivia","La Paz","La Paz","El Alto (Cristal I, Cristal II, Palermo)","cyclone/storm","Storm","unknown","completed","unknown","unknown","LPRH II (Mokhnacheva 2021; French/Spanish/Portuguese literature)","PDD/Kaldor Centre/IOM Global Dataset of Planned Relocation Cases (Leaving Place, Restoring Home I & II), metadata last edited 9 June 2021","https://docs.google.com/spreadsheets/d/1pDR-t1hVApqJiVk6E5DJ7TN0cOtXJiKvS1w8QIP149o/edit#gid=1611800107","222","Hardy, S., & Combaz, É. (2009). Albergues y reubicación de los damnificados. Experiencias paceñas en gestión de crisis y vulnerabilidad. Bulletin de l'Institut français d'études andines, 38 (3 https://doi.org/10.4000/bifea.2482"
"55","4","WPR-072","Asia - South East Asia","Philippines","Leyte","Tacloban City","Ulot","cyclone/storm","Storm","unknown","completed","unknown","A","LPRH I (Bower & Weerasinghe 2021; English literature)","PDD/Kaldor Centre/IOM Global Dataset of Planned Relocation Cases (Leaving Place, Restoring Home I & II), metadata last edited 9 June 2021","https://docs.google.com/spreadsheets/d/1pDR-t1hVApqJiVk6E5DJ7TN0cOtXJiKvS1w8QIP149o/edit#gid=1611800107","75","Palagi, S., & Javernick-Will, A. (2020). Pathways to Livable Relocation Settlements Following Disaster. Sustainability, 12(8), 3474. || Palagi, S., & Javernick-Will, A. (2020). Discrepancies between Postdisaster Relocation Policy and Implementation in the Philippines. Journal of Management in Engineering, 36(4), 04020040. || Palagi, S., & Javernick-Will, A. (2019). Institutional constraints influencing relocation decision making and implementation. International Journal of Disaster Risk Reduction, 33, 310-320."
"56","4","WPR-164","Asia - South Asia","Sri Lanka","Southern Province, Matara District","Labeemwatta","4-6 k","other","Tsunami","unknown","completed","unknown","A","LPRH I (Bower & Weerasinghe 2021; English literature)","PDD/Kaldor Centre/IOM Global Dataset of Planned Relocation Cases (Leaving Place, Restoring Home I & II), metadata last edited 9 June 2021","https://docs.google.com/spreadsheets/d/1pDR-t1hVApqJiVk6E5DJ7TN0cOtXJiKvS1w8QIP149o/edit#gid=1611800107","167","Hettige, S., Haigh, R., & Amaratunga, D. (2018). Community level indicators of long term disaster recovery. Procedia engineering, 212, 1287-1294."
"57","4","WPR-032","Pacific","Solomon Islands","Western Province, Ranogha Island","Mondo Village","Keigold Site","other","Tsunami","unknown","completed","unknown","A","LPRH I (Bower & Weerasinghe 2021; English literature)","PDD/Kaldor Centre/IOM Global Dataset of Planned Relocation Cases (Leaving Place, Restoring Home I & II), metadata last edited 9 June 2021","https://docs.google.com/spreadsheets/d/1pDR-t1hVApqJiVk6E5DJ7TN0cOtXJiKvS1w8QIP149o/edit#gid=1611800107","35","Otoara Ha’apio, M., Wairiu, M., Gonzalez, R., & Morrison, K. (2018). Transformation of rural communities: lessons from a local self-initiative for building resilience in the Solomon Islands. Local Environment, 23(3), 352-365."
"58","4","WPR-080","Asia - South East Asia","Philippines","Leyte","Tacloban City (multiple)","Sambawan","cyclone/storm","Storm","unknown","completed","unknown","B","LPRH I (Bower & Weerasinghe 2021; English literature)","PDD/Kaldor Centre/IOM Global Dataset of Planned Relocation Cases (Leaving Place, Restoring Home I & II), metadata last edited 9 June 2021","https://docs.google.com/spreadsheets/d/1pDR-t1hVApqJiVk6E5DJ7TN0cOtXJiKvS1w8QIP149o/edit#gid=1611800107","83","Palagi, S., & Javernick-Will, A. (2020). Pathways to Livable Relocation Settlements Following Disaster. Sustainability, 12(8), 3474. || Palagi, S., & Javernick-Will, A. (2020). Discrepancies between Postdisaster Relocation Policy and Implementation in the Philippines. Journal of Management in Engineering, 36(4), 04020040. || Palagi, S., & Javernick-Will, A. (2019). Institutional constraints influencing relocation decision making and implementation. International Journal of Disaster Risk Reduction, 33, 310-320."
"59","4","WPR-060","Asia - South East Asia","Indonesia","Central Java","Sijeruk","unknown","landslide","Landslide","unknown","completed","unknown","A","LPRH I (Bower & Weerasinghe 2021; English literature)","PDD/Kaldor Centre/IOM Global Dataset of Planned Relocation Cases (Leaving Place, Restoring Home I & II), metadata last edited 9 June 2021","https://docs.google.com/spreadsheets/d/1pDR-t1hVApqJiVk6E5DJ7TN0cOtXJiKvS1w8QIP149o/edit#gid=1611800107","63","Hidayat, R. (2020). Landslide Vulnerability Mapping for Landslide Victim Relocation. MS&E, 771(1), 012054."
"60","4","WPR-165","Asia - South Asia","Sri Lanka","Southern Province, Matara District","Loardstar village","7-13k","other","Tsunami","unknown","completed","unknown","A","LPRH I (Bower & Weerasinghe 2021; English literature)","PDD/Kaldor Centre/IOM Global Dataset of Planned Relocation Cases (Leaving Place, Restoring Home I & II), metadata last edited 9 June 2021","https://docs.google.com/spreadsheets/d/1pDR-t1hVApqJiVk6E5DJ7TN0cOtXJiKvS1w8QIP149o/edit#gid=1611800107","168","Hettige, S., Haigh, R., & Amaratunga, D. (2018). Community level indicators of long term disaster recovery. Procedia engineering, 212, 1287-1294."
"61","4","WPR-134","Asia - South Asia","India","Tamil Nadu, Nagapattinam District","Samatnthanpettai","0.3 km","other","Tsunami","unknown","completed","unknown","A","LPRH I (Bower & Weerasinghe 2021; English literature)","PDD/Kaldor Centre/IOM Global Dataset of Planned Relocation Cases (Leaving Place, Restoring Home I & II), metadata last edited 9 June 2021","https://docs.google.com/spreadsheets/d/1pDR-t1hVApqJiVk6E5DJ7TN0cOtXJiKvS1w8QIP149o/edit#gid=1611800107","137","Bavinck, M., de Klerk, L., van der Plaat, F., Ravesteijn, J., Angel, D., Arendsen, H., ... & Zuurendonk, B. (2015). Post‐tsunami relocation of fisher settlements in South Asia: evidence from the Coromandel Coast, India. Disasters, 39(3), 592-609."
"62","4","WPR-339","Americas - Central America","Mexico","Michoacán","Angangueo","Las Mesas (Barrio Sustentable Monarca)","flood","Flood","unknown","completed","unknown","A","LPRH II (Mokhnacheva 2021; French/Spanish/Portuguese literature)","PDD/Kaldor Centre/IOM Global Dataset of Planned Relocation Cases (Leaving Place, Restoring Home I & II), metadata last edited 9 June 2021","https://docs.google.com/spreadsheets/d/1pDR-t1hVApqJiVk6E5DJ7TN0cOtXJiKvS1w8QIP149o/edit#gid=1611800107","342","Rodríguez García, H. I., Cuevas Muñiz, A., & Arellano Ceballos, A. (2016). La reubicación humana por desastre en Angangueo, Michoacán. Entre la participación y significación social. Política y cultura, (45), 53-77. http://www.scielo.org.mx/scielo.php?script=sci_arttext&pid=S0188-77422016000100053&lng=es&tlng=es."
"63","4","WPR-292","Americas - North America","United States of America","Alaska","Kivalina","At first Kiniktuuraq; now unclear","other","Coastal erosion","unknown","ongoing","unknown","A","LPRH I (Bower & Weerasinghe 2021; English literature)","PDD/Kaldor Centre/IOM Global Dataset of Planned Relocation Cases (Leaving Place, Restoring Home I & II), metadata last edited 9 June 2021","https://docs.google.com/spreadsheets/d/1pDR-t1hVApqJiVk6E5DJ7TN0cOtXJiKvS1w8QIP149o/edit#gid=1611800107","295","Marlow, Jennifer J., and Lauren E. Sancken. ""Reimagining relocation in a regulatory void: the inadequacy of existing US federal and state regulatory responses to Kivalina’s climate displacement in the Alaskan Arctic."" Climate Law 7.4 (2017): 290-321. || Durrer, P. (2011). Global warming issues are here : Ethnography of a Motionless Relocation in Kivalina, Alaska. Neuchâtel : Université de Neuchâtel. URL : http://doc.rero.ch/record/21621?ln=fr || Durrer, P., & Adams, E. J. (2011). Finding Ways to Move: the Challenges of Relocation in Kivalina, Northwest Alaska. In A. L. Lovecraft & H. Eicken (Eds.), North by 2020: Perspectives on Alaska’s Changing Social-Ecological System (pp. 265-268). Fairbanks : The University of Alaska Press. || Dannenberg, A. L., Frumkin, H., Hess, J. J., & Ebi, K. L. (2019). Managed retreat as a strategy for climate change adaptation in small communities: public health implications. Climatic Change, 153(1-2), 1-14. || Hamilton, L. C., Saito, K., Loring, P. A., Lammers, R. B., & Huntington, H. P. (2016). Climigration? Population and climate change in Arctic Alaska. Population and environment, 38(2), 115-133. || McNamara, K. E., Bronen, R., Fernando, N., & Klepp, S. (2018). The complex decision-making of climate-induced relocation: Adaptation and loss and damage. Climate Policy, 18(1), 111-117. || Roberts, E., & Andrei, S. (2015). The rising tide: migration as a response to loss and damage from sea level rise in vulnerable communities. International journal of global warming, 8(2), 258-273. || Bronen, R., & Chapin, F. S. (2013). Adaptive governance and institutional strategies for climate-induced community relocations in Alaska. Proceedings of the National Academy of Sciences, 110(23), 9320-9325. || Ristroph, E. B. (2017). When climate takes a village: Legal pathways toward the relocation of Alaska Native Villages. Climate Law, 7(4), 259-289. || GAO, US Government Accountability Office (2009). Alaska Native Villages: Limited Progress Has Been Made on Relocating Villages Threatened by Flooding and Erosion. Government Accountability Office, Washington, D.C. https://www.gao.gov/new.items/d09551.pdf"
"64","4","WPR-313","Americas - North America","United States of America","Washington","Taholah","higher land (1/2 mile away)","sea-level rise","Sea level rise","unknown","ongoing","unknown","A","LPRH I (Bower & Weerasinghe 2021; English literature)","PDD/Kaldor Centre/IOM Global Dataset of Planned Relocation Cases (Leaving Place, Restoring Home I & II), metadata last edited 9 June 2021","https://docs.google.com/spreadsheets/d/1pDR-t1hVApqJiVk6E5DJ7TN0cOtXJiKvS1w8QIP149o/edit#gid=1611800107","316","Quinault Indian Nation Cmty. Dev. & Planning Dep’t, The Taholah Village Relocation MasterPlan (2017), available at http://www.quinaultindiannation.com/planning/FINAL_Taholah_Relocation_Plan.pdf. || Dannenberg, A. L., Frumkin, H., Hess, J. J., & Ebi, K. L. (2019). Managed retreat as a strategy for climate change adaptation in small communities: public health implications. Climatic Change, 153(1-2), 1-14."
