"indicator","south_africa_kzn_2022","germany_ahr_2021","pakistan_2022","mozambique_idai_2019","spain_valencia_2024","usa_texas_2025"
"basics.deaths","435-459 (443 widely reported; Amnesty 2025: 'around 435 people died and another 80 were reported missing')","About 184-190 in Germany. 134 in the Ahr valley (NHESS 2025: 190 across the event, 134 of them in the Ahr valley). Wikipedia gives 135 in Rhineland-Palatinate (all in Ahrweiler district), 47 in NRW and 2 in Bavaria. 766 people injured in the Ahr valley (deutschland.de).","PDNA/World Bank: ""More than 1730 lost their lives""; NDMA: 1,735 killed and 12,867 injured as of 28 Oct 2022; Munich Re: 'At least 1,700'; figure of 1,739 commonly cited later","603 official deaths in Mozambique (OCHA figure cited by UNICEF Sitrep #12); PDNA (May 2019): 'more than 600 people died' and 'over 1600 injured' in Sofala, Manica, Zambezia and Tete","229 in Valencia province per the Catarroja investigating court (228 people plus the unborn child of an 8-month-pregnant victim); national total ~237 (229 Valencia, 7 Castilla-La Mancha, 1 Andalusia). Other tallies cite 232 (judicial count incl. later deaths).","Kerr County: 117 identified dead as of 8 Aug 2025 (78 adults, 39 children), later reported as 119 in Kerr County. Texas statewide totals are reported between 135 and 139 depending on source and date (PBS/AP: at least 135; Wikipedia: 136; Texas Tribune May 2026: 137 across five counties; KWTX July 2026: 139). Camp Mystic: 27 campers and counselors plus the camp owner/director (28)."
"basics.affected","19,113 households, 128,743 people (IFRC final report, cited by Amnesty 2025)","Ahr valley: 42,000 of 56,000 residents affected; about 3,000 of the 4,200 buildings along the Ahr damaged (deutschland.de, Dec 2021).","33 million (PDNA)","PDNA: 'more than 1.5 million have been affected' (1,514,662; Sofala alone 1,190,596 = 52.7% of province population); OCHA: about 1.85 million people in need of humanitarian assistance","306,000 people affected; 75 municipalities / ~553 km2 flooded (103 municipalities in Generalitat damage diagnosis)","More than 2,000 structures damaged in Kerr County (Texas Tribune, Aug 2025). 3,228 FEMA Individuals and Households Program applications from Kerr County as of 11 Oct 2025. The FEMA declaration eventually covered Kerr plus other counties (Burnet, Guadalupe, Kimble, McCulloch, Menard, San Saba, Tom Green, Travis, Williamson were eligible for Disaster Unemployment Assistance)."
"basics.displaced","Displaced families moved to 120 mass care centres, then 14 Transitional Emergency Accommodation sites; 1,049 families still in TEAs in June 2025","'at least 17,000 either lost their homes and belongings or suffered considerable damage' (deutschland.de). In a PTSD survey, over 40% of respondents had to leave their homes and 14.4% could still not return one year later (NHESS 2024).","7.9 million displaced; ~598,000 in relief camps (OCHA, 23 Sep 2022); final OCHA report cites at least 664,000 in camps and informal sites","PDNA: 'As of the end of April, 400,000 had been displaced, of which 160,927 were sheltering in 164 temporary accommodation centers'; 237,789 families displaced; 240,000 houses partially or totally destroyed","Dec 2024: 2,227 residents of Valencia province still unable to return home; 492 dwellings evacuated for structural problems, 1,698 declared uninhabitable, 160 needing demolition; 126 people in Generalitat shelters (98 CATE + 28 Antigua Fe)","not_found (no official count of displaced people or shelter population located; FEMA housing assistance was offered and local nonprofits funded RVs and homes)"
"basics.damage_usd","About ZAR 17 billion (about USD 963 million), provincial government estimate (Presidential Climate Commission, cited by Amnesty 2025)","EUR 33 billion economic loss in Germany (Munich Re, via Milliman); EUR 46 billion across Europe. About USD 39 billion at mid-2021 rates. This conversion is our approximation, not from a source.","""Total damages to exceed USD 14.9 billion, and total economic losses to reach about USD 15.2 billion""; reconstruction needs ""at least USD 16.3 billion"" (PDNA, 28 Oct 2022). Sindh ~70% of damages and losses.","PDNA: damage USD 1,409.8 million (public 748.9 / private 660.9) + losses USD 1,385.8 million; recovery needs USD 2.9 billion (4 provinces), USD 3.2 billion incl. Inhambane and Cyclone Kenneth. Munich Re: 'Overall losses came to US$ 2.3bn' and 'correspond to about a tenth of its GDP'","EUR 17.8 billion direct damage (Generalitat Recovery Plan diagnosis, 21 Mar 2025); total with reconstruction/adaptation could exceed EUR 29 billion. No official USD figure; not converted here.","About $1.1 billion estimated damage (Wikipedia; Texas Tribune). AccuWeather preliminary estimate of total damage and economic loss: $18-22 billion (7 July 2025). Kerr Central Appraisal District: lost appraised value may exceed $240 million."
"basics.insured_share","not_found","GDV: EUR 8.2 billion insured loss (EUR 7.7bn property, contents and business, plus EUR 450m motor), about 25% of EUR 33bn. GDV (2026): settled claims about EUR 8.75bn. Before the flood, only 37% of Rhineland-Palatinate homes had natural-hazard cover; 59% by end-2025.","Munich Re: ""Almost nothing was insured"" (direct losses at least US$15bn)","Munich Re (Jan 2020): 'Almost nothing was insured.' No precise insured percentage found in a primary source.","Consorcio de Compensacion de Seguros: 251,813 claims, 212,533 paid for EUR 4.484 billion by 5 June 2026, estimated final cost ~EUR 4.8 billion; i.e. roughly 25-27% of the EUR 17.8bn damage estimate (computed ratio, not an official figure). Wikipedia cites EUR 3.5bn insured of EUR 10.7bn total (earlier estimate).","About 2.5% of Kerr County homeowners had NFIP flood insurance (national rate cited as 6%). Fewer than 150 of nearly 3,000 residential properties in the 100-year floodplain were NFIP-insured on 4 July (less than 5%). Houston Chronicle: most Kerr County homes hit on July 4 had no flood insurance."
"I01_governing_party_and_help","[medium] visit: yes (ANC province)","[medium] Federal share up to EUR 400m of EUR 800m emergency aid, matched 1:1; EUR 30bn reconstruction fund","[medium] Direct provincial grants: Sindh Rs15bn, Balochistan Rs10bn; KP/GB routed via NDMA instead","[medium] Qualitative evidence of partisan contestation over reconstruction funds and alleged politicised food aid; no quantified aid-by-alignment estimate","[high] Regional PP vs national PSOE; no national emergency declared; 'si necesita mas recursos, que los pida' (2 Nov 2024)","[medium] Aligned (R federal, R state, R county); declaration in 2 days; USAR deployment reportedly >72 hours"
"I02_election_effect","[low] anecdotal (1 ward)","[high] Greens +0.4-1.6 pp (DiD); state-premier party up to +6.6 pp; Ahrweiler CDU second vote -12.1 pp","[low] PPP 84 general Sindh Assembly seats (2024), its best result since 2008","[medium] Sofala abstention 49.61% (2014) -> 42.39% (2019); Sofala registration 79.92% of target; FRELIMO won all provinces/all 161 districts; national FRELIMO ~71%, Nyusi ~73%","[medium] PP -6 pts, Vox +4.9 pts (Sept 2026 poll vs 2023)","[low] Local turnover limited; county judge open seat (incumbent not running); EM coordinator retired March 2026"
"I03_election_timing_and_visits","[medium] visit ~5 days after peak","[high] Visits within 2-4 days; election 73 days after the flood","[high] First PM visit 31 Jul 2022; by-polls postponed Sep 2022; general election Feb 2024","[medium] Presidential flyover ~18 March 2019; Cabinet in Beira 19 March; election 15 October 2019 (~7 months later)","[high] Paiporta visit 3 Nov 2024 (5 days after); PM CECOPI visit 31 Oct","[high] Presidential visit day 7 (11 July 2025)"
"I04_declaration_threshold_and_funds","[high] declared on day ~10","[high] EUR 800m emergency; EUR 30bn fund; about EUR 6.2bn (about 21%) paid after 5 years","[high] BISP Rs66.6bn to 2.66m families by 25 Oct 2022; Geneva pledges ~US$10bn, ~87-90% loans","[high] Emergency declared 19 Mar 2019 (5 days after landfall); pledges USD 1.2 bn vs needs USD 3.2 bn; USD 704 m spent by Aug 2024 (56% of programme)","[high] RDL 6/2024 within 7 days; EUR 16.6bn mobilised, EUR 9.09bn used by Jan 2026","[high] Declaration day 2; 22% of Kerr IHP applicants eligible (Oct 2025); ~$37-39M individual aid; ~$33M emergency work"
"I05_infrastructure_repair_and_accountability","[high] AGSA: 20% of 30 temporary residential units inspected 'were built on unsuitable land as they were close to the riverbank'. In Feb 2025, 5 people died in the Lamontville temporary relocation area that eThekwini built on the Umlazi riverbank. Molweni bridges remained unfixed into 2023.","[high] 62/112 Ahr bridges destroyed; rail fully restored after 4.4 years","[medium] Transport damage USD 3.3bn; 13,115 km roads, 439 bridges damaged; 40 'ghost' bridges in Upper Dir","[medium] 56% of PREPOC by Aug 2024; >90% of damaged infrastructure by Nov 2025 (govt claim)","[medium] Metro ~8 months; Mazon resigned after 1 year","[medium] Water plant emergency; officials criticized but remained in office; criminal probe of camp (Sept 2026)"
"I06_health_facility_disruption","[low] not quantified","[high] about 180 GP practices; about 68 NRW hospitals affected; Bad Neuenahr hospital closed about 4 weeks","[high] >1,460 health facilities damaged (~10% nationally)","[high] 89 partially + 3 completely destroyed health facilities (PDNA); services recovered within ~3 months","[high] 57 health centres affected; 29 closed initially; 53/57 reopened by mid-Nov","[medium] No closure; mass-casualty surge; $1.9M hospital grants"
"I07_birth_or_maternal_outcomes","[not_found] not_found","[not_found] We found no study of births or pregnancy outcomes after the 2021 German floods. The only item is an anecdote: in 2026 Dernau's mayor spoke of a 'regelrechten Babyboom' (a real baby boom) in the village (ZDF). It is not evidence of a flood effect.","[medium] ~650,000 pregnant women affected; 73,000 births expected within a month","[medium] 75,000 pregnant women affected; ANC first visits -23% in March 2019; institutional deliveries ~-20% in highly affected districts","[low] 1 pregnant victim (unborn child counted as victim 229); population birth outcomes not found","[not_found] not_found"
"I08_waterborne_disease","[low] Water supply was cut for days and people used poor-quality water (AGSA). No outbreak figures were found in our sources.","[medium] No outbreak documented","[high] >540,000 malaria cases (Jul-Oct 2022); 25,932 dengue cases; ~534,800 diarrhoea treatments in Sindh camps","[high] ~6,768 suspected cholera cases, ~8 deaths (CFR 0.12%); ~803,000 vaccinated (98.6% coverage) within ~3 weeks of landfall","[medium] >=3 leptospirosis cases; no major outbreak","[medium] No outbreak found; boil-water notice; Hep A/tetanus clinics"
"I09_displacement_shelter_and_mental_health","[high] 3+ years in temporary housing","[high] PTSD 28.2% at 1 year; 14.4% still displaced at 1 year","[medium] 7.9m displaced; ~598k in camps; 1.3m still displaced >1 year later","[medium] 400,000 displaced; ~88,000 resettled in 66 sites; >100,000 still in temporary shelter at 1 year; mental-health prevalence not measured","[medium] 2,227 displaced (Dec 2024); PTSD +147%, anxiety +63%","[medium] 2,000+ structures damaged; projected ~8,000 PTSD cases in Kerr County"
"I10_child_deaths_and_timing","[low] not counted","[medium] 3 children among Ahr dead; youngest aged 4; night-time peak 01:00-02:00","[high] 615-647 children dead (~35-37% of all deaths)","[low] not_found (children share of deaths); landfall at night 14-15 March, main flood killing 16-17 March","[high] 9 children; most deaths 19:00-20:00, before 20:11 alert","[high] 39 children of 117 Kerr dead (33%); 27 at Camp Mystic; overnight holiday"
"I11_property_value_effects","[not_found] not_found","[medium] Price declines only in nearby or high-climate-belief flood zones (magnitude not retrieved)","[not_found] No study or official data found on land or property value changes in flood-affected areas after the 2022 floods.","[not_found] not_found","[medium] Rents +5.76%; sale prices +4% (Horta Sud) to +17%","[medium] Appraisal loss > $240M"
"I12_recovery_speed_nightlights_or_rebuild","[medium] ~3 months (business); 3+ years (housing)","[medium] about 21% of fund paid at 5 years; >1,000 homes fully rebuilt (RLP, 2026)","[medium] Night lights recovered ~10 weeks after flooding; ~5% of 2.1m damaged homes fully rebuilt by Jan 2024","[medium] ~1 million without power (20 Mar 2019); reconstruction 56% complete after 5+ years","[medium] Spending normal in ~1 month; commerce 8 months; small firms still -10% at 1 year","[medium] Partial rebuild at 12 months; set back by July 2026 flood"
"I13_income_employment_loss","[low] Qualitative evidence only: residents in TEAs lost jobs (e.g. domestic workers) because of relocation. No survey figures were found.","[low] Flood-hit neighbourhoods 3% (about EUR 1,500) poorer; job loss not quantified","[high] 4.3m workers affected; 8.4-9.1m pushed into poverty; GDP -2.2%","[high] USD 39 m wage income lost; USD 513 m agricultural losses; 715,378 ha crops flooded","[high] 33,736 workers on ERTE; 92.4% returned by mid-2025","[low] DUA offered; job-loss count not_found"
"I14_relief_grants_uptake","[low] The Social Relief of Distress grant was used in major floods, but it requires a municipal 'major incident' declaration. Uptake figures were not found.","[high] 12,300 Soforthilfe payments; 18,140 reconstruction applications; EUR 1.5bn approved (ISB)","[high] 2.66m families paid Rs25,000 (97.3% of target) within ~2 months","[medium] 1.37 million reached with food/vouchers (WFP, by ~April 2019); vouchers US$44/month to 100,000 people","[high] 41,678 housing aid applications, EUR 249.8m paid; 26,943 firms/self-employed aided","[high] 22% of applicants eligible (Oct 2025); $37M FEMA IHP approved"
"I15_insured_vs_uninsured","[not_found] not_found in our sources","[high] about 25% insured; 37% RLP coverage before (59% by 2025)","[high] Insured share ~0% of ~US$15bn direct losses","[medium] Insured share ~0 ('Almost nothing was insured')","[high] EUR 4.484bn paid on 212,533 claims (June 2026); ~27% of damage","[medium] ~2.5% NFIP take-up; <5% in 100-year floodplain"
"I16_observation_radar_forecast_quality","[medium] warning issued; radar availability 52% FY22/23","[high] Warning lead about 13 h; gauge destroyed; only 17.5% got evacuation instructions","[medium] Extreme rain predictable ~6 days ahead; ~4 operational PMD radars","[medium] Track/intensity forecast ~3 days ahead; 0 operational radars (Beira and Xai-Xai radars defunct); flood forecasting weak","[high] Red warning 07:36, ~12.5 h before ES-Alert; forecast >200 mm vs 771.8 mm observed","[high] Warning lead time 106 min (Hunt) / 26 min (Kerrville) vs 65-min goal; 6 WFO vacancies"
"I17_community_warning_systems","[high] 0 drownings in pilot settlement","[high] 29% (RLP) and 35% (NRW) got no warning; 85% of those warned did not expect severe flooding","[medium] 'Zero effective lead time'; 41% of surveyed Sindh households evacuated","[medium] Buzi CLGRCs warned within hours via megaphones/whistles; community radios warned hourly for 36 hours","[high] 112 calls 16:40; CHJ flow alert 18:43; no local warning to Horta Sud","[high] No sirens; CodeRED ~90 min after request; no local IPAWS alert"
"I18_power_telecom_outage_during_warning","[low] Floods damaged 'communication and electrical systems' (Presidential Climate Commission). No timing data on outages relative to warnings was found.","[high] about 200,000 without power; mobile disruption across all severely affected areas","[high] 10 Balochistan districts lost phone/internet on 26 Aug 2022","[high] Near-total power and internet loss in Beira at landfall; ~1 million without power; radios off air","[medium] ~180,000 power customers; 250-300k mobile customers cut","[medium] Power outage (thousands of customers); counselors without phones/radios"
"I19_warning_language_and_accessibility","[medium] English; 49 of 67 placed deaths at 1-3% English sites","[medium] 12 disabled care-home residents died; 16% of victims disabled; about 80% aged 60+","[low] No 2022-specific evidence found on which languages (Urdu/English vs Sindhi, Balochi, Saraiki, Pashto) warnings were issued in, or on reach among non-Urdu speakers. General evidence on Pakistan's EWS (Frontiers 2023, citing Shah et al. 2022): ""Official early warning system uses technical language, making it harder for at-risk populations to comprehend"", and women are excluded or only partly included in preparedness activities. UNESCO recommends warnings be ""translated into localized and actionable guidance for communities"".","[high] 41% do not understand written Portuguese; 44% of women do not understand spoken Portuguese","[medium] Spanish+Valencian only (no English); no 'go upstairs' instruction; 450 deaf people unreached","[low] >25% Hispanic; Spanish info gaps reported; warning-language data not_found"
"I20_warning_system_design_change_after","[medium] no cell broadcast","[high] Cell broadcast live Feb 2023; EUR 88m sirens; new RLP disaster agency 2025","[medium] NEOC revamped (2024); 4RF (Dec 2022); new radar under installation","[medium] Beira radar restored April 2023; Freddy deaths 53 (early official) to ~200 (UNDRR) vs Idai 603","[medium] Preventive ES-Alerts on red warnings; national civil-protection plans April 2026; no unified protocol yet","[high] Laws passed Sept 2025; $294M package; 6 state + ~100 private sirens; 2026 flood deaths fell to ~1-2"
