"sample_no","id","region","country","place_origin","place_destination","hazard","hazard_original","income_group","wgi_gov_eff","coded","year_start","trigger","lead","single_owner","resident_site_choice","tenure_destination","hazard_binding","funding","distance","hazard_at_destination","return_to_origin","livelihoods","overall","lat","lon","geo_precision","sources"
"1","WPR-342","Americas - Central America","Mexico","Teziutlán (multiple)","Teziutlán (multiple)","landslide","Landslide","Upper middle income","-0.09","True","1999","post_disaster","gov_topdown","no","no","secure","no","emergency_adhoc","unknown","exposed_or_hit","some","unknown","mixed","18.833333","-98","province","https://tesiunamdocumentos.dgb.unam.mx/ptd2015/noviembre/0738056/0738056.pdf https://globalpressjournal.com/americas/mexico/post-flood-relocation-efforts-trigger-second-crisis/es/index.html"
"2","WPR-089","Asia - South East Asia","Philippines","Cagayan de Oro (multiple)","Calaanan Site (many sub-villages)","cyclone/storm","Storm","Upper middle income","-0.01","True","2012","post_disaster","gov_topdown","partial","no","insecure","unknown","mixed","unknown","exposed_or_hit","unknown","worse","mixed","8.3979549","124.710688","province","https://www.crs.org/sites/default/files/2025-03/cs13_-_philippines.pdf http://shelterprojects.org/files/CRS-Urban-Transitional-Shelter_Philippines_Oct-2012.pdf https://cagayandeorocityinformationoffice.wordpress.com/2012/01/19/habitat-housing-breaks-ground/ https://www.cagayandeoro.gov.ph/index.php/item/2992-sendong-survivors-sa-habitat-for-humanity-phase-3-calaanan-makadawat-na-og-titulo-sa-yuta.html https://www.sunstar.com.ph/more-articles/landslide-feared-in-oro-relocation-site https://www.rsisinternational.org/journals/ijrias/uploads/vol10-iss12-pg703-717-202601_pdf.pdf"
"3","WPR-237","Americas - South America","Colombia","Ciudad Bolívar (UPZ Ismael Perdomo, Altos de Estancia)","Multiple","landslide","Landslide","Upper middle income","0.02","True","2004","pre_emptive","gov_topdown","partial","partial","secure","yes","standing_programme","unknown","unknown","unknown","unknown","unknown","4.6533817","-74.0836331","province","https://bogota.gov.co/mi-ciudad/habitat/habitat-se-pronuncia-sobre-situacion-en-altos-de-la-estancia https://bogota.gov.co/mi-ciudad/habitat/techos-dignos-y-seguros-para-600-personas-que-vivian-en-zonas-de-alto https://bogota.gov.co/mi-ciudad/entrega-de-viviendas-en-ciudad-bolivar https://bogota.gov.co/mi-ciudad/habitat/caja-de-vivienda-entrego-36-viviendas-en-arboleda-de-santa-teresita https://bogota.gov.co/mi-ciudad/habitat/firma-del-pacto-altos-de-la-estancia-en-ciudad-bolivar https://cvp.gov.co/programa-de-reasentamientos"
"4","WPR-155","Asia - South Asia","Sri Lanka","Naduvuthu","12k","other","Tsunami","Upper middle income","-0.42","True","2006","post_disaster","unknown","unknown","unknown","unknown","unknown","unknown","5_to_50km","unknown","unknown","unknown","unknown","8.3636973","81.397085","province","https://sparc.cmb.ac.lk/wp-content/uploads/2018/03/Prof.-Siri-Hettige-Community-level-indicators-of-long-term-disaster-recovery.pdf http://drr.vau.ac.lk/bitstream/handle/123456789/753/G.%20Vickneswaran.pdf?sequence=1&isAllowed=y"
"5","WPR-216","Americas - South America","Argentina","La Plata (Ringuelet neighbourhood)","Barrio Nuevo","flood","Riverine flood","Upper middle income","0.12","True","2015","post_disaster","gov_topdown","unknown","no","unknown","unknown","unknown","under_5km","none_reported","unknown","unknown","mixed","-34.5121516","-58.5248182","province","https://www.redalyc.org/journal/748/74864040017/html/ https://www.redalyc.org/journal/312/31264845006/html/ https://revistas.unlp.edu.ar/InvJov/article/view/7136"
"6","WPR-008","Pacific","Fiji","Vunisavisavi","Away from coast (partial relocation)","other","Coastal erosion","Upper middle income","0.45","True","2015","pre_emptive","ngo_donor_led","no","unknown","secure","yes","unknown","under_5km","none_reported","unknown","maintained_or_improved","mixed","-16.5788332","179.1930927","province","https://environmentalmigration.iom.int/sites/g/files/tmzbdl1411/files/documents/Geographical%20Journal%20-%202019%20-%20McMichael%20-%20Planned%20relocation%20and%20everyday%20agency%20in%20low%E2%80%90lying%20coastal%20villages%20in%20Fiji.pdf https://www.fmreview.org/issue64/Pacific-mobilities/ https://arena.org.au/in-fiji-vunisavisavi-on-the-edge/ https://talanoa.com.au/vunisavisavi/ https://blog.geographydirections.com/2019/07/23/planned-relocation-in-low-lying-coastal-villages-in-fiji/ https://www.policyforum.net/rising-seas-and-relocation-in-fiji/"
"7","WPR-156","Asia - South Asia","Sri Lanka","Sudaikudha","2k","other","Tsunami","Upper middle income","-0.42","True","unknown","post_disaster","unknown","unknown","unknown","unknown","partial","unknown","under_5km","unknown","unknown","unknown","unknown","8.3636973","81.397085","province","https://sparc.cmb.ac.lk/wp-content/uploads/2018/03/Prof.-Siri-Hettige-Community-level-indicators-of-long-term-disaster-recovery.pdf https://www.sciencedirect.com/science/article/pii/S1877705818301929"
"8","WPR-267","Americas - South America","Peru","Coalaque district (Amata)","Coalaque district (unknown)","landslide","Landslide","Upper middle income","-0.01","True","unknown","post_disaster","unknown","no","unknown","insecure","yes","unknown","unknown","exposed_or_hit","some","unknown","unknown","-5.2024721","-80.623832","province","http://sigrid.cenepred.gob.pe/docs/PARA%20PUBLICAR/CENEPRED/Guia%20Plan%20de%20Reasentamiento%20Poblacional.pdf http://sigrid.cenepred.gob.pe/docs/PARA%20PUBLICAR/GOREs/Moquegua/Estimacion%20de%20Riesgo%20Amata.pdf https://sigrid.cenepred.gob.pe/sigridv3/storage/biblioteca//17648_evaluacion-de-riesgos-por-movimientos-de-masas-sector-amata-proyecto-mejoramiento-del-servicio-de-informacion-para-la-gestion-del-riesgo-de-desastres-.pdf https://sigrid.cenepred.gob.pe/sigridv3/documento/17795"
"9","WPR-028","Pacific","Solomon Islands","Taro","2k away on mainland","sea-level rise","Sea level rise","Lower middle income","-0.92","True","unknown","pre_emptive","gov_topdown","partial","unknown","unknown","partial","mixed","under_5km","exposed_or_hit","unknown","unknown","unknown","-8.7053941","159.1070694","country","https://www.climatechangenews.com/2014/08/15/solomon-islands-town-to-relocate-as-climate-pressures-mount/ https://www.bmt.org/insights/relocation-only-option-for-solomon-islands-provincial-capital/ https://archleague.org/article/the-relocation-of-taro-island/ https://www.abc.net.au/pacific/programs/pacific-prepared/solomon-islands-taro-town-relocates/13363588"
"10","WPR-379","Africa - West Africa","Senegal","Saint-Louis (Langue de Barbarie, multiple neighourhoods)","Gandon commune (Diougop)","other","Coastal erosion","Lower middle income","0.17","True","2019","post_disaster","gov_topdown","partial","unknown","unknown","yes","emergency_adhoc","5_to_50km","none_reported","unknown","worse","mixed","16.0915413","-14.7337786","province","https://www.hrw.org/report/2025/08/18/waiting-for-god/flood-displacement-and-planned-relocation-of-fisherfolk-in-saint https://www.adm.sn/en/serrp https://phys.org/news/2021-10-senegal-capital-frontline-sea.html https://theworld.org/stories/2023/07/14/important-fishing-village-senegal-verge-disappearing-sea-levels-rise"
"11","WPR-193","Asia - East Asia","Japan","Higashimatshishima, Ushiami","Ushiami","other","Tsunami","High income","2.05","True","unknown","post_disaster","gov_community_joint","partial","unknown","unknown","partial","standing_programme","unknown","unknown","unknown","unknown","unknown","39.1736184","140.7319147","province","https://development.asia/case-study/using-community-driven-model-build-back-better"
"12","WPR-014","Pacific","Fiji","Korolevu","Uphill","sea-level rise","Sea level rise","Upper middle income","0.45","True","unknown","pre_emptive","community_initiated","no","unknown","unknown","unknown","unknown","under_5km","none_reported","unknown","worse","unknown","-18.1239696","179.0122737","country","https://devex.shorthandstories.com/balancing-climate-culture-and-community-fijis-relocation-challenge/index.html https://www.seacology.org/project/korolevu-village/"
"13","WPR-077","Asia - South East Asia","Philippines","Tacloban City (multiple)","Natubgan","cyclone/storm","Storm","Upper middle income","-0.01","True","unknown","post_disaster","gov_topdown","partial","no","unknown","unknown","unknown","5_to_50km","unknown","unknown","unknown","mixed","10.7841157","124.892321","province","https://pdfs.semanticscholar.org/7cf5/36ba73aaf1a56cb9314fd844a68185eab7f3.pdf https://doi.org/10.3390/su12083474"
"14","WPR-358","Americas - Caribbean","Dominica","Petite Savanne","unknown","cyclone/storm","Storm","Upper middle income","0","True","2016","post_disaster","gov_topdown","unknown","unknown","insecure","unknown","standing_programme","unknown","unknown","some","worse","mixed","15.2544166","-61.2681718","place","https://storyteller.iom.int/stories/ten-years-after-tropical-storm-erika-dominica-still-bears-scars https://mmce.ae/mmcdevelopment/housing/bellevue-chopin/ https://wicnews.com/caribbean/cbi-funded-housing-project-38-dominica-families-moved-new-homes-bellevue-chopin-262813716 https://pressroomopm.gov.dm/housing-beneficiaries-at-bellevue-chopin-sign-documents-for-issuance-of-certificates-of-title/ https://en.wikipedia.org/wiki/Petite_Savanne https://www.studioak.co/Projects/View/1059?c=0"
"15","WPR-052","Asia - South East Asia","Indonesia","Saney Village","500 meters","other","Tsunami","Upper middle income","0.36","True","2007","post_disaster","gov_topdown","unknown","unknown","secure","unknown","unknown","under_5km","none_reported","some","maintained_or_improved","success","5.225485","95.260394","place","https://iopscience.iop.org/article/10.1088/1755-1315/452/1/012117/pdf"
"16","WPR-336","Americas - Central America","Mexico","Acapulco","unknown","cyclone/storm","Storm","Upper middle income","-0.09","True","2014","post_disaster","gov_topdown","partial","unknown","secure","unknown","mixed","unknown","unknown","unknown","unknown","unknown","16.8680495","-99.8940182","place","https://www.gob.mx/sedatu/prensa/6247 https://www.elfinanciero.com.mx/sociedad/continua-reubicacion-de-viviendas-afectadas-por-huracanes-en-guerrero/ https://www.proceso.com.mx/reportajes/2018/6/29/en-marco-electoral-derriban-viviendas-mal-construidas-tras-paso-de-ingrid-manuel-por-guerrero-en-2013-207664.html"
"17","WPR-270","Americas - South America","Peru","Shamboyacu","""El Mirador""","landslide","Landslide","Upper middle income","-0.01","True","unknown","post_disaster","unknown","unknown","unknown","unknown","unknown","unknown","unknown","unknown","unknown","unknown","unknown","-5.2000172","-80.6571486","province","http://sigrid.cenepred.gob.pe/sigridv3/documento/897/descargar https://sigrid.cenepred.gob.pe/sigridv3/documento/897"
"18","WPR-289","Americas - North America","United States of America","Point Hope","unknown","other","Coastal erosion","High income","1.39","True","mid-1970s","pre_emptive","unknown","unknown","unknown","unknown","unknown","unknown","unknown","exposed_or_hit","unknown","unknown","mixed","68.3493054","-166.7392068","place","https://www.north-slope.org/our-communities/point-hope/ https://www.gao.gov/assets/a240811.html https://ewn.erdc.dren.mil/improving-coastal-resilience-in-one-of-north-americas-oldest-inhabited-settlements-point-hope-alaska/ https://icas-nsn.gov/point-hope/"
"19","WPR-013","Pacific","Fiji","Karoko","Inland","other","Coastal erosion","Upper middle income","0.45","True","unknown","pre_emptive","community_initiated","no","yes","unknown","unknown","unknown","unknown","unknown","unknown","unknown","unknown","-18.1239696","179.0122737","country","https://doi.org/10.1016/j.geoforum.2019.06.012 https://www.mobt3ath.com/uplode/book/book-98842.pdf?ver=accessable"
"20","WPR-390","Africa - North Africa","Algeria","Aoulef","Aoulef (periphery)","flood","Flood","Upper middle income","-0.33","True","2009","post_disaster","gov_topdown","unknown","unknown","unknown","unknown","mixed","under_5km","unknown","unknown","unknown","mixed","26.9722077","1.0786817","place","https://journals.openedition.org/emam/1516"
"21","WPR-354","Americas - Central America","Panama","Gardi Sugdub and Playón Chico (Ukupseni)","La Barriada","other","Coastal erosion","High income","0.19","True","2010","pre_emptive","community_initiated","no","yes","unknown","partial","mixed","under_5km","none_reported","some","mixed","mixed","8.559559","-81.1308434","country","https://www.hrw.org/report/2023/07/31/sea-eating-land-below-our-homes/indigenous-community-facing-lack-space-and-rising https://lab.org.uk/panama-indigenous-guna-relocated-rising-sea-levels/ https://newsroompanama.com/2024/06/07/moving-displaced-from-gardi-sugdub-to-isberyala-is-complete/ https://news.mongabay.com/2025/04/in-panama-indigenous-guna-prepare-for-climate-exodus-from-a-second-island-home/"
"22","WPR-272","Americas - South America","Peru","Tres Unidos district (Nuevo Porvenir)","Tres Unidos district (unknown)","landslide","Landslide","Upper middle income","-0.01","True","2012","post_disaster","gov_topdown","unknown","unknown","unknown","unknown","unknown","unknown","unknown","unknown","unknown","unknown","-5.2000172","-80.6571486","province","https://radiolagrande.wordpress.com/page/50/ https://sigrid.cenepred.gob.pe/sigridv3/documento/996"
"23","WPR-290","Americas - North America","United States of America","Allakeet","unknown","flood","Flood","High income","1.39","True","1994","post_disaster","community_initiated","no","unknown","unknown","partial","mixed","under_5km","unknown","unknown","unknown","unknown","64.4459613","-149.680909","province","https://www.gao.gov/assets/a290474.html https://www.gao.gov/products/gao-09-551"
"24","WPR-307","Americas - North America","United States of America","Allenville","Hopeville","flood","Flood","High income","1.39","True","1981","post_disaster","gov_topdown","unknown","unknown","secure","unknown","unknown","5_to_50km","exposed_or_hit","none","unknown","mixed","33.352604","-112.5878691","place","https://www.estrellamountain.edu/news/2020/looking-back-allenville-buckeyes-all-black-community https://en.wikipedia.org/wiki/Allenville,_Arizona"
"25","WPR-143","Asia - South Asia","Maldives","Gemendhoo Island","Kudahuvadhoo Island","other","Tsunami","Upper middle income","-0.24","True","2004","post_disaster","unknown","unknown","unknown","unknown","unknown","unknown","unknown","unknown","none","unknown","unknown","2.8349032","72.9319326","province","https://en.wikipedia.org/wiki/Gemendhoo_(Dhaalu_Atoll) https://en.wikipedia.org/wiki/Kudahuvadhoo https://maldivesindependent.com/society/two-decades-after-the-tsunami-safer-islands-need-expansion-and-protection-225f"
"26","WPR-152","Asia - South Asia","Sri Lanka","Hanguranketha DSD","unknown","landslide","Landslide","Upper middle income","-0.42","True","2007","post_disaster","gov_topdown","unknown","no","unknown","unknown","unknown","unknown","unknown","some","mixed","mixed","7.0003798","80.7738433","province","https://publications.aston.ac.uk/id/eprint/32534/1/1_s2.0_S1877705818301747_main.pdf https://publications.aston.ac.uk/id/eprint/32534/"
"27","WPR-408","Africa - Central Africa","São Tomé and Príncipe","Three coastal communities (unknown)","Three coastal communities (within same community)","flood","Coastal flood","unknown","","True","unknown","pre_emptive","community_initiated","partial","yes","secure","yes","unknown","under_5km","unknown","unknown","unknown","unknown","0.9713095","7.02255","country","https://documents1.worldbank.org/curated/en/790511603176232862/text/Abbreviated-Resettlement-Action-Plan-for-the-Community-of-Micolo.txt https://documents1.worldbank.org/curated/en/099032624162520940/text/BOSIB11a58db8e0c71b0c61c0a2fa307dfb.txt http://documents.worldbank.org/curated/en/790511603176232862/Abbreviated-Resettlement-Action-Plan-for-the-Community-of-Micolo"
"28","WPR-090","Asia - South East Asia","Philippines","unclear","Ecoville","cyclone/storm","Storm","Upper middle income","-0.01","True","2013","post_disaster","ngo_donor_led","no","unknown","unknown","unknown","unknown","5_to_50km","unknown","unknown","mixed","mixed","8.3785795","124.5171486","place","https://www.xu.edu.ph/xavier-ecoville https://www.sunstar.com.ph/more-articles/xavier-ecoville-resilience-cooperation-and-generosity https://archium.ateneo.edu/marketing-and-law-faculty-pubs/2/ https://www.sciencedirect.com/science/article/abs/pii/S2212420917303357"
"29","WPR-054","Asia - South East Asia","Indonesia","Old village 5k away","Gampong Baro","other","Tsunami","Upper middle income","0.36","True","unknown","post_disaster","unknown","unknown","unknown","unknown","unknown","unknown","unknown","unknown","unknown","unknown","unknown","4.3685491","97.0253024","province","https://www.sciencedirect.com/science/article/abs/pii/S2212420918303649 https://www.researchgate.net/publication/329023080_What_does_the_future_hold_for_relocated_communities_post-disaster_Factors_affecting_livelihood_resilience"
"30","WPR-192","Asia - East Asia","Japan","Higashimatshishima, Nobiru","Nobiru","other","Tsunami","High income","2.05","True","unknown","post_disaster","gov_community_joint","partial","partial","unknown","yes","standing_programme","unknown","none_reported","unknown","unknown","success","39.1736184","140.7319147","province","https://www.reconstruction.go.jp/10year/en/aerial.html https://development.asia/case-study/using-community-driven-model-build-back-better https://floodlist.com/asia/japan-tsunami-city-people-power-turns-disaster-opportunity"
"31","WPR-074","Asia - South East Asia","Philippines","Tacloban City (multiple)","Gandara","cyclone/storm","Storm","Upper middle income","-0.01","True","unknown","post_disaster","gov_topdown","no","unknown","unknown","unknown","unknown","5_to_50km","unknown","unknown","unknown","mixed","10.7841157","124.892321","province","https://www.colorado.edu/lab/gpo/2020/04/15/pathways-livable-relocation-settlements-following-disaster https://doi.org/10.3390/su12083474 https://www.sciencedirect.com/science/article/abs/pii/S2212420918309038 https://www.tandfonline.com/doi/full/10.1080/01944363.2022.2133781"
"32","WPR-285","Americas - North America","United States of America","Shaktoolik","unknown","other","Coastal erosion","High income","1.39","True","1970s","unknown","unknown","unknown","unknown","unknown","unknown","unknown","under_5km","exposed_or_hit","unknown","unknown","unknown","64.3535999","-161.1928805","place","https://toolkit.climate.gov/case-study/defending-place-shaktooliks-adaptation-plan-supports-local-decision-making https://www.adn.com/rural-alaska/article/along-menacing-ocean-shaktoolik-stares-down-climate-change-and-refuses-budge/2014/03/31/ https://www.gao.gov/assets/a290474.html"
"33","WPR-006","Pacific","Fiji","Toki","unknown","sea-level rise","Sea level rise","Upper middle income","0.45","True","unknown","post_disaster","unknown","unknown","unknown","unknown","unknown","unknown","unknown","unknown","unknown","unknown","unknown","-18.1239696","179.0122737","country","https://www.sciencedirect.com/science/article/abs/pii/S0016718519301976 https://www.cookislandsnews.com/regional/nine-villages-on-fiji-island-to-be-relocated/ https://www.fijitimes.com.fj/villages-for-relocation/ https://www.apn-gcr.org/wp-content/uploads/2020/09/48ce301c4d1f1a8ffc7d4c5e8da32b15.pdf"
"34","WPR-133","Asia - South Asia","India","Pudhu Nemmelikuppam","0.6 km","other","Tsunami","Lower middle income","0.44","True","unknown","post_disaster","unknown","unknown","unknown","unknown","unknown","unknown","under_5km","unknown","many","worse","mixed","12.8410187","79.9494965","province","https://onlinelibrary.wiley.com/doi/10.1111/disa.12113 https://pubmed.ncbi.nlm.nih.gov/25546250/ https://odihpn.org/en/publication/challenges-and-risks-in-post-tsunami-housing-reconstruction-in-tamil-nadu/"
"35","WPR-045","Europe","Italy","Cerzeto (Cavallerizzo)","Pianette (5km)","landslide","Landslide","High income","0.8","True","2005","post_disaster","gov_topdown","yes","partial","unknown","yes","emergency_adhoc","5_to_50km","none_reported","some","unknown","mixed","39.5144237","16.1237014","place","https://emergenze.protezionecivile.gov.it/it/meteo-idro/frana-cerzeto-2005/ https://www.quotidianodelsud.it/archivio/2014/05/15/cavallerizzo-la-storia-di-una-new-town-abusivadalla-frana-del-2005-al-completamento-a-fine-2011 https://www.quicosenza.it/news/provincia/15040-cavallerizzo-il-nuovo-paese-fantasma https://www.icalabresi.it/inchieste/cavallerizzo-e-una-piccola-vajont-di-calabria/ https://it.wikipedia.org/wiki/Cavallerizzo"
"36","WPR-224","Americas - South America","Brazil","Parque Juliana","Safer sector within same community","landslide","Landslide","Upper middle income","-0.2","True","unknown","pre_emptive","community_initiated","no","yes","unknown","partial","unknown","under_5km","exposed_or_hit","unknown","unknown","unknown","-23.0459593","-47.0101018","place","https://periodicos.ufabc.edu.br/index.php/dialogossocioambientais/article/view/358/229 https://periodicos.ufabc.edu.br/index.php/dialogossocioambientais/article/view/358"
"37","WPR-139","Asia - South Asia","India","Mandavai Pudu Kuppam","2 sites","other","Tsunami","Lower middle income","0.44","True","unknown","post_disaster","unknown","unknown","unknown","unknown","unknown","unknown","unknown","unknown","many","worse","mixed","11.3972643","79.6956744","province","https://onlinelibrary.wiley.com/doi/10.1111/disa.12113 https://pubmed.ncbi.nlm.nih.gov/25546250/ https://odihpn.org/en/publication/challenges-and-risks-in-post-tsunami-housing-reconstruction-in-tamil-nadu/"
"38","WPR-003","Pacific","Fiji","Muani","Inland (<1 k)","cyclone/storm","Storm","Upper middle income","0.45","True","1997","post_disaster","unknown","unknown","unknown","secure","unknown","unknown","under_5km","unknown","unknown","unknown","unknown","-19.1509402","178.1454993","place","https://www.apn-gcr.org/wp-content/uploads/2020/09/48ce301c4d1f1a8ffc7d4c5e8da32b15.pdf"
"39","WPR-288","Americas - North America","United States of America","Napakiak","unknown","other","Coastal erosion","High income","1.39","True","2020","pre_emptive","community_initiated","no","unknown","unknown","partial","mixed","under_5km","none_reported","unknown","unknown","unknown","60.6939091","-161.975446","place","https://www.gao.gov/assets/gao-09-551.pdf https://www.kyuk.org/science-and-environment/2024-03-07/fema-awards-2-4m-to-napakiak-as-it-retreats-from-kuskokwim-erosion https://alaskapublic.org/2023/08/29/federal-officials-get-firsthand-look-at-kuskokwim-river-erosion-during-visit-to-napakiak/ https://dggs.alaska.gov/hazards/coastal/download/cbm-napakiak-erosion-letter.pdf https://www.kyuk.org/education/2025-09-04/a-solid-place-napakiaks-new-school-is-major-step-forward-in-decades-long-erosion-response"
"40","WPR-247","Americas - South America","Colombia","San Juan de la Costa","inland","other","Coastal erosion","Upper middle income","0.02","True","1998","pre_emptive","community_initiated","unknown","yes","unknown","unknown","unknown","under_5km","unknown","unknown","unknown","success","4.099917","-72.9088133","country","https://www.sciencedirect.com/science/article/abs/pii/S0964569199000666 https://www.usgs.gov/publications/frequent-non-storm-washover-barrier-islands-pacific-coast-colombia https://rodin.uca.es/bitstream/handle/10498/15900/2013%20Libro%20Coastal%20erosion%20and%20monitoring%20Botero%20et%20al.pdf?sequence=1"
"41","WPR-179","Asia - East Asia","China","Dabashan Village","Songpan (capital of district)","landslide","Landslide","Upper middle income","0.43","True","unknown","unknown","unknown","unknown","unknown","unknown","unknown","unknown","unknown","unknown","unknown","unknown","unknown","30.5000001","102.4999999","province","https://www.sciencedirect.com/science/article/abs/pii/S2212420919310179 https://disasterdisplacement.org/wp-content/uploads/2021/11/PDD-Planned-Relocation-Asia-2021-screen.pdf"
"42","WPR-210","Asia - Central Asia","Tajikistan","Tagnob","Kondara","flood","Flood","Lower middle income","-0.85","True","2005","post_disaster","gov_topdown","no","no","unknown","unknown","standing_programme","unknown","exposed_or_hit","unknown","worse","failure","37.6555667","69.4909339","place","https://publications.iom.int/system/files/pdf/tajikistan2012envreport_eng.pdf"
"43","WPR-384","Africa - Southern Africa","Mozambique","Unkown","1st Bairro, Chicomo Locality","flood","Flood","Low income","-0.8","True","unknown","post_disaster","unknown","unknown","unknown","unknown","unknown","unknown","unknown","unknown","some","mixed","unknown","-19.302233","34.9144977","country","https://onlinelibrary.wiley.com/doi/10.1111/disa.12003 https://pubmed.ncbi.nlm.nih.gov/23551336/"
"44","WPR-009","Pacific","Fiji","Vunidogoloa","Kenani","flood","Flood","Upper middle income","0.45","True","2014","pre_emptive","community_initiated","no","unknown","secure","unknown","unknown","under_5km","exposed_or_hit","many","worse","mixed","-16.5788332","179.1930927","province","https://pmc.ncbi.nlm.nih.gov/articles/PMC12055693/ https://pmc.ncbi.nlm.nih.gov/articles/PMC8072796 https://www.kth.se/blogs/hist/2020/01/vunidogoloa-what-can-we-learn-from-climate-change-relocation/ https://ebrary.net/36759/geography/focus_vunidogola_relocation https://www.fijivillage.com/news/vunidogoloa-seeks-answers-over-12-year-old-relocation-concerns-6a7ceb/ https://theconversation.com/climate-change-forced-these-fijian-communities-to-move-and-with-80-more-at-risk-heres-what-they-learned-116178"
"45","WPR-075","Asia - South East Asia","Philippines","Tacloban City (multiple)","Hitunlob","cyclone/storm","Storm","Upper middle income","-0.01","True","unknown","post_disaster","unknown","unknown","unknown","unknown","unknown","unknown","unknown","unknown","unknown","unknown","unknown","10.7841157","124.892321","province","https://ideas.repec.org/a/gam/jsusta/v12y2020i8p3474-d349797.html https://www.colorado.edu/lab/gpo/sites/default/files/attached-files/community_outcomes_main_survey_report_october_2018.pdf"
"46","WPR-091","Asia - South East Asia","Philippines","unclear","Indahag","cyclone/storm","Storm","Upper middle income","-0.01","True","2012","post_disaster","ngo_donor_led","no","unknown","secure","unknown","unknown","unknown","unknown","unknown","worse","mixed","8.3785795","124.5171486","place","https://www.sciencedirect.com/science/article/abs/pii/S2212420917303357 https://cagayandeorocityinformationoffice.wordpress.com/2012/02/13/groundbreaking-for-1750-houses-in-indahag/ https://cagayandeorocityinformationoffice.wordpress.com/tag/indahag-relocation-site/ https://www.sunstar.com.ph/more-articles/sendong-survivors-still-struggle-for-stability"
"47","WPR-330","Americas - Central America","Honduras","Choluteca","Nueva Choluteca (two relocation sites - 1 government, one community)","cyclone/storm","Storm","Lower middle income","-0.66","True","1999","post_disaster","ngo_donor_led","no","unknown","unknown","no","emergency_adhoc","5_to_50km","unknown","unknown","unknown","mixed","13.306131","-87.1955618","place","https://anthrosource.onlinelibrary.wiley.com/doi/10.1111/napa.12090 https://mcgill.scholaris.ca/server/api/core/bitstreams/8de8bc8d-019b-4237-ae63-d0168b7eefa6/content"
"48","WPR-377","Africa - West Africa","Senegal","Guédiawaye Department (Wakhinane-Nimzatt)","Rufisque Department (Plan Jaxaay)","flood","Flood","Lower middle income","0.17","True","2010","post_disaster","gov_topdown","partial","unknown","unknown","no","emergency_adhoc","unknown","exposed_or_hit","unknown","unknown","failure","14.7854253","-17.3809671","place","https://www.grdr.org/IMG/pdf/monographie_de_dakar_etude_afd_vf_.pdf https://lesoleil.sn/actualites/environnement/le-maire-de-jaxaay-parcelles-alerte-sur-les-risques-dinondations/ https://www.webinfos.sn/les-inondations-a-dakar-le-plan-jaxaay-revelateur-dincoherences-politiques/ https://www.dakaractu.com/DOCUMENTAIRE-Jaxaay-ou-le-mythe-de-Sisyphe-des-eaux-stagnantes-Quand-la-terre-promise-redevient-le-receptacle_a275401.html"
"49","WPR-231","Americas - South America","Chile","Constitución (La Poza district)","Constitución (multiple districts: Cerro Centinella, Quinta Gaete y Villa Los Verdes), and outside","other","Tsunami","High income","0.93","True","2010","post_disaster","gov_topdown","no","no","unknown","unknown","unknown","unknown","unknown","unknown","unknown","mixed","-35.5972284","-71.48868","province","https://scielo.conicyt.cl/scielo.php?script=sci_arttext&pid=S0718-34022016000200007&lang=en https://revistainvi.uchile.cl/index.php/INVI/article/view/62582"
"50","WPR-361","Americas - Caribbean","Dominican Republic","Matancita (La Playa)","unknown","flood","Coastal flood","Upper middle income","-0.05","True","unknown","unknown","unknown","unknown","unknown","unknown","unknown","unknown","unknown","unknown","unknown","worse","unknown","19.0974031","-70.3028026","country","https://intranet.cedaf.org.do/digital/cambio_climatico.pdf"
"51","WPR-081","Asia - South East Asia","Philippines","Tacloban City (multiple)","Suribao","cyclone/storm","Storm","Upper middle income","-0.01","True","2017","post_disaster","gov_topdown","partial","no","insecure","unknown","unknown","5_to_50km","exposed_or_hit","some","unknown","failure","10.7841157","124.892321","province","https://doi.org/10.3390/su12083474 https://www.colorado.edu/lab/gpo/sites/default/files/attached-files/community_outcomes_main_survey_report_october_2018.pdf"
"52","WPR-036","Pacific","Vanuatu","Lateu","Lirak","flood","Flood","Lower middle income","-0.81","True","2005","pre_emptive","community_initiated","no","yes","unknown","partial","emergency_adhoc","under_5km","none_reported","unknown","unknown","success","-13.2465715","166.6233259","province","https://toda.org/assets/files/resources/policy-briefs/t-pb-132_part-ii-climate-change-population-mobility-and-relocation_campbell.pdf https://news.mongabay.com/2005/12/rising-ocean-causes-permanent-evacuation-of-pacific-island-community/ https://thediplomaticinsight.com/tegua-world-climate-relocation-model/"
"53","WPR-348","Americas - Central America","Mexico","Mérida (South)","Mérida","flood","Flood","Upper middle income","-0.09","True","unknown","unknown","unknown","unknown","unknown","unknown","unknown","unknown","unknown","unknown","unknown","unknown","unknown","20.6845957","-88.8755669","province","https://www.ucl.ac.uk/bartlett/development/sites/bartlett/files/diagnostic_flacso_english_spanish_v2.pdf https://www.ucl.ac.uk/bartlett/sites/bartlett/files/wp4_closure_rep_flacso_esp.pdf"
"54","WPR-219","Americas - South America","Bolivia","La Paz","El Alto (Cristal I, Cristal II, Palermo)","cyclone/storm","Storm","Lower middle income","-0.4","True","2002","post_disaster","gov_topdown","partial","no","secure","unknown","unknown","5_to_50km","none_reported","many","worse","failure","-16.4955455","-68.1336229","place","https://journals.openedition.org/bifea/2482 https://doi.org/10.4000/bifea.2482"
"55","WPR-072","Asia - South East Asia","Philippines","Tacloban City","Ulot","cyclone/storm","Storm","Upper middle income","-0.01","True","2017","post_disaster","ngo_donor_led","no","no","insecure","unknown","unknown","5_to_50km","none_reported","unknown","unknown","mixed","11.2275065","125.0274758","place","https://doi.org/10.3390/su12083474 https://www.colorado.edu/lab/gpo/sites/default/files/attached-files/community_outcomes_main_survey_report_october_2018.pdf"
"56","WPR-164","Asia - South Asia","Sri Lanka","Labeemwatta","4-6 k","other","Tsunami","Upper middle income","-0.42","True","unknown","post_disaster","unknown","unknown","unknown","unknown","unknown","unknown","unknown","unknown","unknown","unknown","unknown","5.9460112","80.4584816","province","https://sparc.cmb.ac.lk/wp-content/uploads/2018/03/Prof.-Siri-Hettige-Community-level-indicators-of-long-term-disaster-recovery.pdf https://doi.org/10.1016/j.proeng.2018.01.166"
"57","WPR-032","Pacific","Solomon Islands","Mondo Village","Keigold Site","other","Tsunami","Lower middle income","-0.92","True","2007","post_disaster","community_initiated","unknown","yes","unknown","unknown","unknown","unknown","unknown","unknown","unknown","success","-8.7053941","159.1070694","country","https://www.tandfonline.com/doi/full/10.1080/13549839.2017.1420640 https://www.rnz.co.nz/international/pacific-news/185236/relocated-village-in-solomon-islands-gets-new-lactrines"
"58","WPR-080","Asia - South East Asia","Philippines","Tacloban City (multiple)","Sambawan","cyclone/storm","Storm","Upper middle income","-0.01","True","2015","post_disaster","ngo_donor_led","no","no","insecure","unknown","unknown","5_to_50km","exposed_or_hit","unknown","mixed","success","10.7841157","124.892321","province","https://doi.org/10.3390/su12083474 https://www.colorado.edu/lab/gpo/sites/default/files/attached-files/community_outcomes_main_survey_report_october_2018.pdf"
"59","WPR-060","Asia - South East Asia","Indonesia","Sijeruk","unknown","landslide","Landslide","Upper middle income","0.36","True","2004","post_disaster","unknown","unknown","unknown","unknown","no","unknown","unknown","exposed_or_hit","unknown","unknown","failure","-6.9295528","109.548553","place","https://iopscience.iop.org/article/10.1088/1757-899X/771/1/012054"
"60","WPR-165","Asia - South Asia","Sri Lanka","Loardstar village","7-13k","other","Tsunami","Upper middle income","-0.42","True","unknown","post_disaster","unknown","unknown","unknown","unknown","unknown","unknown","5_to_50km","unknown","unknown","unknown","unknown","5.9460112","80.4584816","province","https://sparc.cmb.ac.lk/wp-content/uploads/2018/03/Prof.-Siri-Hettige-Community-level-indicators-of-long-term-disaster-recovery.pdf https://doi.org/10.1016/j.proeng.2018.01.166"
"61","WPR-134","Asia - South Asia","India","Samatnthanpettai","0.3 km","other","Tsunami","Lower middle income","0.44","True","2005","post_disaster","ngo_donor_led","no","unknown","unknown","unknown","unknown","under_5km","unknown","unknown","maintained_or_improved","unknown","10.3885963","79.8487509","province","https://onlinelibrary.wiley.com/doi/10.1111/disa.12113 https://www.ipsnews.net/2005/12/tsunami-impact-mixed-blessing-for-most-marginalised/"
"62","WPR-339","Americas - Central America","Mexico","Angangueo","Las Mesas (Barrio Sustentable Monarca)","flood","Flood","Upper middle income","-0.09","True","2010","post_disaster","gov_topdown","no","no","unknown","partial","standing_programme","under_5km","exposed_or_hit","unknown","worse","failure","19.6281736","-100.3008116","place","http://www.scielo.org.mx/scielo.php?script=sci_arttext&pid=S0188-77422016000100053&lng=es&tlng=es"
"63","WPR-292","Americas - North America","United States of America","Kivalina","At first Kiniktuuraq; now unclear","other","Coastal erosion","High income","1.39","True","1992","pre_emptive","community_initiated","no","partial","unknown","yes","unknown","unknown","unknown","unknown","unknown","failure","67.7278764","-164.540719","place","https://www.gao.gov/products/gao-09-551 https://toolkit.climate.gov/case-study/relocating-village-kivalina-alaska-due-coastal-erosion https://www.poa.usace.army.mil/Portals/34/docs/civilworks/reports/KivalinaMasterPlanMainReportJune2006.pdf https://www.commerce.alaska.gov/web/Portals/4/pub/Kivalina_Consensus_Building_Project_Final_Report_July_2010.pdf"
"64","WPR-313","Americas - North America","United States of America","Taholah","higher land (1/2 mile away)","sea-level rise","Sea level rise","High income","1.39","True","2011","pre_emptive","gov_community_joint","partial","partial","secure","yes","mixed","under_5km","none_reported","unknown","unknown","unknown","47.326252","-124.2670459","place","https://wacoastalnetwork.com/taholah-village-case-study/ https://www.wunc.org/2024-02-12/quinault-indian-nation-hits-milestone-in-effort-to-move-village-uphill-to-safety http://www.quinaultindiannation.com/planning/FINAL_Taholah_Relocation_Plan.pdf"
