"lat","lon","fp","gsw_any","gsw_int"
"-29.61","30.7535","within_250m","0","0"
"-29.8415","30.8274","within_1km","0","0"
"-29.6395","30.8402","within_1km","0","0"
"-29.5761","30.9519","within_1km","0","0"
"-30.0433","30.8877","within_250m","0","0"
"-29.6814","31.0896","within_1km","0","0"
"-29.8739","30.9505","within_250m","0","0"
"-29.6222","30.8781","within_1km","0","0"
"-29.9018","30.7903","within_1km","0","0"
"-29.6506","30.8184","within_1km","0","0"
"-29.9653","30.9066","within_250m","0","0"
"-29.8969","30.9696","within_1km","0","0"
"-29.9987","30.8811","within_1km","0","0"
"-29.6024","31.1329","within_1km","0","0"
"-29.7369","30.7745","within_1km","0","0"
"-29.9276","30.8117","within_1km","0","0"
"-29.6234","30.8228","within_250m","0","0"
"-29.6654","31.0233","inside","0","0"
"-30.0416","30.8334","within_250m","0","0"
"-29.7695","30.8526","within_250m","0","0"
"-29.5713","30.7536","within_250m","0","0"
"-29.921","30.8301","within_250m","0","0"
"-29.6233","30.9821","within_1km","0","0"
"-29.6596","30.795","within_1km","0","0"
"-29.6303","30.7602","within_250m","0","0"
"-29.6064","30.8588","beyond_1km","0","0"
"-29.7453","30.7725","within_1km","0","0"
"-29.6081","31.1059","within_1km","0","0"
"-29.9386","30.8664","within_250m","0","0"
"-29.8165","30.7957","within_1km","0","0"
"-29.8841","30.7962","within_1km","0","0"
"-29.9729","30.8852","within_1km","0","0"
"-29.6348","30.7699","within_250m","0","0"
"-29.7542","30.7874","within_1km","0","0"
"-29.6097","31.0465","within_250m","0","0"
"-29.553","30.7684","beyond_1km","0","0"
"-29.9098","30.803","within_250m","0","0"
"-29.9025","30.9488","within_250m","0","0"
"-29.7699","30.9087","beyond_1km","0","0"
"-29.7505","30.9729","within_250m","0","0"
"-29.5762","31.0185","within_1km","0","0"
"-29.6737","30.9726","within_250m","0","0"
"-29.5709","30.9505","beyond_1km","0","0"
"-29.7097","30.7619","within_1km","0","0"
"-29.9622","30.807","within_1km","0","0"
"-29.6022","30.8207","beyond_1km","0","0"
"-30.0448","30.7996","within_1km","0","0"
"-29.8567","31.0057","beyond_1km","0","0"
"-29.6403","31.0839","within_250m","0","0"
"-29.7723","31.0531","beyond_1km","0","0"
"-29.9077","30.9889","within_250m","0","0"
"-29.8547","30.8137","within_1km","0","0"
"-29.8796","30.9552","within_250m","0","0"
"-29.569","31.1172","within_250m","0","0"
"-29.8732","30.8525","within_250m","0","0"
"-29.7399","30.9034","within_250m","0","0"
"-29.7338","30.933","within_250m","0","0"
"-29.6417","30.9622","within_250m","0","0"
"-29.6269","31.0239","within_1km","0","0"
"-29.6622","31.0928","within_1km","0","0"
"-29.722","31.0014","within_1km","0","0"
"-29.9651","30.7875","within_250m","0","0"
"-29.7438","30.8944","within_1km","0","0"
"-29.9946","30.7644","within_250m","0","0"
"-29.6393","31.0522","inside","0","0"
"-29.7056","30.765","within_1km","0","0"
"-29.5738","30.853","beyond_1km","0","0"
"-29.6555","31.0058","beyond_1km","0","0"
"-29.7717","31.0008","within_250m","0","0"
"-29.5751","30.9793","within_1km","0","0"
"-30.0466","30.8947","within_1km","0","0"
"-30.041","30.7599","beyond_1km","0","0"
"-29.5943","30.99","within_1km","0","0"
"-29.8582","30.8136","within_1km","0","0"
"-29.6625","31.0703","within_1km","0","0"
"-29.6645","31.0753","within_250m","0","0"
"-29.6987","30.9886","within_1km","0","0"
"-29.732","30.7744","within_250m","0","0"
"-29.6291","31.0735","within_1km","0","0"
"-29.6838","30.7996","within_250m","0","0"
"-30.0421","30.8044","within_250m","0","0"
"-29.8998","30.7616","within_1km","0","0"
"-29.7107","30.9886","within_1km","0","0"
"-29.7826","30.8131","within_250m","0","0"
"-29.6716","30.755","beyond_1km","0","0"
"-29.7238","31.015","within_1km","0","0"
"-29.7029","30.7837","within_250m","0","0"
"-29.767","30.9919","within_250m","0","0"
"-29.622","30.8046","beyond_1km","0","0"
"-29.6147","30.9141","within_1km","0","0"
"-29.9585","30.7911","within_250m","0","0"
"-29.6163","30.7867","within_250m","0","0"
"-29.7652","30.849","within_250m","0","0"
"-29.6207","30.8459","beyond_1km","0","0"
"-29.716","30.8209","within_1km","0","0"
"-29.5779","31.1395","within_1km","0","0"
"-29.7293","30.761","within_250m","0","0"
"-29.7649","31.0283","within_1km","0","0"
"-29.687","31.0206","within_1km","0","0"
"-29.5627","31.0116","beyond_1km","0","0"
"-29.9775","30.7715","within_250m","0","0"
"-29.5722","30.9119","beyond_1km","0","0"
"-29.6481","30.8487","beyond_1km","0","0"
"-29.5786","31.1291","within_250m","0","0"
"-29.8985","30.9456","within_250m","0","0"
"-29.6888","31.01","within_1km","0","0"
"-29.8452","30.7889","within_1km","0","0"
"-29.8157","31.0273","inside","0","0"
"-29.8587","30.8771","within_1km","0","0"
"-29.556","30.8377","beyond_1km","0","0"
"-29.8248","30.9669","within_250m","0","0"
"-29.7113","30.8152","within_1km","0","0"
"-30.0397","30.7919","within_1km","0","0"
"-29.581","31.0252","within_250m","0","0"
"-29.5794","30.9664","within_1km","0","0"
"-29.7432","30.9957","within_1km","0","0"
"-29.9391","30.9657","within_1km","0","0"
"-29.965","30.8811","within_1km","0","0"
"-29.5887","30.8168","beyond_1km","0","0"
"-29.8774","30.8109","within_250m","0","0"
"-29.9069","30.7803","within_1km","0","0"
"-30.0132","30.763","within_250m","0","0"
"-29.9448","30.8714","within_1km","0","0"
"-29.7483","30.9154","within_1km","0","0"
"-29.6862","31.0063","within_1km","0","0"
"-29.9599","30.9304","within_1km","0","0"
"-29.5865","30.8293","beyond_1km","0","0"
"-29.7744","30.7637","within_1km","0","0"
"-29.759","30.772","within_250m","0","0"
"-29.613","30.8692","within_1km","0","0"
"-29.6029","31.0037","within_1km","0","0"
"-29.8035","30.8637","within_250m","0","0"
"-29.6125","31.0252","within_1km","0","0"
"-29.6441","30.9616","within_1km","0","0"
"-29.9762","30.9386","within_1km","0","0"
"-29.9301","30.8088","within_1km","0","0"
"-29.7494","30.8583","within_1km","0","0"
"-29.9443","30.9171","within_1km","0","0"
"-29.754","30.8377","within_1km","0","0"
"-29.7695","30.8634","within_1km","0","0"
"-29.6892","30.8061","inside","0","0"
"-30.0242","30.8721","within_250m","0","0"
"-29.668","30.8257","within_250m","0","0"
"-29.7793","30.9198","within_1km","0","0"
"-29.5532","31.0683","within_250m","0","0"
"-29.6284","31.0153","within_250m","0","0"
"-29.9924","30.7712","within_1km","0","0"
"-29.5963","31.1194","within_1km","0","0"
"-29.7594","31.0409","within_1km","0","0"
"-29.7771","30.9336","within_1km","0","0"
"-29.8506","30.8295","within_1km","0","0"
"-29.8365","30.9943","beyond_1km","0","0"
"-29.5936","30.8911","beyond_1km","0","0"
"-30.0388","30.762","beyond_1km","0","0"
"-29.7319","31.0323","within_1km","0","0"
"-29.8307","30.8703","inside","0","0"
"-29.6286","31.0237","within_250m","0","0"
"-29.6853","31.0647","within_250m","0","0"
"-29.9336","30.8853","within_1km","0","0"
"-29.9181","30.8798","within_1km","0","0"
"-29.7459","30.8341","within_1km","0","0"
"-29.8377","30.872","within_250m","0","0"
"-29.6548","31.0836","within_1km","0","0"
"-29.794","31.0273","beyond_1km","0","0"
"-30.048","30.8254","within_1km","0","0"
"-29.9702","30.8049","within_250m","0","0"
"-30.0344","30.8595","within_1km","0","0"
"-29.8076","30.8622","within_1km","0","0"
"-29.6078","30.7551","within_1km","0","0"
"-29.6387","30.9616","within_250m","0","0"
"-29.8288","30.8477","within_1km","0","0"
"-29.6669","30.8747","within_250m","0","0"
"-30.0012","30.9187","within_1km","0","0"
"-29.8415","30.934","within_250m","0","0"
"-29.6556","30.8099","inside","0","0"
"-29.7099","30.9663","within_1km","0","0"
"-29.8577","30.9342","inside","0","0"
"-29.7317","30.8455","within_250m","0","0"
"-29.6166","31.1079","within_1km","0","0"
"-29.8596","30.8635","within_1km","0","0"
"-29.83","30.9882","beyond_1km","0","0"
"-29.5633","31.0162","beyond_1km","0","0"
"-29.915","30.8252","within_1km","0","0"
"-29.6216","31.0811","within_1km","0","0"
"-29.6593","31.1021","within_1km","0","0"
"-29.8628","30.9798","within_1km","0","0"
"-29.5671","30.9835","beyond_1km","0","0"
"-29.7188","30.9691","within_250m","0","0"
"-29.6183","31.0845","within_1km","0","0"
"-29.6347","31.0631","within_1km","0","0"
"-29.6141","30.9508","within_1km","0","0"
"-29.6005","31.1181","within_1km","0","0"
"-29.8139","31.0165","within_1km","0","0"
"-29.9505","30.8529","within_250m","0","0"
"-29.8041","31.0322","within_1km","0","0"
"-29.9184","30.861","within_1km","0","0"
"-29.9389","30.9211","inside","0","0"
"-29.6018","30.8429","beyond_1km","0","0"
"-29.6061","30.9158","beyond_1km","0","0"
"-29.562","30.9651","beyond_1km","0","0"
"-29.9694","30.7922","within_250m","0","0"
"-29.7312","31.0706","within_1km","0","0"
"-29.6321","30.9149","within_250m","0","0"
"-29.8944","30.8208","beyond_1km","0","0"
"-29.8576","30.912","within_1km","0","0"
"-29.795","30.8742","within_250m","0","0"
"-29.9045","30.8165","within_1km","0","0"
"-29.9306","30.8183","within_250m","0","0"
"-29.8198","30.9478","within_1km","0","0"
"-29.6711","30.8162","within_250m","0","0"
"-29.8074","30.8284","within_250m","0","0"
"-30.0381","30.8459","within_1km","0","0"
"-29.6607","31.0895","within_1km","0","0"
"-29.6436","31.0145","within_1km","0","0"
"-29.5923","31.0303","inside","0","0"
"-29.707","31.0724","within_250m","0","0"
"-29.6152","31.0904","within_1km","0","0"
"-29.8578","30.768","within_1km","0","0"
"-29.6009","30.7622","within_1km","0","0"
"-29.7275","30.8072","within_250m","0","0"
"-30.0281","30.7987","beyond_1km","0","0"
"-29.5853","30.935","beyond_1km","0","0"
"-29.8955","30.981","within_250m","0","0"
"-29.8524","31.0033","beyond_1km","0","0"
"-29.9644","30.9441","within_250m","0","0"
"-29.9016","30.9052","within_1km","0","0"
"-29.6874","30.7513","beyond_1km","0","0"
"-29.8689","30.7922","within_1km","0","0"
"-29.7215","30.9757","within_250m","0","0"
"-29.7474","30.842","within_250m","0","0"
"-29.8187","30.778","within_1km","0","0"
"-29.7095","30.8777","within_1km","0","0"
"-29.7467","30.9961","within_250m","0","0"
"-29.9545","30.856","within_250m","0","0"
"-29.6204","31.0053","inside","0","0"
"-29.6132","31.0571","within_250m","0","0"
"-30.0336","30.8825","within_250m","0","0"
"-29.5503","31.0025","beyond_1km","0","0"
"-29.7288","30.8225","within_1km","0","0"
"-29.6813","30.8943","within_1km","0","0"
"-29.8692","30.8313","within_1km","0","0"
"-29.5619","30.9928","beyond_1km","0","0"
"-29.61","30.7767","within_1km","0","0"
"-29.5873","30.7688","within_1km","0","0"
"-29.9381","30.8254","within_1km","0","0"
"-29.5686","30.9052","beyond_1km","0","0"
"-29.9266","30.7806","within_250m","0","0"
"-29.6055","30.7847","inside","0","0"
"-29.8048","30.9304","beyond_1km","0","0"
"-29.9341","30.9579","within_1km","0","0"
"-29.6803","30.8803","within_250m","0","0"
"-29.7532","30.9548","within_1km","0","0"
"-29.8362","30.939","within_1km","0","0"
"-29.9578","30.8781","within_1km","0","0"
"-29.5711","30.9113","beyond_1km","0","0"
"-29.8875","30.9772","within_1km","0","0"
"-29.9056","30.8509","within_250m","0","0"
"-29.6708","30.9285","within_1km","0","0"
"-29.5571","31.0807","within_1km","0","0"
"-29.9002","30.8285","within_1km","0","0"
"-29.7159","30.8493","beyond_1km","0","0"
"-29.6982","30.9763","within_1km","0","0"
"-29.6148","31.1142","within_1km","0","0"
"-29.5643","31.0582","within_1km","0","0"
"-29.6083","31.0102","within_1km","0","0"
"-29.8135","30.9153","within_1km","0","0"
"-29.7403","31.0505","beyond_1km","0","0"
"-29.6273","30.9738","within_1km","0","0"
"-29.6561","31.0047","beyond_1km","0","0"
"-29.8858","30.7677","within_1km","0","0"
"-29.8174","30.9121","within_250m","0","0"
"-29.5622","31.108","within_250m","0","0"
"-30.037","30.8975","within_1km","0","0"
"-29.8971","30.8882","within_1km","0","0"
"-29.6459","31.0947","inside","0","0"
"-29.9598","30.9636","inside","0","0"
"-29.8251","30.7689","within_1km","0","0"
"-29.8341","30.9717","within_1km","0","0"
"-29.7076","31.0053","within_1km","0","0"
"-29.5634","30.979","beyond_1km","0","0"
"-29.6298","30.9853","beyond_1km","0","0"
"-29.8746","30.7935","within_250m","0","0"
"-29.9574","30.76","within_1km","0","0"
"-29.6609","31.0122","within_1km","0","0"
"-29.8273","30.9765","within_1km","0","0"
"-29.7378","31.0193","within_1km","0","0"
"-29.75","30.801","within_1km","0","0"
"-29.7475","31.0531","beyond_1km","0","0"
"-29.7645","30.9381","within_1km","0","0"
"-29.553","30.8098","beyond_1km","0","0"
"-29.8368","30.9404","within_250m","0","0"
"-29.9511","30.8232","inside","0","0"
"-30.0226","30.9251","beyond_1km","0","0"
"-30.0411","30.8289","within_250m","0","0"
"-29.6703","31.0286","within_250m","0","0"
"-29.5663","30.9299","beyond_1km","0","0"
"-29.9391","30.8981","inside","0","0"
"-29.8866","30.9711","within_1km","0","0"
"-29.5595","31.0206","beyond_1km","0","0"
"-29.6723","30.971","within_250m","0","0"
