"iso3","country","region","income_group","gov_effectiveness_wgi","wgi_year"
"ABW","Aruba","Latin America & Caribbean ","High income","0.9","2022"
"AFG","Afghanistan","Middle East, North Africa, Afghanistan & Pakistan","Low income","-1.99","2022"
"AGO","Angola","Sub-Saharan Africa ","Lower middle income","-0.78","2022"
"ALB","Albania","Europe & Central Asia","Upper middle income","0.19","2022"
"AND","Andorra","Europe & Central Asia","High income","1.12","2022"
"ARE","United Arab Emirates","Middle East, North Africa, Afghanistan & Pakistan","High income","0.98","2022"
"ARG","Argentina","Latin America & Caribbean ","Upper middle income","0.12","2022"
"ARM","Armenia","Europe & Central Asia","Upper middle income","-0.32","2022"
"ASM","American Samoa","East Asia & Pacific","High income","0.75","2022"
"ATG","Antigua and Barbuda","Latin America & Caribbean ","High income","-0.08","2022"
"AUS","Australia","East Asia & Pacific","High income","1.71","2022"
"AUT","Austria","Europe & Central Asia","High income","1.64","2022"
"AZE","Azerbaijan","Europe & Central Asia","Upper middle income","-0.15","2022"
"BDI","Burundi","Sub-Saharan Africa ","Low income","-1.3","2022"
"BEL","Belgium","Europe & Central Asia","High income","1.39","2022"
"BEN","Benin","Sub-Saharan Africa ","Lower middle income","-0.21","2022"
"BFA","Burkina Faso","Sub-Saharan Africa ","Low income","-0.83","2022"
"BGD","Bangladesh","South Asia","Lower middle income","-0.47","2022"
"BGR","Bulgaria","Europe & Central Asia","High income","0.03","2022"
"BHR","Bahrain","Middle East, North Africa, Afghanistan & Pakistan","High income","0.42","2022"
"BHS","Bahamas, The","Latin America & Caribbean ","High income","0.65","2022"
"BIH","Bosnia and Herzegovina","Europe & Central Asia","Upper middle income","-0.68","2022"
"BLR","Belarus","Europe & Central Asia","Upper middle income","-0.71","2022"
"BLZ","Belize","Latin America & Caribbean ","Upper middle income","-0.25","2022"
"BMU","Bermuda","North America","High income","1.2","2022"
"BOL","Bolivia","Latin America & Caribbean ","Lower middle income","-0.4","2022"
"BRA","Brazil","Latin America & Caribbean ","Upper middle income","-0.2","2022"
"BRB","Barbados","Latin America & Caribbean ","High income","0.57","2022"
"BRN","Brunei Darussalam","East Asia & Pacific","High income","0.99","2022"
"BTN","Bhutan","South Asia","Lower middle income","0.56","2022"
"BWA","Botswana","Sub-Saharan Africa ","Upper middle income","0.46","2022"
"CAF","Central African Republic","Sub-Saharan Africa ","Low income","-1.66","2022"
"CAN","Canada","North America","High income","1.76","2022"
"CHE","Switzerland","Europe & Central Asia","High income","2.01","2022"
"CHI","Channel Islands","Europe & Central Asia","High income","",""
"CHL","Chile","Latin America & Caribbean ","High income","0.93","2022"
"CHN","China","East Asia & Pacific","Upper middle income","0.43","2022"
"CIV","Cote d'Ivoire","Sub-Saharan Africa ","Lower middle income","-0.36","2022"
"CMR","Cameroon","Sub-Saharan Africa ","Lower middle income","-0.81","2022"
"COD","Congo, Dem. Rep.","Sub-Saharan Africa ","Low income","-1.78","2022"
"COG","Congo, Rep.","Sub-Saharan Africa ","Lower middle income","-1.18","2022"
"COL","Colombia","Latin America & Caribbean ","Upper middle income","0.02","2022"
"COM","Comoros","Sub-Saharan Africa ","Lower middle income","-1.29","2022"
"CPV","Cabo Verde","Sub-Saharan Africa ","Upper middle income","0.37","2022"
"CRI","Costa Rica","Latin America & Caribbean ","High income","0.22","2022"
"CUB","Cuba","Latin America & Caribbean ","Upper middle income","-0.11","2022"
"CUW","Curacao","Latin America & Caribbean ","High income","",""
"CYM","Cayman Islands","Latin America & Caribbean ","High income","1.06","2022"
"CYP","Cyprus","Europe & Central Asia","High income","0.85","2022"
"CZE","Czechia","Europe & Central Asia","High income","1.14","2022"
"DEU","Germany","Europe & Central Asia","High income","1.71","2022"
"DJI","Djibouti","Middle East, North Africa, Afghanistan & Pakistan","Lower middle income","-0.62","2022"
"DMA","Dominica","Latin America & Caribbean ","Upper middle income","0","2022"
"DNK","Denmark","Europe & Central Asia","High income","2.06","2022"
"DOM","Dominican Republic","Latin America & Caribbean ","Upper middle income","-0.05","2022"
"DZA","Algeria","Middle East, North Africa, Afghanistan & Pakistan","Upper middle income","-0.33","2022"
"ECU","Ecuador","Latin America & Caribbean ","Upper middle income","0.02","2022"
"EGY","Egypt, Arab Rep.","Middle East, North Africa, Afghanistan & Pakistan","Lower middle income","-0.17","2022"
"ERI","Eritrea","Sub-Saharan Africa ","Low income","-1.4","2022"
"ESP","Spain","Europe & Central Asia","High income","1.14","2022"
"EST","Estonia","Europe & Central Asia","High income","1.35","2022"
"ETH","Ethiopia","Sub-Saharan Africa ","Low income","-0.69","2022"
"FIN","Finland","Europe & Central Asia","High income","1.91","2022"
"FJI","Fiji","East Asia & Pacific","Upper middle income","0.45","2022"
"FRA","France","Europe & Central Asia","High income","1.39","2022"
"FRO","Faroe Islands","Europe & Central Asia","High income","",""
"FSM","Micronesia, Fed. Sts.","East Asia & Pacific","Upper middle income","-0.13","2022"
"GAB","Gabon","Sub-Saharan Africa ","Upper middle income","-0.67","2022"
"GBR","United Kingdom","Europe & Central Asia","High income","1.27","2022"
"GEO","Georgia","Europe & Central Asia","Upper middle income","0.33","2022"
"GHA","Ghana","Sub-Saharan Africa ","Lower middle income","-0.02","2022"
"GIB","Gibraltar","Europe & Central Asia","High income","",""
"GIN","Guinea","Sub-Saharan Africa ","Lower middle income","-0.95","2022"
"GMB","Gambia, The","Sub-Saharan Africa ","Low income","-0.41","2022"
"GNB","Guinea-Bissau","Sub-Saharan Africa ","Low income","-1.59","2022"
"GNQ","Equatorial Guinea","Sub-Saharan Africa ","Upper middle income","-1.26","2022"
"GRC","Greece","Europe & Central Asia","High income","0.64","2022"
"GRD","Grenada","Latin America & Caribbean ","Upper middle income","-0.06","2022"
"GRL","Greenland","Europe & Central Asia","High income","0.65","2022"
"GTM","Guatemala","Latin America & Caribbean ","Upper middle income","-0.78","2022"
"GUM","Guam","East Asia & Pacific","High income","0.95","2022"
"GUY","Guyana","Latin America & Caribbean ","High income","-0.03","2022"
"HKG","Hong Kong SAR, China","East Asia & Pacific","High income","1.34","2022"
"HND","Honduras","Latin America & Caribbean ","Lower middle income","-0.66","2022"
"HRV","Croatia","Europe & Central Asia","High income","0.68","2022"
"HTI","Haiti","Latin America & Caribbean ","Lower middle income","-1.99","2022"
"HUN","Hungary","Europe & Central Asia","High income","0.65","2022"
"IDN","Indonesia","East Asia & Pacific","Upper middle income","0.36","2022"
"IMN","Isle of Man","Europe & Central Asia","High income","",""
"IND","India","South Asia","Lower middle income","0.44","2022"
"IRL","Ireland","Europe & Central Asia","High income","1.66","2022"
"IRN","Iran, Islamic Rep.","Middle East, North Africa, Afghanistan & Pakistan","Upper middle income","-0.73","2022"
"IRQ","Iraq","Middle East, North Africa, Afghanistan & Pakistan","Upper middle income","-1.36","2022"
"ISL","Iceland","Europe & Central Asia","High income","1.6","2022"
"ISR","Israel","Middle East, North Africa, Afghanistan & Pakistan","High income","1.43","2022"
"ITA","Italy","Europe & Central Asia","High income","0.8","2022"
"JAM","Jamaica","Latin America & Caribbean ","Upper middle income","0.2","2022"
"JOR","Jordan","Middle East, North Africa, Afghanistan & Pakistan","Upper middle income","-0.03","2022"
"JPN","Japan","East Asia & Pacific","High income","2.05","2022"
"KAZ","Kazakhstan","Europe & Central Asia","Upper middle income","0.09","2022"
"KEN","Kenya","Sub-Saharan Africa ","Lower middle income","-0.23","2022"
"KGZ","Kyrgyz Republic","Europe & Central Asia","Lower middle income","-1.07","2022"
"KHM","Cambodia","East Asia & Pacific","Lower middle income","-0.51","2022"
"KIR","Kiribati","East Asia & Pacific","Lower middle income","-0.28","2022"
"KNA","St. Kitts and Nevis","Latin America & Caribbean ","High income","0.69","2022"
"KOR","Korea, Rep.","East Asia & Pacific","High income","1.47","2022"
"KWT","Kuwait","Middle East, North Africa, Afghanistan & Pakistan","High income","0.25","2022"
"LAO","Lao PDR","East Asia & Pacific","Lower middle income","-0.75","2022"
"LBN","Lebanon","Middle East, North Africa, Afghanistan & Pakistan","Lower middle income","-1.07","2022"
"LBR","Liberia","Sub-Saharan Africa ","Low income","-1.27","2022"
"LBY","Libya","Middle East, North Africa, Afghanistan & Pakistan","Upper middle income","-1.65","2022"
"LCA","St. Lucia","Latin America & Caribbean ","Upper middle income","0.2","2022"
"LIE","Liechtenstein","Europe & Central Asia","High income","1.47","2022"
"LKA","Sri Lanka","South Asia","Upper middle income","-0.42","2022"
"LSO","Lesotho","Sub-Saharan Africa ","Lower middle income","-0.68","2022"
"LTU","Lithuania","Europe & Central Asia","High income","0.95","2022"
"LUX","Luxembourg","Europe & Central Asia","High income","1.92","2022"
"LVA","Latvia","Europe & Central Asia","High income","0.77","2022"
"MAC","Macao SAR, China","East Asia & Pacific","High income","0.97","2022"
"MAF","St. Martin (French part)","Latin America & Caribbean ","High income","",""
"MAR","Morocco","Middle East, North Africa, Afghanistan & Pakistan","Lower middle income","-0.05","2022"
"MCO","Monaco","Europe & Central Asia","High income","1.72","2022"
"MDA","Moldova","Europe & Central Asia","Upper middle income","-0.12","2022"
"MDG","Madagascar","Sub-Saharan Africa ","Low income","-0.89","2022"
"MDV","Maldives","South Asia","Upper middle income","-0.24","2022"
"MEX","Mexico","Latin America & Caribbean ","Upper middle income","-0.09","2022"
"MHL","Marshall Islands","East Asia & Pacific","Upper middle income","-0.2","2022"
"MKD","North Macedonia","Europe & Central Asia","Upper middle income","0.07","2022"
"MLI","Mali","Sub-Saharan Africa ","Low income","-1.27","2022"
"MLT","Malta","Middle East, North Africa, Afghanistan & Pakistan","High income","0.95","2022"
"MMR","Myanmar","East Asia & Pacific","Lower middle income","-1.71","2022"
"MNE","Montenegro","Europe & Central Asia","Upper middle income","0.15","2022"
"MNG","Mongolia","East Asia & Pacific","Upper middle income","-0.25","2022"
"MNP","Northern Mariana Islands","East Asia & Pacific","High income","",""
"MOZ","Mozambique","Sub-Saharan Africa ","Low income","-0.8","2022"
"MRT","Mauritania","Sub-Saharan Africa ","Lower middle income","-0.86","2022"
"MUS","Mauritius","Sub-Saharan Africa ","Upper middle income","0.84","2022"
"MWI","Malawi","Sub-Saharan Africa ","Low income","-0.69","2022"
"MYS","Malaysia","East Asia & Pacific","Upper middle income","0.82","2022"
"NAM","Namibia","Sub-Saharan Africa ","Lower middle income","0.12","2022"
"NCL","New Caledonia","East Asia & Pacific","High income","",""
"NER","Niger","Sub-Saharan Africa ","Low income","-0.7","2022"
"NGA","Nigeria","Sub-Saharan Africa ","Lower middle income","-0.97","2022"
"NIC","Nicaragua","Latin America & Caribbean ","Lower middle income","-0.96","2022"
"NLD","Netherlands","Europe & Central Asia","High income","1.8","2022"
"NOR","Norway","Europe & Central Asia","High income","1.82","2022"
"NPL","Nepal","South Asia","Lower middle income","-0.83","2022"
"NRU","Naoero","East Asia & Pacific","High income","-0.08","2022"
"NZL","New Zealand","East Asia & Pacific","High income","1.71","2022"
"OMN","Oman","Middle East, North Africa, Afghanistan & Pakistan","High income","0.27","2022"
"PAK","Pakistan","Middle East, North Africa, Afghanistan & Pakistan","Lower middle income","-0.6","2022"
"PAN","Panama","Latin America & Caribbean ","High income","0.19","2022"
"PER","Peru","Latin America & Caribbean ","Upper middle income","-0.01","2022"
"PHL","Philippines","East Asia & Pacific","Upper middle income","-0.01","2022"
"PLW","Palau","East Asia & Pacific","High income","-0.08","2022"
"PNG","Papua New Guinea","East Asia & Pacific","Lower middle income","-0.95","2022"
"POL","Poland","Europe & Central Asia","High income","0.55","2022"
"PRI","Puerto Rico (US)","Latin America & Caribbean ","High income","-0.63","2022"
"PRK","Korea, Dem. People's Rep.","East Asia & Pacific","Low income","-1.38","2022"
"PRT","Portugal","Europe & Central Asia","High income","1.03","2022"
"PRY","Paraguay","Latin America & Caribbean ","Upper middle income","-0.38","2022"
"PSE","West Bank and Gaza","Middle East, North Africa, Afghanistan & Pakistan","Lower middle income","-0.98","2022"
"PYF","French Polynesia","East Asia & Pacific","High income","",""
"QAT","Qatar","Middle East, North Africa, Afghanistan & Pakistan","High income","1.05","2022"
"ROU","Romania","Europe & Central Asia","High income","0.27","2022"
"RUS","Russian Federation","Europe & Central Asia","High income","-0.26","2022"
"RWA","Rwanda","Sub-Saharan Africa ","Low income","0.26","2022"
"SAU","Saudi Arabia","Middle East, North Africa, Afghanistan & Pakistan","High income","0.43","2022"
"SDN","Sudan","Sub-Saharan Africa ","Low income","-1.61","2022"
"SEN","Senegal","Sub-Saharan Africa ","Lower middle income","0.17","2022"
"SGP","Singapore","East Asia & Pacific","High income","2.08","2022"
"SLB","Solomon Islands","East Asia & Pacific","Lower middle income","-0.92","2022"
"SLE","Sierra Leone","Sub-Saharan Africa ","Low income","-0.96","2022"
"SLV","El Salvador","Latin America & Caribbean ","Upper middle income","-0.46","2022"
"SMR","San Marino","Europe & Central Asia","High income","1.12","2022"
"SOM","Somalia, Fed. Rep.","Sub-Saharan Africa ","Low income","-2.02","2022"
"SRB","Serbia","Europe & Central Asia","Upper middle income","0.19","2022"
"SSD","South Sudan","Sub-Saharan Africa ","Low income","-2.29","2022"
"STP","Sao Tome and Principe","Sub-Saharan Africa ","Lower middle income","-0.67","2022"
"SUR","Suriname","Latin America & Caribbean ","Upper middle income","-0.2","2022"
"SVK","Slovak Republic","Europe & Central Asia","High income","0.75","2022"
"SVN","Slovenia","Europe & Central Asia","High income","1.19","2022"
"SWE","Sweden","Europe & Central Asia","High income","1.89","2022"
"SWZ","Eswatini","Sub-Saharan Africa ","Lower middle income","-0.67","2022"
"SXM","Sint Maarten (Dutch part)","Latin America & Caribbean ","High income","",""
"SYC","Seychelles","Sub-Saharan Africa ","High income","0.42","2022"
"SYR","Syrian Arab Republic","Middle East, North Africa, Afghanistan & Pakistan","Low income","-1.69","2022"
"TCA","Turks and Caicos Islands","Latin America & Caribbean ","High income","",""
"TCD","Chad","Sub-Saharan Africa ","Low income","-1.19","2022"
"TGO","Togo","Sub-Saharan Africa ","Lower middle income","-0.96","2022"
"THA","Thailand","East Asia & Pacific","Upper middle income","0.21","2022"
"TJK","Tajikistan","Europe & Central Asia","Lower middle income","-0.85","2022"
"TKM","Turkmenistan","Europe & Central Asia","Upper middle income","-0.61","2022"
"TLS","Timor-Leste","East Asia & Pacific","Lower middle income","-0.5","2022"
"TON","Tonga","East Asia & Pacific","Upper middle income","-0.25","2022"
"TTO","Trinidad and Tobago","Latin America & Caribbean ","High income","0.29","2022"
"TUN","Tunisia","Middle East, North Africa, Afghanistan & Pakistan","Lower middle income","-0.16","2022"
"TUR","Turkiye","Europe & Central Asia","Upper middle income","0","2022"
"TUV","Tuvalu","East Asia & Pacific","Upper middle income","-0.42","2022"
"TZA","Tanzania","Sub-Saharan Africa ","Lower middle income","-0.37","2022"
"UGA","Uganda","Sub-Saharan Africa ","Low income","-0.53","2022"
"UKR","Ukraine","Europe & Central Asia","Upper middle income","-0.66","2022"
"URY","Uruguay","Latin America & Caribbean ","High income","0.97","2022"
"USA","United States","North America","High income","1.39","2022"
"UZB","Uzbekistan","Europe & Central Asia","Lower middle income","-0.33","2022"
"VCT","St. Vincent and the Grenadines","Latin America & Caribbean ","Upper middle income","0.54","2022"
"VEN","Venezuela, RB","Latin America & Caribbean ","Lower middle income","-1.55","2022"
"VGB","British Virgin Islands","Latin America & Caribbean ","High income","",""
"VIR","Virgin Islands (U.S.)","Latin America & Caribbean ","High income","0.35","2022"
"VNM","Viet Nam","East Asia & Pacific","Upper middle income","-0.12","2022"
"VUT","Vanuatu","East Asia & Pacific","Lower middle income","-0.81","2022"
"WSM","Samoa","East Asia & Pacific","Upper middle income","0.19","2022"
"XKX","Kosovo","Europe & Central Asia","Upper middle income","-0.27","2022"
"YEM","Yemen, Rep.","Middle East, North Africa, Afghanistan & Pakistan","Low income","-1.82","2022"
"ZAF","South Africa","Sub-Saharan Africa ","Upper middle income","0.08","2022"
"ZMB","Zambia","Sub-Saharan Africa ","Lower middle income","-0.6","2022"
"ZWE","Zimbabwe","Sub-Saharan Africa ","Lower middle income","-1.06","2022"
